[INFO] Scanning for projects...
[INFO] 
[INFO] -----------------< com.eventhub:eventhub-selenium-bdd >-----------------
[INFO] Building EventHub Selenium Java BDD Framework 1.0.0-SNAPSHOT
[INFO]   from pom.xml
[INFO] --------------------------------[ jar ]---------------------------------
[INFO] 
[INFO] --- resources:3.4.0:resources (default-resources) @ eventhub-selenium-bdd ---
[INFO] skip non existing resourceDirectory /home/runner/work/EventHub-Selenium-BDD/EventHub-Selenium-BDD/src/main/resources
[INFO] 
[INFO] --- compiler:3.13.0:compile (default-compile) @ eventhub-selenium-bdd ---
[INFO] Recompiling the module because of changed source code.
[INFO] Compiling 1 source file with javac [debug release 17] to target/classes
[INFO] 
[INFO] --- resources:3.4.0:testResources (default-testResources) @ eventhub-selenium-bdd ---
[INFO] Copying 34 resources from src/test/resources to target/test-classes
[INFO] 
[INFO] --- compiler:3.13.0:testCompile (default-testCompile) @ eventhub-selenium-bdd ---
[INFO] Recompiling the module because of changed dependency.
[INFO] Compiling 50 source files with javac [debug release 17] to target/test-classes
[INFO] 
[INFO] --- surefire:3.3.1:test (default-test) @ eventhub-selenium-bdd ---
[INFO] Using auto detected provider org.apache.maven.surefire.testng.TestNGProvider
[INFO] 
[INFO] -------------------------------------------------------
[INFO]  T E S T S
[INFO] -------------------------------------------------------
[INFO] Running TestSuite

@api @contract @owner-platform @risk-contract @intent-api-contract @impact-api @p1 @regression @parallel-safe @intent-documentation
Scenario: Internal API contract manifest documents automated endpoints   # src/test/resources/features/api/api_contract.feature:10

@admin @ui @owner-platform @risk-admin @intent-admin @impact-admin @p1 @regression @parallel-safe @negative @intent-validation
Scenario: Admin event form rejects invalid numeric values  # src/test/resources/features/admin/admin_event_management.feature:19

@admin @ui @owner-platform @risk-admin @intent-admin @impact-admin @p1 @regression @parallel-safe @intent-validation
Scenario: Admin event form validates required fields        # src/test/resources/features/admin/admin_event_management.feature:13

@api @contract @owner-platform @risk-contract @intent-api-contract @impact-api @p1 @regression @parallel-safe @intent-auth
Scenario: Authenticated user can retrieve current user profile through API             # src/test/resources/features/api/api_contract.feature:20
  Then the internal API contract should document the automated endpoints # com.eventhub.automation.steps.ApiSteps.theInternalApiContractShouldDocumentTheAutomatedEndpoints()

@api @contract @owner-platform @risk-contract @intent-api-contract @impact-api @p1 @regression @parallel-safe @intent-discovery
Scenario: Event list maps to POJO responses with required business fields          # src/test/resources/features/api/api_contract.feature:32
  When I request the current user profile through the API                              # com.eventhub.automation.steps.ApiSteps.iRequestTheCurrentUserProfileThroughTheApi()
  When I request events through the API                                            # com.eventhub.automation.steps.ApiSteps.iRequestEventsThroughTheApi()
  Then the API current user response should include the registered identity            # com.eventhub.automation.steps.ApiSteps.theApiCurrentUserResponseShouldIncludeTheRegisteredIdentity()
  Then the API events response should map to event list POJOs with business fields # com.eventhub.automation.steps.ApiSteps.theApiEventsResponseShouldMapToEventListPojosWithBusinessFields()
  And the API response should match schema "schemas/current-user-response.schema.json" # com.eventhub.automation.steps.ApiSteps.theApiResponseShouldMatchSchema(java.lang.String)
  And the API response should match schema "schemas/events-response.schema.json"   # com.eventhub.automation.steps.ApiSteps.theApiResponseShouldMatchSchema(java.lang.String)

@api @contract @owner-platform @risk-contract @intent-api-contract @impact-api @p1 @regression @parallel-safe @intent-discovery
Scenario: Authenticated user can retrieve an event detail through API                  # src/test/resources/features/api/api_contract.feature:38

@api @contract @owner-platform @risk-contract @intent-api-contract @impact-api @p1 @regression @parallel-safe @intent-discovery
Scenario: Event detail maps to a POJO with required business fields                      # src/test/resources/features/api/api_contract.feature:44
  When I request event "World Tech Summit" through the API                             # com.eventhub.automation.steps.ApiSteps.iRequestEventThroughTheApi(java.lang.String)
  Then the API event detail response should describe "World Tech Summit"               # com.eventhub.automation.steps.ApiSteps.theApiEventDetailResponseShouldDescribe(java.lang.String)
  And the API response should match schema "schemas/event-detail-response.schema.json" # com.eventhub.automation.steps.ApiSteps.theApiResponseShouldMatchSchema(java.lang.String)

@api @contract @owner-platform @risk-contract @intent-api-contract @impact-api @p1 @regression @negative @parallel-safe @intent-security
Scenario Outline: Protected API rejects invalid or anonymous requests # src/test/resources/features/api/api_contract.feature:73
  When I request event "World Tech Summit" through the API                               # com.eventhub.automation.steps.ApiSteps.iRequestEventThroughTheApi(java.lang.String)
  Then the API event detail response should map to an event POJO for "World Tech Summit" # com.eventhub.automation.steps.ApiSteps.theApiEventDetailResponseShouldMapToAnEventPojoFor(java.lang.String)
  And the API response should match schema "schemas/event-detail-response.schema.json"   # com.eventhub.automation.steps.ApiSteps.theApiResponseShouldMatchSchema(java.lang.String)

@api @contract @owner-platform @risk-contract @intent-api-contract @impact-api @p1 @regression @negative @parallel-safe @intent-security
Scenario Outline: Protected API rejects invalid or anonymous requests            # src/test/resources/features/api/api_contract.feature:74
  When I authenticate through the API with invalid credentials        # com.eventhub.automation.steps.ApiSteps.iAuthenticateThroughTheApiWithInvalidCredentials()
  Then the API should reject the request with status 400              # com.eventhub.automation.steps.ApiSteps.theApiShouldRejectTheRequestWithStatus(int)

@api @contract @owner-platform @risk-contract @intent-api-contract @impact-api @p1 @regression @negative @parallel-safe @intent-security
Scenario Outline: Protected API rejects invalid or anonymous requests # src/test/resources/features/api/api_contract.feature:75
  When I request the current user profile through the API without authentication # com.eventhub.automation.steps.ApiSteps.iRequestTheCurrentUserProfileThroughTheApiWithoutAuthentication()
  Then the API should reject the request with status 401                         # com.eventhub.automation.steps.ApiSteps.theApiShouldRejectTheRequestWithStatus(int)

@api @contract @owner-platform @risk-contract @intent-api-contract @impact-api @p1 @regression @negative @parallel-safe @intent-security
Scenario Outline: Protected API rejects invalid or anonymous requests # src/test/resources/features/api/api_contract.feature:76
  When I request bookings through the API without authentication      # com.eventhub.automation.steps.ApiSteps.iRequestBookingsThroughTheApiWithoutAuthentication()
  Then the API should reject the request with status 401              # com.eventhub.automation.steps.ApiSteps.theApiShouldRejectTheRequestWithStatus(int)

@api @contract @owner-platform @risk-contract @intent-api-contract @impact-api @p1 @regression @negative @parallel-safe @intent-security
Scenario Outline: Protected API rejects invalid or anonymous requests # src/test/resources/features/api/api_contract.feature:77
  When I create a booking through the API without authentication      # com.eventhub.automation.steps.ApiSteps.iCreateABookingThroughTheApiWithoutAuthentication()
  Then the API should reject the request with status 401              # com.eventhub.automation.steps.ApiSteps.theApiShouldRejectTheRequestWithStatus(int)

@api @contract @owner-platform @risk-contract @intent-api-contract @impact-api @p1 @regression @negative @parallel-safe @intent-security
Scenario Outline: Protected API rejects invalid or anonymous requests # src/test/resources/features/api/api_contract.feature:78
  When I request unknown event detail through the API                 # com.eventhub.automation.steps.ApiSteps.iRequestUnknownEventDetailThroughTheApi()
  Then the API should reject the request with status 500              # com.eventhub.automation.steps.ApiSteps.theApiShouldRejectTheRequestWithStatus(int)

@api @contract @owner-platform @risk-contract @intent-api-contract @impact-api @p1 @regression @negative @parallel-safe @intent-security
Scenario Outline: Protected API rejects invalid or anonymous requests # src/test/resources/features/api/api_contract.feature:79
  When I cancel an unknown booking through the API                    # com.eventhub.automation.steps.ApiSteps.iCancelAnUnknownBookingThroughTheApi()
  Then the API should reject the request with status 500              # com.eventhub.automation.steps.ApiSteps.theApiShouldRejectTheRequestWithStatus(int)

@api @contract @owner-platform @risk-contract @intent-api-contract @impact-api @p1 @regression @negative @parallel-safe @intent-contract
Scenario Outline: API error responses follow the error contract # src/test/resources/features/api/api_contract.feature:88
  When I authenticate through the API with invalid credentials  # com.eventhub.automation.steps.ApiSteps.iAuthenticateThroughTheApiWithInvalidCredentials()
  Then the API should reject the request with an error response # com.eventhub.automation.steps.ApiSteps.theApiShouldRejectTheRequestWithAnErrorResponse()

@api @contract @owner-platform @risk-contract @intent-api-contract @impact-api @p1 @regression @negative @parallel-safe @intent-contract
Scenario Outline: API error responses follow the error contract  # src/test/resources/features/api/api_contract.feature:89
  When I create a booking through the API with invalid payload        # com.eventhub.automation.steps.ApiSteps.iCreateABookingThroughTheApiWithInvalidPayload()
  Then the API should reject the request with status 400              # com.eventhub.automation.steps.ApiSteps.theApiShouldRejectTheRequestWithStatus(int)

@api @contract @owner-platform @risk-contract @intent-api-contract @impact-api @p1 @regression @negative @parallel-safe @intent-contract
Scenario Outline: API error responses follow the error contract # src/test/resources/features/api/api_contract.feature:90
  When I request bookings through the API without authentication # com.eventhub.automation.steps.ApiSteps.iRequestBookingsThroughTheApiWithoutAuthentication()
  Then the API should reject the request with an error response  # com.eventhub.automation.steps.ApiSteps.theApiShouldRejectTheRequestWithAnErrorResponse()

@api @contract @owner-platform @risk-contract @intent-api-contract @impact-api @p1 @regression @negative @parallel-safe @intent-contract
Scenario Outline: API error responses follow the error contract # src/test/resources/features/api/api_contract.feature:91
  When I create a booking through the API with invalid payload  # com.eventhub.automation.steps.ApiSteps.iCreateABookingThroughTheApiWithInvalidPayload()
  Then the API should reject the request with an error response # com.eventhub.automation.steps.ApiSteps.theApiShouldRejectTheRequestWithAnErrorResponse()
      io.restassured.module.jsv.JsonSchemaValidationException: com.fasterxml.jackson.core.JsonParseException: Unexpected character ('<' (code 60)): expected a valid value (JSON String, Number, Array, Object or token 'null', 'true' or 'false')
 at [Source: REDACTED (`StreamReadFeature.INCLUDE_SOURCE_IN_LOCATION` disabled); line: 1, column: 1]
	at io.restassured.module.jsv.JsonSchemaValidator.matchesSafely(JsonSchemaValidator.java:233)
	at io.restassured.module.jsv.JsonSchemaValidator.matchesSafely(JsonSchemaValidator.java:75)
	at org.hamcrest.TypeSafeMatcher.matches(TypeSafeMatcher.java:67)
	at io.restassured.internal.assertion.BodyMatcher.validate(BodyMatcher.java:82)
	at io.restassured.internal.assertion.BodyMatcherGroup.lambda$validate$0(BodyMatcherGroup.java:30)
	at java.base/java.util.stream.ReferencePipeline$3$1.accept(ReferencePipeline.java:197)
	at java.base/java.util.ArrayList$ArrayListSpliterator.forEachRemaining(ArrayList.java:1625)
	at java.base/java.util.stream.AbstractPipeline.copyInto(AbstractPipeline.java:509)
	at java.base/java.util.stream.AbstractPipeline.wrapAndCopyInto(AbstractPipeline.java:499)
	at java.base/java.util.stream.ReduceOps$ReduceOp.evaluateSequential(ReduceOps.java:921)
	at java.base/java.util.stream.AbstractPipeline.evaluate(AbstractPipeline.java:234)
	at java.base/java.util.stream.ReferencePipeline.collect(ReferencePipeline.java:682)
	at io.restassured.internal.assertion.BodyMatcherGroup.validate(BodyMatcherGroup.java:30)
	at io.restassured.internal.assertion.BodyMatcherGroup$validate$6.call(Unknown Source)
	at io.restassured.internal.ResponseSpecificationImpl$HamcrestAssertionClosure.validate(ResponseSpecificationImpl.groovy:499)
	at io.restassured.internal.ResponseSpecificationImpl$HamcrestAssertionClosure$validate$1.call(Unknown Source)
	at io.restassured.internal.ResponseSpecificationImpl.validateResponseIfRequired(ResponseSpecificationImpl.groovy:696)
	at io.restassured.internal.ResponseSpecificationImpl.this$2$validateResponseIfRequired(ResponseSpecificationImpl.groovy)
	at java.base/jdk.internal.reflect.NativeMethodAccessorImpl.invoke0(Native Method)
	at java.base/jdk.internal.reflect.NativeMethodAccessorImpl.invoke(NativeMethodAccessorImpl.java:77)
	at java.base/jdk.internal.reflect.DelegatingMethodAccessorImpl.invoke(DelegatingMethodAccessorImpl.java:43)
	at java.base/java.lang.reflect.Method.invoke(Method.java:569)
	at org.codehaus.groovy.runtime.callsite.PlainObjectMetaMethodSite.doInvoke(PlainObjectMetaMethodSite.java:43)
	at org.codehaus.groovy.runtime.callsite.PogoMetaMethodSite$PogoCachedMethodSiteNoUnwrapNoCoerce.invoke(PogoMetaMethodSite.java:198)
	at org.codehaus.groovy.runtime.callsite.PogoMetaMethodSite.callCurrent(PogoMetaMethodSite.java:62)
	at org.codehaus.groovy.runtime.callsite.AbstractCallSite.callCurrent(AbstractCallSite.java:185)
	at io.restassured.internal.ResponseSpecificationImpl.body(ResponseSpecificationImpl.groovy:107)
	at io.restassured.internal.ValidatableResponseOptionsImpl.body(ValidatableResponseOptionsImpl.java:238)
	at com.eventhub.automation.api.ApiAssertions.assertMatchesSchema(ApiAssertions.java:145)
	at com.eventhub.automation.steps.ApiSteps.theApiShouldRejectTheRequestWithAnErrorResponse(ApiSteps.java:241)
	at ✽.the API should reject the request with an error response(file:///home/runner/work/EventHub-Selenium-BDD/EventHub-Selenium-BDD/src/test/resources/features/api/api_contract.feature:84)
Caused by: com.fasterxml.jackson.core.JsonParseException: Unexpected character ('<' (code 60)): expected a valid value (JSON String, Number, Array, Object or token 'null', 'true' or 'false')
 at [Source: REDACTED (`StreamReadFeature.INCLUDE_SOURCE_IN_LOCATION` disabled); line: 1, column: 1]
	at com.fasterxml.jackson.core.JsonParser._constructReadException(JsonParser.java:2648)
	at com.fasterxml.jackson.core.base.ParserMinimalBase._reportUnexpectedChar(ParserMinimalBase.java:685)
	at com.fasterxml.jackson.core.json.ReaderBasedJsonParser._handleOddValue(ReaderBasedJsonParser.java:2055)
	at com.fasterxml.jackson.core.json.ReaderBasedJsonParser.nextToken(ReaderBasedJsonParser.java:780)
	at com.fasterxml.jackson.databind.MappingIterator.hasNextValue(MappingIterator.java:246)
	at com.github.fge.jackson.JsonNodeReader.readNode(JsonNodeReader.java:149)
	at com.github.fge.jackson.JsonNodeReader.fromReader(JsonNodeReader.java:129)
	at com.github.fge.jackson.JsonLoader.fromReader(JsonLoader.java:186)
	at com.github.fge.jackson.JsonLoader.fromString(JsonLoader.java:199)
	at io.restassured.module.jsv.JsonSchemaValidator.matchesSafely(JsonSchemaValidator.java:214)
	at io.restassured.module.jsv.JsonSchemaValidator.matchesSafely(JsonSchemaValidator.java:75)
	at org.hamcrest.TypeSafeMatcher.matches(TypeSafeMatcher.java:67)
	at io.restassured.internal.assertion.BodyMatcher.validate(BodyMatcher.java:82)
	at io.restassured.internal.assertion.BodyMatcherGroup.lambda$validate$0(BodyMatcherGroup.java:30)
	at java.base/java.util.stream.ReferencePipeline$3$1.accept(ReferencePipeline.java:197)
	at java.base/java.util.ArrayList$ArrayListSpliterator.forEachRemaining(ArrayList.java:1625)
	at java.base/java.util.stream.AbstractPipeline.copyInto(AbstractPipeline.java:509)
	at java.base/java.util.stream.AbstractPipeline.wrapAndCopyInto(AbstractPipeline.java:499)
	at java.base/java.util.stream.ReduceOps$ReduceOp.evaluateSequential(ReduceOps.java:921)
	at java.base/java.util.stream.AbstractPipeline.evaluate(AbstractPipeline.java:234)
	at java.base/java.util.stream.ReferencePipeline.collect(ReferencePipeline.java:682)
	at io.restassured.internal.assertion.BodyMatcherGroup.validate(BodyMatcherGroup.java:30)
	at io.restassured.internal.assertion.BodyMatcherGroup$validate$6.call(Unknown Source)
	at io.restassured.internal.ResponseSpecificationImpl$HamcrestAssertionClosure.validate(ResponseSpecificationImpl.groovy:499)
	at io.restassured.internal.ResponseSpecificationImpl$HamcrestAssertionClosure$validate$1.call(Unknown Source)
	at io.restassured.internal.ResponseSpecificationImpl.validateResponseIfRequired(ResponseSpecificationImpl.groovy:696)
	at io.restassured.internal.ResponseSpecificationImpl.this$2$validateResponseIfRequired(ResponseSpecificationImpl.groovy)
	at java.base/jdk.internal.reflect.NativeMethodAccessorImpl.invoke0(Native Method)
	at java.base/jdk.internal.reflect.NativeMethodAccessorImpl.invoke(NativeMethodAccessorImpl.java:77)
	at java.base/jdk.internal.reflect.DelegatingMethodAccessorImpl.invoke(DelegatingMethodAccessorImpl.java:43)
	at java.base/java.lang.reflect.Method.invoke(Method.java:569)
	at org.codehaus.groovy.runtime.callsite.PlainObjectMetaMethodSite.doInvoke(PlainObjectMetaMethodSite.java:43)
	at org.codehaus.groovy.runtime.callsite.PogoMetaMethodSite$PogoCachedMethodSiteNoUnwrapNoCoerce.invoke(PogoMetaMethodSite.java:198)
	at org.codehaus.groovy.runtime.callsite.PogoMetaMethodSite.callCurrent(PogoMetaMethodSite.java:62)
	at org.codehaus.groovy.runtime.callsite.AbstractCallSite.callCurrent(AbstractCallSite.java:185)
	at io.restassured.internal.ResponseSpecificationImpl.body(ResponseSpecificationImpl.groovy:107)
	at io.restassured.internal.ValidatableResponseOptionsImpl.body(ValidatableResponseOptionsImpl.java:238)
	at com.eventhub.automation.api.ApiAssertions.assertMatchesSchema(ApiAssertions.java:145)
	at com.eventhub.automation.steps.ApiSteps.theApiShouldRejectTheRequestWithAnErrorResponse(ApiSteps.java:241)
	at java.base/jdk.internal.reflect.NativeMethodAccessorImpl.invoke0(Native Method)
	at java.base/jdk.internal.reflect.NativeMethodAccessorImpl.invoke(NativeMethodAccessorImpl.java:77)
	at java.base/jdk.internal.reflect.DelegatingMethodAccessorImpl.invoke(DelegatingMethodAccessorImpl.java:43)
	at java.base/java.lang.reflect.Method.invoke(Method.java:569)
	at io.cucumber.java.Invoker.doInvoke(Invoker.java:66)
	at io.cucumber.java.Invoker.invoke(Invoker.java:24)
	at io.cucumber.java.AbstractGlueDefinition.invokeMethod(AbstractGlueDefinition.java:47)
	at io.cucumber.java.JavaStepDefinition.execute(JavaStepDefinition.java:29)
	at io.cucumber.core.runner.CoreStepDefinition.execute(CoreStepDefinition.java:66)
	at io.cucumber.core.runner.PickleStepDefinitionMatch.runStep(PickleStepDefinitionMatch.java:63)
	at io.cucumber.core.runner.ExecutionMode$1.execute(ExecutionMode.java:10)
	at io.cucumber.core.runner.TestStep.executeStep(TestStep.java:81)
	at io.cucumber.core.runner.TestStep.run(TestStep.java:53)
	at io.cucumber.core.runner.PickleStepTestStep.run(PickleStepTestStep.java:51)
	at io.cucumber.core.runner.TestCase.run(TestCase.java:84)
	at io.cucumber.core.runner.Runner.runPickle(Runner.java:75)
	at io.cucumber.testng.TestNGCucumberRunner.lambda$runScenario$1(TestNGCucumberRunner.java:132)
	at io.cucumber.core.runtime.CucumberExecutionContext.lambda$runTestCase$5(CucumberExecutionContext.java:136)
	at io.cucumber.core.runtime.RethrowingThrowableCollector.executeAndThrow(RethrowingThrowableCollector.java:23)
	at io.cucumber.core.runtime.CucumberExecutionContext.runTestCase(CucumberExecutionContext.java:136)
	at io.cucumber.testng.TestNGCucumberRunner.runScenario(TestNGCucumberRunner.java:129)
	at io.cucumber.testng.AbstractTestNGCucumberTests.runScenario(AbstractTestNGCucumberTests.java:35)
	at com.eventhub.automation.runners.ParallelCucumberTestRunner.runScenario(ParallelCucumberTestRunner.java:35)
	at java.base/jdk.internal.reflect.NativeMethodAccessorImpl.invoke0(Native Method)
	at java.base/jdk.internal.reflect.NativeMethodAccessorImpl.invoke(NativeMethodAccessorImpl.java:77)
	at java.base/jdk.internal.reflect.DelegatingMethodAccessorImpl.invoke(DelegatingMethodAccessorImpl.java:43)
	at java.base/java.lang.reflect.Method.invoke(Method.java:569)
	at org.testng.internal.invokers.MethodInvocationHelper.invokeMethod(MethodInvocationHelper.java:141)
	at org.testng.internal.invokers.TestInvoker.invokeMethod(TestInvoker.java:686)
	at org.testng.internal.invokers.TestInvoker.invokeTestMethod(TestInvoker.java:230)
	at org.testng.internal.invokers.TestMethodWithDataProviderMethodWorker.call(TestMethodWithDataProviderMethodWorker.java:81)
	at org.testng.internal.thread.Async$AsyncTask.run(Async.java:34)
	at java.base/java.util.concurrent.ThreadPoolExecutor.runWorker(ThreadPoolExecutor.java:1136)
	at java.base/java.util.concurrent.ThreadPoolExecutor$Worker.run(ThreadPoolExecutor.java:635)
	at java.base/java.lang.Thread.run(Thread.java:840)


@api @contract @owner-platform @risk-contract @intent-api-contract @impact-api @p1 @regression @negative @parallel-safe @intent-contract
Scenario Outline: Malformed booking payloads are rejected by the API contract       # src/test/resources/features/api/api_contract.feature:100
  When I create an event through the API with invalid payload   # com.eventhub.automation.steps.ApiSteps.iCreateAnEventThroughTheApiWithInvalidPayload()
  Then the API should reject the request with an error response # com.eventhub.automation.steps.ApiSteps.theApiShouldRejectTheRequestWithAnErrorResponse()

@api @contract @owner-platform @risk-contract @intent-api-contract @impact-api @p1 @regression @negative @parallel-safe @intent-contract
Scenario Outline: Malformed booking payloads are rejected by the API contract            # src/test/resources/features/api/api_contract.feature:101
  When I create a booking through the API with malformed payload "missing event id" # com.eventhub.automation.steps.ApiSteps.iCreateABookingThroughTheApiWithMalformedPayload(java.lang.String)
  Then the API should reject the request with an error response                     # com.eventhub.automation.steps.ApiSteps.theApiShouldRejectTheRequestWithAnErrorResponse()

@api @contract @owner-platform @risk-contract @intent-api-contract @impact-api @p1 @regression @negative @parallel-safe @intent-contract
Scenario Outline: Malformed booking payloads are rejected by the API contract        # src/test/resources/features/api/api_contract.feature:102
  When I create a booking through the API with malformed payload "invalid quantity type" # com.eventhub.automation.steps.ApiSteps.iCreateABookingThroughTheApiWithMalformedPayload(java.lang.String)
  Then the API should reject the request with an error response                          # com.eventhub.automation.steps.ApiSteps.theApiShouldRejectTheRequestWithAnErrorResponse()

@api @contract @owner-platform @risk-contract @intent-api-contract @impact-api @p1 @regression @negative @parallel-safe @intent-contract
Scenario Outline: Malformed event payloads are rejected by the API contract     # src/test/resources/features/api/api_contract.feature:111
  When I create an event through the API with malformed payload "missing title" # com.eventhub.automation.steps.ApiSteps.iCreateAnEventThroughTheApiWithMalformedPayload(java.lang.String)
  Then the API should reject the request with an error response                 # com.eventhub.automation.steps.ApiSteps.theApiShouldRejectTheRequestWithAnErrorResponse()

@api @contract @owner-platform @risk-contract @intent-api-contract @impact-api @p1 @regression @negative @parallel-safe @intent-contract
Scenario Outline: Malformed event payloads are rejected by the API contract          # src/test/resources/features/api/api_contract.feature:112
  When I create a booking through the API with malformed payload "negative quantity" # com.eventhub.automation.steps.ApiSteps.iCreateABookingThroughTheApiWithMalformedPayload(java.lang.String)
  Then the API should reject the request with an error response                      # com.eventhub.automation.steps.ApiSteps.theApiShouldRejectTheRequestWithAnErrorResponse()

@api @contract @owner-platform @risk-contract @intent-api-contract @impact-api @p1 @regression @negative @parallel-safe @intent-contract
Scenario Outline: Malformed event payloads are rejected by the API contract      # src/test/resources/features/api/api_contract.feature:113
  When I create an event through the API with malformed payload "invalid price type" # com.eventhub.automation.steps.ApiSteps.iCreateAnEventThroughTheApiWithMalformedPayload(java.lang.String)
  Then the API should reject the request with an error response                      # com.eventhub.automation.steps.ApiSteps.theApiShouldRejectTheRequestWithAnErrorResponse()

@auth @ui @owner-platform @risk-auth @intent-auth @impact-auth @p1 @regression @parallel-safe @critical @intent-session
Scenario: Authenticated session survives page refresh # src/test/resources/features/auth/login.feature:13
  When I create an event through the API with malformed payload "negative seats" # com.eventhub.automation.steps.ApiSteps.iCreateAnEventThroughTheApiWithMalformedPayload(java.lang.String)
  Then the API should reject the request with an error response                  # com.eventhub.automation.steps.ApiSteps.theApiShouldRejectTheRequestWithAnErrorResponse()

@auth @ui @owner-platform @risk-auth @intent-auth @impact-auth @p1 @regression @parallel-safe @intent-validation
Scenario: Login form validates required credentials         # src/test/resources/features/auth/login.feature:19
Aug 29, 2026 2:53:57 AM org.openqa.selenium.devtools.CdpVersionFinder findNearestMatch
WARNING: Unable to find an exact match for CDP version 151, returning the closest version; found: 149; Please update to a Selenium version that supports CDP version 151
Aug 29, 2026 2:53:57 AM org.openqa.selenium.devtools.CdpVersionFinder findNearestMatch
WARNING: Unable to find an exact match for CDP version 151, returning the closest version; found: 149; Please update to a Selenium version that supports CDP version 151
Aug 29, 2026 2:53:57 AM org.openqa.selenium.devtools.CdpVersionFinder findNearestMatch
WARNING: Unable to find an exact match for CDP version 151, returning the closest version; found: 149; Please update to a Selenium version that supports CDP version 151
Aug 29, 2026 2:53:57 AM org.openqa.selenium.devtools.CdpVersionFinder findNearestMatch
WARNING: Unable to find an exact match for CDP version 151, returning the closest version; found: 149; Please update to a Selenium version that supports CDP version 151
  Given I am on the EventHub login page                     # com.eventhub.automation.steps.AuthSteps.iAmOnTheEventHubLoginPage()
  When I submit the login form without credentials          # com.eventhub.automation.steps.AuthSteps.iSubmitTheLoginFormWithoutCredentials()
  Then the login form should show required field validation # com.eventhub.automation.steps.AuthSteps.theLoginFormShouldShowRequiredFieldValidation()

@auth @ui @owner-platform @risk-auth @intent-auth @impact-auth @p1 @regression @parallel-safe @negative @intent-validation
Scenario Outline: Invalid credentials are rejected # src/test/resources/features/auth/login.feature:32
Aug 29, 2026 2:54:01 AM org.openqa.selenium.devtools.CdpVersionFinder findNearestMatch
WARNING: Unable to find an exact match for CDP version 151, returning the closest version; found: 149; Please update to a Selenium version that supports CDP version 151
  Given I am signed in to EventHub                         # com.eventhub.automation.steps.AuthSteps.iAmSignedInToEventHub()
  Given I am signed in to EventHub                    # com.eventhub.automation.steps.AuthSteps.iAmSignedInToEventHub()
  Given I am on the EventHub login page            # com.eventhub.automation.steps.AuthSteps.iAmOnTheEventHubLoginPage()
  Given I am signed in to EventHub                          # com.eventhub.automation.steps.AuthSteps.iAmSignedInToEventHub()
  When I sign in with password "WrongPassword@123" # com.eventhub.automation.steps.AuthSteps.iSignInWithPassword(java.lang.String)
  When I refresh the current page                     # com.eventhub.automation.steps.AuthSteps.iRefreshTheCurrentPage()
  Then I should see the authenticated navigation      # com.eventhub.automation.steps.AuthSteps.iShouldSeeTheAuthenticatedNavigation()
  When I open the Admin Events page                        # com.eventhub.automation.steps.AdminSteps.iOpenTheAdminEventsPage()
  When I open the Admin Events page                         # com.eventhub.automation.steps.AdminSteps.iOpenTheAdminEventsPage()

@auth @ui @owner-platform @risk-auth @intent-auth @impact-auth @p1 @regression @parallel-safe @negative @intent-validation
Scenario Outline: Invalid credentials are rejected # src/test/resources/features/auth/login.feature:33
  And I submit the admin event form without required fields # com.eventhub.automation.steps.AdminSteps.iSubmitTheAdminEventFormWithoutRequiredFields()
  Then I should see a login error                  # com.eventhub.automation.steps.AuthSteps.iShouldSeeALoginError()
  Then the admin form should show required field validation # com.eventhub.automation.steps.AdminSteps.theAdminFormShouldShowRequiredFieldValidation()

@auth @ui @owner-platform @risk-auth @intent-auth @impact-auth @p2 @regression @parallel-safe @intent-navigation
Scenario: Register link opens account registration # src/test/resources/features/auth/login.feature:36

@auth @ui @owner-platform @risk-auth @intent-auth @impact-auth @p0 @regression @parallel-safe @critical @intent-security
Scenario: Anonymous user is redirected from protected route # src/test/resources/features/auth/login.feature:42
Aug 29, 2026 2:54:06 AM org.openqa.selenium.devtools.CdpVersionFinder findNearestMatch
WARNING: Unable to find an exact match for CDP version 151, returning the closest version; found: 149; Please update to a Selenium version that supports CDP version 151
Aug 29, 2026 2:54:07 AM org.openqa.selenium.devtools.CdpVersionFinder findNearestMatch
WARNING: Unable to find an exact match for CDP version 151, returning the closest version; found: 149; Please update to a Selenium version that supports CDP version 151
  And I submit an admin event with invalid price and seats # com.eventhub.automation.steps.AdminSteps.iSubmitAnAdminEventWithInvalidPriceAndSeats()
  Then the admin numeric fields should show validation     # com.eventhub.automation.steps.AdminSteps.theAdminNumericFieldsShouldShowValidation()

@auth @ui @owner-platform @risk-auth @intent-auth @impact-auth @p0 @regression @parallel-safe @critical @intent-security
Scenario: Anonymous user is redirected from the admin route # src/test/resources/features/auth/login.feature:48
Aug 29, 2026 2:54:08 AM org.openqa.selenium.devtools.CdpVersionFinder findNearestMatch
WARNING: Unable to find an exact match for CDP version 151, returning the closest version; found: 149; Please update to a Selenium version that supports CDP version 151
Aug 29, 2026 2:54:08 AM org.openqa.selenium.devtools.CdpVersionFinder findNearestMatch
WARNING: Unable to find an exact match for CDP version 151, returning the closest version; found: 149; Please update to a Selenium version that supports CDP version 151
  Given I am on the EventHub login page            # com.eventhub.automation.steps.AuthSteps.iAmOnTheEventHubLoginPage()
  When I sign in with password "Test@12345"        # com.eventhub.automation.steps.AuthSteps.iSignInWithPassword(java.lang.String)
  Given I am on the EventHub login page            # com.eventhub.automation.steps.AuthSteps.iAmOnTheEventHubLoginPage()
  Given I am an anonymous visitor                           # com.eventhub.automation.steps.AuthSteps.iAmAnAnonymousVisitor()
  When I open the registration page from login     # com.eventhub.automation.steps.AuthSteps.iOpenTheRegistrationPageFromLogin()
  Then I should be on the registration page        # com.eventhub.automation.steps.AuthSteps.iShouldBeOnTheRegistrationPage()
  Given I am an anonymous visitor                           # com.eventhub.automation.steps.AuthSteps.iAmAnAnonymousVisitor()

@auth @ui @owner-platform @risk-auth @intent-auth @impact-auth @p1 @regression @parallel-safe @intent-session
Scenario: Authenticated user can directly open a protected route # src/test/resources/features/auth/login.feature:54
  When I directly open protected route "/bookings"          # com.eventhub.automation.steps.AuthSteps.iDirectlyOpenProtectedRoute(java.lang.String)
  Then I should see a login error                  # com.eventhub.automation.steps.AuthSteps.iShouldSeeALoginError()
Aug 29, 2026 2:54:11 AM org.openqa.selenium.devtools.CdpVersionFinder findNearestMatch
WARNING: Unable to find an exact match for CDP version 151, returning the closest version; found: 149; Please update to a Selenium version that supports CDP version 151

@auth @ui @owner-platform @risk-auth @intent-auth @impact-auth @p1 @regression @parallel-safe @intent-session
Scenario Outline: Authenticated session survives refresh on protected pages # src/test/resources/features/auth/login.feature:68
  When I directly open protected route "/admin/events"      # com.eventhub.automation.steps.AuthSteps.iDirectlyOpenProtectedRoute(java.lang.String)
  Then I should be returned to the login page               # com.eventhub.automation.steps.AuthSteps.iShouldBeReturnedToTheLoginPage()
Aug 29, 2026 2:54:11 AM org.openqa.selenium.devtools.CdpVersionFinder findNearestMatch
WARNING: Unable to find an exact match for CDP version 151, returning the closest version; found: 149; Please update to a Selenium version that supports CDP version 151

@auth @ui @owner-platform @risk-auth @intent-auth @impact-auth @p1 @regression @parallel-safe @intent-session
Scenario Outline: Authenticated session survives refresh on protected pages # src/test/resources/features/auth/login.feature:69
  Then I should be returned to the login page               # com.eventhub.automation.steps.AuthSteps.iShouldBeReturnedToTheLoginPage()

@auth @ui @owner-platform @risk-auth @intent-auth @impact-auth @p1 @regression @parallel-safe @intent-session
Scenario Outline: Authenticated session survives refresh on protected pages # src/test/resources/features/auth/login.feature:70
Aug 29, 2026 2:54:12 AM org.openqa.selenium.devtools.CdpVersionFinder findNearestMatch
WARNING: Unable to find an exact match for CDP version 151, returning the closest version; found: 149; Please update to a Selenium version that supports CDP version 151
Aug 29, 2026 2:54:12 AM org.openqa.selenium.devtools.CdpVersionFinder findNearestMatch
WARNING: Unable to find an exact match for CDP version 151, returning the closest version; found: 149; Please update to a Selenium version that supports CDP version 151
  Given I am signed in to EventHub                               # com.eventhub.automation.steps.AuthSteps.iAmSignedInToEventHub()
  Given I am signed in to EventHub                                          # com.eventhub.automation.steps.AuthSteps.iAmSignedInToEventHub()
  Given I am signed in to EventHub                                          # com.eventhub.automation.steps.AuthSteps.iAmSignedInToEventHub()
  When I directly open protected route "/bookings"               # com.eventhub.automation.steps.AuthSteps.iDirectlyOpenProtectedRoute(java.lang.String)
  Then the My Bookings page should be loaded                     # com.eventhub.automation.steps.NavigationSteps.theMyBookingsPageShouldBeLoaded()

@auth @ui @owner-platform @risk-auth @intent-auth @impact-auth @p1 @regression @parallel-safe @negative @intent-security @impact-events
Scenario: Anonymous user is redirected from an event detail deep link # src/test/resources/features/auth/login.feature:73
Aug 29, 2026 2:54:16 AM org.openqa.selenium.devtools.CdpVersionFinder findNearestMatch
WARNING: Unable to find an exact match for CDP version 151, returning the closest version; found: 149; Please update to a Selenium version that supports CDP version 151
  When I directly open protected route "/events"                            # com.eventhub.automation.steps.AuthSteps.iDirectlyOpenProtectedRoute(java.lang.String)
  Given I am signed in to EventHub                                          # com.eventhub.automation.steps.AuthSteps.iAmSignedInToEventHub()
  When I directly open protected route "/bookings"                          # com.eventhub.automation.steps.AuthSteps.iDirectlyOpenProtectedRoute(java.lang.String)
  And I refresh the current page                                            # com.eventhub.automation.steps.AuthSteps.iRefreshTheCurrentPage()
  Then protected page "events" should remain loaded                         # com.eventhub.automation.steps.AuthSteps.protectedPageShouldRemainLoaded(java.lang.String)

@bookings @ui @owner-platform @risk-revenue @intent-booking @impact-bookings @p1 @regression @parallel-safe
Scenario: Event detail page shows booking form and event content # src/test/resources/features/bookings/booking_lifecycle.feature:51
  And I refresh the current page                                            # com.eventhub.automation.steps.AuthSteps.iRefreshTheCurrentPage()
  Then protected page "bookings" should remain loaded                       # com.eventhub.automation.steps.AuthSteps.protectedPageShouldRemainLoaded(java.lang.String)
Aug 29, 2026 2:54:18 AM org.openqa.selenium.devtools.CdpVersionFinder findNearestMatch
WARNING: Unable to find an exact match for CDP version 151, returning the closest version; found: 149; Please update to a Selenium version that supports CDP version 151

@bookings @ui @owner-platform @risk-revenue @intent-booking @impact-bookings @p1 @regression @parallel-safe
Scenario: Ticket quantity controls update the booking total          # src/test/resources/features/bookings/booking_lifecycle.feature:56
  When I directly open protected route "/admin/events"                      # com.eventhub.automation.steps.AuthSteps.iDirectlyOpenProtectedRoute(java.lang.String)
  Given I am an anonymous visitor                                     # com.eventhub.automation.steps.AuthSteps.iAmAnAnonymousVisitor()
Aug 29, 2026 2:54:19 AM org.openqa.selenium.devtools.CdpVersionFinder findNearestMatch
WARNING: Unable to find an exact match for CDP version 151, returning the closest version; found: 149; Please update to a Selenium version that supports CDP version 151
  And I refresh the current page                                            # com.eventhub.automation.steps.AuthSteps.iRefreshTheCurrentPage()
  Then protected page "admin events" should remain loaded                   # com.eventhub.automation.steps.AuthSteps.protectedPageShouldRemainLoaded(java.lang.String)

@bookings @ui @owner-platform @risk-revenue @intent-booking @impact-bookings @p1 @regression @parallel-safe @negative @intent-capacity
Scenario: Ticket quantity cannot be decreased below one              # src/test/resources/features/bookings/booking_lifecycle.feature:66
  When I directly open event detail for event "World Tech Summit"     # com.eventhub.automation.steps.EventSteps.iDirectlyOpenEventDetailForEvent(java.lang.String)
Aug 29, 2026 2:54:21 AM org.openqa.selenium.devtools.CdpVersionFinder findNearestMatch
WARNING: Unable to find an exact match for CDP version 151, returning the closest version; found: 149; Please update to a Selenium version that supports CDP version 151
  Then I should be returned to the login page                         # com.eventhub.automation.steps.AuthSteps.iShouldBeReturnedToTheLoginPage()

@bookings @ui @owner-platform @risk-revenue @intent-booking @impact-bookings @p1 @regression @parallel-safe @negative @intent-validation
Scenario Outline: Booking form validates invalid customer data                   # src/test/resources/features/bookings/booking_lifecycle.feature:88
Aug 29, 2026 2:54:22 AM org.openqa.selenium.devtools.CdpVersionFinder findNearestMatch
WARNING: Unable to find an exact match for CDP version 151, returning the closest version; found: 149; Please update to a Selenium version that supports CDP version 151
  Given I am signed in to EventHub                               # com.eventhub.automation.steps.AuthSteps.iAmSignedInToEventHub()
  Given I am signed in to EventHub                                   # com.eventhub.automation.steps.AuthSteps.iAmSignedInToEventHub()
  When I open details for a bookable event                       # com.eventhub.automation.steps.BookingSteps.iOpenDetailsForABookableEvent()
  Then I should see the event detail booking panel               # com.eventhub.automation.steps.BookingSteps.iShouldSeeTheEventDetailBookingPanel()

@bookings @ui @owner-platform @risk-revenue @intent-booking @impact-bookings @p1 @regression @parallel-safe @negative @intent-validation
Scenario Outline: Booking form validates invalid customer data                   # src/test/resources/features/bookings/booking_lifecycle.feature:89
  Given I am signed in to EventHub                                   # com.eventhub.automation.steps.AuthSteps.iAmSignedInToEventHub()
Aug 29, 2026 2:54:26 AM org.openqa.selenium.devtools.CdpVersionFinder findNearestMatch
WARNING: Unable to find an exact match for CDP version 151, returning the closest version; found: 149; Please update to a Selenium version that supports CDP version 151
  Given I am signed in to EventHub                                               # com.eventhub.automation.steps.AuthSteps.iAmSignedInToEventHub()
  When I open details for a bookable event                                       # com.eventhub.automation.steps.BookingSteps.iOpenDetailsForABookableEvent()
  When I open details for an event with at least 4 available tickets # com.eventhub.automation.steps.BookingSteps.iOpenDetailsForAnEventWithAtLeastAvailableTickets(int)
  Then the ticket quantity should be 1                               # com.eventhub.automation.steps.BookingSteps.theTicketQuantityShouldBe(int)
  And the ticket decrement control should be disabled                # com.eventhub.automation.steps.BookingSteps.theTicketDecrementControlShouldBeDisabled()
  When I increase tickets by 1                                       # com.eventhub.automation.steps.BookingSteps.iIncreaseTicketsBy(int)
  Then the ticket quantity should be 2                               # com.eventhub.automation.steps.BookingSteps.theTicketQuantityShouldBe(int)
  When I decrease tickets by 1                                       # com.eventhub.automation.steps.BookingSteps.iDecreaseTicketsBy(int)
  Then the ticket quantity should be 1                               # com.eventhub.automation.steps.BookingSteps.theTicketQuantityShouldBe(int)

@bookings @ui @owner-platform @risk-revenue @intent-booking @impact-bookings @p1 @regression @parallel-safe @intent-validation
Scenario: Booking form validates required customer details    # src/test/resources/features/bookings/booking_lifecycle.feature:92
Aug 29, 2026 2:54:28 AM org.openqa.selenium.devtools.CdpVersionFinder findNearestMatch
WARNING: Unable to find an exact match for CDP version 151, returning the closest version; found: 149; Please update to a Selenium version that supports CDP version 151
  And I enter booking customer email "invalid-email" and phone "+91 98765 43210" # com.eventhub.automation.steps.BookingSteps.iEnterBookingCustomerEmailAndPhone(java.lang.String,java.lang.String)
  Then the booking email field should be invalid                                 # com.eventhub.automation.steps.BookingSteps.theBookingEmailFieldShouldBeInvalid()

@bookings @ui @owner-platform @risk-revenue @intent-booking @impact-bookings @p2 @regression @parallel-safe @intent-validation
Scenario: Booking form accepts generated valid customer data before submit # src/test/resources/features/bookings/booking_lifecycle.feature:98
  When I open details for an event with at least 4 available tickets # com.eventhub.automation.steps.BookingSteps.iOpenDetailsForAnEventWithAtLeastAvailableTickets(int)
Aug 29, 2026 2:54:30 AM org.openqa.selenium.devtools.CdpVersionFinder findNearestMatch
WARNING: Unable to find an exact match for CDP version 151, returning the closest version; found: 149; Please update to a Selenium version that supports CDP version 151
  And I attempt to decrease tickets by 3                             # com.eventhub.automation.steps.BookingSteps.iAttemptToDecreaseTicketsBy(int)
  Given I am signed in to EventHub                                               # com.eventhub.automation.steps.AuthSteps.iAmSignedInToEventHub()
  Then the ticket quantity should be 1                               # com.eventhub.automation.steps.BookingSteps.theTicketQuantityShouldBe(int)
  And the ticket decrement control should be disabled                # com.eventhub.automation.steps.BookingSteps.theTicketDecrementControlShouldBeDisabled()

@events @ui @owner-platform @risk-discovery @intent-discovery @impact-events @p1 @regression @parallel-safe
Scenario Outline: User can search for events by keyword # src/test/resources/features/events/event_discovery.feature:20
Aug 29, 2026 2:54:31 AM org.openqa.selenium.devtools.CdpVersionFinder findNearestMatch
WARNING: Unable to find an exact match for CDP version 151, returning the closest version; found: 149; Please update to a Selenium version that supports CDP version 151
  When I open details for a bookable event                                       # com.eventhub.automation.steps.BookingSteps.iOpenDetailsForABookableEvent()
  Given I am signed in to EventHub                            # com.eventhub.automation.steps.AuthSteps.iAmSignedInToEventHub()
  And I enter booking customer email "gauravarora1091@gmail.com" and phone "123" # com.eventhub.automation.steps.BookingSteps.iEnterBookingCustomerEmailAndPhone(java.lang.String,java.lang.String)
  Then the booking phone field should be invalid                                 # com.eventhub.automation.steps.BookingSteps.theBookingPhoneFieldShouldBeInvalid()

@events @ui @owner-platform @risk-discovery @intent-discovery @impact-events @p1 @regression @parallel-safe
Scenario Outline: User can search for events by keyword # src/test/resources/features/events/event_discovery.feature:21
Aug 29, 2026 2:54:34 AM org.openqa.selenium.devtools.CdpVersionFinder findNearestMatch
WARNING: Unable to find an exact match for CDP version 151, returning the closest version; found: 149; Please update to a Selenium version that supports CDP version 151
  Given I am signed in to EventHub                                         # com.eventhub.automation.steps.AuthSteps.iAmSignedInToEventHub()
  When I open details for a bookable event                    # com.eventhub.automation.steps.BookingSteps.iOpenDetailsForABookableEvent()
  Given I am signed in to EventHub                      # com.eventhub.automation.steps.AuthSteps.iAmSignedInToEventHub()
  And I submit the booking form without customer details      # com.eventhub.automation.steps.BookingSteps.iSubmitTheBookingFormWithoutCustomerDetails()
  Then the booking form should show required field validation # com.eventhub.automation.steps.BookingSteps.theBookingFormShouldShowRequiredFieldValidation()

@events @ui @owner-platform @risk-discovery @intent-discovery @impact-events @p1 @regression @parallel-safe
Scenario Outline: User can search for events by keyword # src/test/resources/features/events/event_discovery.feature:22
  When I open the Events page                           # com.eventhub.automation.steps.EventSteps.iOpenTheEventsPage()
Aug 29, 2026 2:54:36 AM org.openqa.selenium.devtools.CdpVersionFinder findNearestMatch
WARNING: Unable to find an exact match for CDP version 151, returning the closest version; found: 149; Please update to a Selenium version that supports CDP version 151
  And I search events for "Dilli Diwali Mela"           # com.eventhub.automation.steps.EventSteps.iSearchEventsFor(java.lang.String)
  Then I should see event "Dilli Diwali Mela"           # com.eventhub.automation.steps.EventSteps.iShouldSeeEvent(java.lang.String)

@events @ui @owner-platform @risk-discovery @intent-discovery @impact-events @p1 @regression @parallel-safe
Scenario: User can search for an event by title and exclude unrelated cards # src/test/resources/features/events/event_discovery.feature:25
Aug 29, 2026 2:54:37 AM org.openqa.selenium.devtools.CdpVersionFinder findNearestMatch
WARNING: Unable to find an exact match for CDP version 151, returning the closest version; found: 149; Please update to a Selenium version that supports CDP version 151
  When I enter valid booking customer details for a bookable event         # com.eventhub.automation.steps.BookingSteps.iEnterValidBookingCustomerDetailsForABookableEvent()
  Then the booking form should contain the generated customer details      # com.eventhub.automation.steps.BookingSteps.theBookingFormShouldContainTheGeneratedCustomerDetails()

@events @ui @owner-platform @risk-discovery @intent-discovery @impact-events @p1 @regression @parallel-safe
Scenario: User can filter events by city and category # src/test/resources/features/events/event_discovery.feature:32
  Given I am signed in to EventHub                      # com.eventhub.automation.steps.AuthSteps.iAmSignedInToEventHub()
Aug 29, 2026 2:54:38 AM org.openqa.selenium.devtools.CdpVersionFinder findNearestMatch
WARNING: Unable to find an exact match for CDP version 151, returning the closest version; found: 149; Please update to a Selenium version that supports CDP version 151
  When I open the Events page                           # com.eventhub.automation.steps.EventSteps.iOpenTheEventsPage()
  And I search events for "Pragati Maidan"              # com.eventhub.automation.steps.EventSteps.iSearchEventsFor(java.lang.String)
  Then I should see event "Dilli Diwali Mela"           # com.eventhub.automation.steps.EventSteps.iShouldSeeEvent(java.lang.String)

@events @ui @owner-platform @risk-discovery @intent-discovery @impact-events @p1 @regression @parallel-safe
Scenario: User can clear filters and restore the event list # src/test/resources/features/events/event_discovery.feature:39
  Given I am signed in to EventHub                      # com.eventhub.automation.steps.AuthSteps.iAmSignedInToEventHub()
Aug 29, 2026 2:54:41 AM org.openqa.selenium.devtools.CdpVersionFinder findNearestMatch
WARNING: Unable to find an exact match for CDP version 151, returning the closest version; found: 149; Please update to a Selenium version that supports CDP version 151
  Given I am signed in to EventHub                                          # com.eventhub.automation.steps.AuthSteps.iAmSignedInToEventHub()
  When I open the Events page                           # com.eventhub.automation.steps.EventSteps.iOpenTheEventsPage()
  And I search events for "World Tech Summit"           # com.eventhub.automation.steps.EventSteps.iSearchEventsFor(java.lang.String)
  Then I should see event "World Tech Summit"           # com.eventhub.automation.steps.EventSteps.iShouldSeeEvent(java.lang.String)

@events @ui @owner-platform @risk-discovery @intent-discovery @impact-events @p1 @regression @parallel-safe
Scenario: Event filters reset after refresh   # src/test/resources/features/events/event_discovery.feature:47
  Given I am signed in to EventHub                    # com.eventhub.automation.steps.AuthSteps.iAmSignedInToEventHub()
Aug 29, 2026 2:54:43 AM org.openqa.selenium.devtools.CdpVersionFinder findNearestMatch
WARNING: Unable to find an exact match for CDP version 151, returning the closest version; found: 149; Please update to a Selenium version that supports CDP version 151
  When I open the Events page                                               # com.eventhub.automation.steps.EventSteps.iOpenTheEventsPage()
  And I search events for "Dilli Diwali Mela"                               # com.eventhub.automation.steps.EventSteps.iSearchEventsFor(java.lang.String)
  Then I should see event "Dilli Diwali Mela"                               # com.eventhub.automation.steps.EventSteps.iShouldSeeEvent(java.lang.String)
  And I should not see event "World Tech Summit"                            # com.eventhub.automation.steps.EventSteps.iShouldNotSeeEvent(java.lang.String)
  When I open the Events page                         # com.eventhub.automation.steps.EventSteps.iOpenTheEventsPage()

@events @ui @owner-platform @risk-discovery @intent-discovery @impact-events @p1 @regression @parallel-safe
Scenario: Event filters reset after navigating away and back # src/test/resources/features/events/event_discovery.feature:55
  And I filter events by category "Festival"          # com.eventhub.automation.steps.EventSteps.iFilterEventsByCategory(java.lang.String)
Aug 29, 2026 2:54:45 AM org.openqa.selenium.devtools.CdpVersionFinder findNearestMatch
WARNING: Unable to find an exact match for CDP version 151, returning the closest version; found: 149; Please update to a Selenium version that supports CDP version 151
  And I filter events by city "Delhi"                 # com.eventhub.automation.steps.EventSteps.iFilterEventsByCity(java.lang.String)
  Given I am signed in to EventHub                          # com.eventhub.automation.steps.AuthSteps.iAmSignedInToEventHub()
  Then I should see event "Dilli Diwali Mela"         # com.eventhub.automation.steps.EventSteps.iShouldSeeEvent(java.lang.String)

@events @ui @owner-platform @risk-discovery @intent-discovery @impact-events @p1 @regression @parallel-safe @negative
Scenario: User sees an empty state for unmatched search         # src/test/resources/features/events/event_discovery.feature:64
Aug 29, 2026 2:54:47 AM org.openqa.selenium.devtools.CdpVersionFinder findNearestMatch
WARNING: Unable to find an exact match for CDP version 151, returning the closest version; found: 149; Please update to a Selenium version that supports CDP version 151
  When I open the Events page                               # com.eventhub.automation.steps.EventSteps.iOpenTheEventsPage()
  And I filter events by category "Festival"                # com.eventhub.automation.steps.EventSteps.iFilterEventsByCategory(java.lang.String)
  And I filter events by city "Delhi"                       # com.eventhub.automation.steps.EventSteps.iFilterEventsByCity(java.lang.String)
  Given I am signed in to EventHub            # com.eventhub.automation.steps.AuthSteps.iAmSignedInToEventHub()
  And I clear event filters                                 # com.eventhub.automation.steps.EventSteps.iClearEventFilters()
  Then I should see seeded upcoming events                  # com.eventhub.automation.steps.EventSteps.iShouldSeeSeededUpcomingEvents()

@events @ui @owner-platform @risk-discovery @intent-discovery @impact-events @p1 @regression @parallel-safe @negative @intent-validation
Scenario: Special-character event search does not show unrelated results # src/test/resources/features/events/event_discovery.feature:70
Aug 29, 2026 2:54:48 AM org.openqa.selenium.devtools.CdpVersionFinder findNearestMatch
WARNING: Unable to find an exact match for CDP version 151, returning the closest version; found: 149; Please update to a Selenium version that supports CDP version 151
  Given I am signed in to EventHub                           # com.eventhub.automation.steps.AuthSteps.iAmSignedInToEventHub()
  When I open the Events page                 # com.eventhub.automation.steps.EventSteps.iOpenTheEventsPage()
  And I search events for "Dilli Diwali Mela" # com.eventhub.automation.steps.EventSteps.iSearchEventsFor(java.lang.String)
  When I open the Events page                                # com.eventhub.automation.steps.EventSteps.iOpenTheEventsPage()
  And I search events for "Dilli Diwali Mela"                # com.eventhub.automation.steps.EventSteps.iSearchEventsFor(java.lang.String)
  And I refresh the current page              # com.eventhub.automation.steps.AuthSteps.iRefreshTheCurrentPage()
  Then event filters should be reset          # com.eventhub.automation.steps.EventSteps.eventFiltersShouldBeReset()
  And I filter events by city "Delhi"                        # com.eventhub.automation.steps.EventSteps.iFilterEventsByCity(java.lang.String)
  And I should see seeded upcoming events     # com.eventhub.automation.steps.EventSteps.iShouldSeeSeededUpcomingEvents()

@events @ui @owner-platform @risk-discovery @intent-discovery @impact-events @p1 @regression @parallel-safe @negative @intent-filtering
Scenario: Incompatible event filters show an empty result state # src/test/resources/features/events/event_discovery.feature:76
  And I navigate away from event discovery and return        # com.eventhub.automation.steps.EventSteps.iNavigateAwayFromEventDiscoveryAndReturn()
  Then event filters should be reset                         # com.eventhub.automation.steps.EventSteps.eventFiltersShouldBeReset()
  And I should see seeded upcoming events                    # com.eventhub.automation.steps.EventSteps.iShouldSeeSeededUpcomingEvents()

@events @ui @owner-platform @risk-discovery @intent-discovery @impact-events @p1 @regression @parallel-safe
Scenario: Event cards expose business-critical details                                                                            # src/test/resources/features/events/event_discovery.feature:83
Aug 29, 2026 2:54:51 AM org.openqa.selenium.devtools.CdpVersionFinder findNearestMatch
WARNING: Unable to find an exact match for CDP version 151, returning the closest version; found: 149; Please update to a Selenium version that supports CDP version 151
  Given I am signed in to EventHub                              # com.eventhub.automation.steps.AuthSteps.iAmSignedInToEventHub()
Aug 29, 2026 2:54:52 AM org.openqa.selenium.devtools.CdpVersionFinder findNearestMatch
WARNING: Unable to find an exact match for CDP version 151, returning the closest version; found: 149; Please update to a Selenium version that supports CDP version 151
  Given I am signed in to EventHub                                       # com.eventhub.automation.steps.AuthSteps.iAmSignedInToEventHub()
  When I open the Events page                                   # com.eventhub.automation.steps.EventSteps.iOpenTheEventsPage()
  And I search events for "No Selenium Event Should Match This" # com.eventhub.automation.steps.EventSteps.iSearchEventsFor(java.lang.String)
  Then I should see the no events found message                 # com.eventhub.automation.steps.EventSteps.iShouldSeeTheNoEventsFoundMessage()

@events @ui @owner-platform @risk-discovery @intent-discovery @impact-events @p1 @regression @parallel-safe
Scenario Outline: User can open event details                      # src/test/resources/features/events/event_discovery.feature:94
Aug 29, 2026 2:54:54 AM org.openqa.selenium.devtools.CdpVersionFinder findNearestMatch
WARNING: Unable to find an exact match for CDP version 151, returning the closest version; found: 149; Please update to a Selenium version that supports CDP version 151
  When I open the Events page                                            # com.eventhub.automation.steps.EventSteps.iOpenTheEventsPage()
  And I search events for "###@@@NoEvent"                                # com.eventhub.automation.steps.EventSteps.iSearchEventsFor(java.lang.String)
  Then I should see no events for query "###@@@NoEvent"                  # com.eventhub.automation.steps.EventSteps.iShouldSeeNoEventsForQuery(java.lang.String)

@events @ui @owner-platform @risk-discovery @intent-discovery @impact-events @p1 @regression @parallel-safe @critical
Scenario: Event detail deep link loads correct metadata           # src/test/resources/features/events/event_discovery.feature:97
Aug 29, 2026 2:54:55 AM org.openqa.selenium.devtools.CdpVersionFinder findNearestMatch
WARNING: Unable to find an exact match for CDP version 151, returning the closest version; found: 149; Please update to a Selenium version that supports CDP version 151
  Given I am signed in to EventHub                              # com.eventhub.automation.steps.AuthSteps.iAmSignedInToEventHub()
  Given I am signed in to EventHub                                                                                                # com.eventhub.automation.steps.AuthSteps.iAmSignedInToEventHub()
  When I open the Events page                                   # com.eventhub.automation.steps.EventSteps.iOpenTheEventsPage()
  And I filter events by category "Festival"                    # com.eventhub.automation.steps.EventSteps.iFilterEventsByCategory(java.lang.String)
  And I filter events by city "Hyderabad"                       # com.eventhub.automation.steps.EventSteps.iFilterEventsByCity(java.lang.String)
  Then I should see no matching events                          # com.eventhub.automation.steps.EventSteps.iShouldSeeNoMatchingEvents()

@events @ui @owner-platform @risk-discovery @intent-discovery @impact-events @p1 @regression @parallel-safe @critical @intent-navigation @impact-ux
Scenario: Event detail remains stable after browser refresh       # src/test/resources/features/events/event_discovery.feature:102
  When I open the Events page                                                                                                     # com.eventhub.automation.steps.EventSteps.iOpenTheEventsPage()
  Then event "Dilli Diwali Mela" card should show category "Festival", city "Delhi", price "$300", seats, and availability status # com.eventhub.automation.steps.EventSteps.eventCardShouldShowBusinessDetails(java.lang.String,java.lang.String,java.lang.String,java.lang.String)

@events @ui @owner-platform @risk-discovery @intent-discovery @impact-events @p1 @regression @parallel-safe @critical
Scenario: User can open a bookable event detail page from Book Now # src/test/resources/features/events/event_discovery.feature:108
Aug 29, 2026 2:54:58 AM org.openqa.selenium.devtools.CdpVersionFinder findNearestMatch
WARNING: Unable to find an exact match for CDP version 151, returning the closest version; found: 149; Please update to a Selenium version that supports CDP version 151
  Given I am signed in to EventHub                                 # com.eventhub.automation.steps.AuthSteps.iAmSignedInToEventHub()
Aug 29, 2026 2:54:59 AM org.openqa.selenium.devtools.CdpVersionFinder findNearestMatch
WARNING: Unable to find an exact match for CDP version 151, returning the closest version; found: 149; Please update to a Selenium version that supports CDP version 151
  Given I am signed in to EventHub                                # com.eventhub.automation.steps.AuthSteps.iAmSignedInToEventHub()
  When I open details from the title for event "World Tech Summit" # com.eventhub.automation.steps.EventSteps.iOpenDetailsFromTheTitleForEvent(java.lang.String)
  Then I should see metadata for event "World Tech Summit"         # com.eventhub.automation.steps.EventSteps.iShouldSeeMetadataForEvent(java.lang.String)

@events @ui @owner-platform @risk-discovery @intent-discovery @impact-events @p1 @regression @parallel-safe @critical @intent-navigation @impact-ux
Scenario: Browser back from event detail leaves the event journey usable # src/test/resources/features/events/event_discovery.feature:113
Aug 29, 2026 2:55:01 AM org.openqa.selenium.devtools.CdpVersionFinder findNearestMatch
WARNING: Unable to find an exact match for CDP version 151, returning the closest version; found: 149; Please update to a Selenium version that supports CDP version 151
  When I directly open event detail for event "World Tech Summit" # com.eventhub.automation.steps.EventSteps.iDirectlyOpenEventDetailForEvent(java.lang.String)
  Given I am signed in to EventHub                                # com.eventhub.automation.steps.AuthSteps.iAmSignedInToEventHub()
  Then I should see metadata for event "World Tech Summit"        # com.eventhub.automation.steps.EventSteps.iShouldSeeMetadataForEvent(java.lang.String)

@navigation @ui @owner-platform @risk-navigation @intent-navigation @impact-navigation @p1 @regression @parallel-safe
Scenario: Authenticated user can move across primary navigation # src/test/resources/features/navigation/navigation.feature:8
  Given I am signed in to EventHub                                 # com.eventhub.automation.steps.AuthSteps.iAmSignedInToEventHub()
Aug 29, 2026 2:55:03 AM org.openqa.selenium.devtools.CdpVersionFinder findNearestMatch
WARNING: Unable to find an exact match for CDP version 151, returning the closest version; found: 149; Please update to a Selenium version that supports CDP version 151
  When I directly open event detail for event "World Tech Summit" # com.eventhub.automation.steps.EventSteps.iDirectlyOpenEventDetailForEvent(java.lang.String)
  When I open details from Book Now for a bookable event           # com.eventhub.automation.steps.EventSteps.iOpenDetailsFromBookNowForABookableEvent()
  Given I am signed in to EventHub                                       # com.eventhub.automation.steps.AuthSteps.iAmSignedInToEventHub()
  And I refresh the current page                                  # com.eventhub.automation.steps.AuthSteps.iRefreshTheCurrentPage()
  Then I should see metadata for event "World Tech Summit"        # com.eventhub.automation.steps.EventSteps.iShouldSeeMetadataForEvent(java.lang.String)

@accessibility @ui @owner-platform @risk-ux @intent-accessibility @impact-ux @p1 @regression @parallel-safe
Scenario Outline: Key pages expose basic accessibility semantics     # src/test/resources/features/ux/accessibility_smoke.feature:16
  Then I should see the event detail booking panel                 # com.eventhub.automation.steps.BookingSteps.iShouldSeeTheEventDetailBookingPanel()

@accessibility @ui @owner-platform @risk-ux @intent-accessibility @impact-ux @p1 @regression @parallel-safe
Scenario Outline: Key pages expose basic accessibility semantics     # src/test/resources/features/ux/accessibility_smoke.feature:17
Aug 29, 2026 2:55:07 AM org.openqa.selenium.devtools.CdpVersionFinder findNearestMatch
WARNING: Unable to find an exact match for CDP version 151, returning the closest version; found: 149; Please update to a Selenium version that supports CDP version 151
Aug 29, 2026 2:55:07 AM org.openqa.selenium.devtools.CdpVersionFinder findNearestMatch
WARNING: Unable to find an exact match for CDP version 151, returning the closest version; found: 149; Please update to a Selenium version that supports CDP version 151
  When I open details from Book Now for a bookable event                 # com.eventhub.automation.steps.EventSteps.iOpenDetailsFromBookNowForABookableEvent()
  And I go back in the browser                                           # com.eventhub.automation.steps.AuthSteps.iGoBackInTheBrowser()
  Then the event journey should remain usable                            # com.eventhub.automation.steps.EventSteps.theEventJourneyShouldRemainUsable()

@accessibility @ui @owner-platform @risk-ux @intent-accessibility @impact-ux @p1 @regression @parallel-safe
Scenario Outline: Key pages expose basic accessibility semantics     # src/test/resources/features/ux/accessibility_smoke.feature:18
Aug 29, 2026 2:55:08 AM org.openqa.selenium.devtools.CdpVersionFinder findNearestMatch
WARNING: Unable to find an exact match for CDP version 151, returning the closest version; found: 149; Please update to a Selenium version that supports CDP version 151
  Given I am signed in to EventHub                              # com.eventhub.automation.steps.AuthSteps.iAmSignedInToEventHub()
  When I open Home from the navigation                          # com.eventhub.automation.steps.NavigationSteps.iOpenHomeFromTheNavigation()
  Then the Home page should be loaded                           # com.eventhub.automation.steps.NavigationSteps.theHomePageShouldBeLoaded()
  When I open Events from the navigation                        # com.eventhub.automation.steps.NavigationSteps.iOpenEventsFromTheNavigation()
  Then the Events page should be loaded                         # com.eventhub.automation.steps.NavigationSteps.theEventsPageShouldBeLoaded()
  When I open My Bookings from the navigation                   # com.eventhub.automation.steps.NavigationSteps.iOpenMyBookingsFromTheNavigation()
  Then the My Bookings page should be loaded                    # com.eventhub.automation.steps.NavigationSteps.theMyBookingsPageShouldBeLoaded()

@accessibility @ui @owner-platform @risk-ux @intent-accessibility @impact-ux @p1 @regression @parallel-safe
Scenario Outline: Key pages expose basic accessibility semantics     # src/test/resources/features/ux/accessibility_smoke.feature:19
Aug 29, 2026 2:55:10 AM org.openqa.selenium.devtools.CdpVersionFinder findNearestMatch
WARNING: Unable to find an exact match for CDP version 151, returning the closest version; found: 149; Please update to a Selenium version that supports CDP version 151
  Given I am signed in to EventHub                                   # com.eventhub.automation.steps.AuthSteps.iAmSignedInToEventHub()
  When I open UX smoke page "home"                                   # com.eventhub.automation.steps.UxSmokeSteps.iOpenUxSmokePage(java.lang.String)
  Given I am signed in to EventHub                                   # com.eventhub.automation.steps.AuthSteps.iAmSignedInToEventHub()
  Then the page should expose basic accessibility semantics          # com.eventhub.automation.steps.UxSmokeSteps.thePageShouldExposeBasicAccessibilitySemantics()
  And the page should generate an Axe accessibility advisory report  # com.eventhub.automation.steps.UxSmokeSteps.thePageShouldGenerateAnAxeAccessibilityAdvisoryReport()
  Given I am signed in to EventHub                                   # com.eventhub.automation.steps.AuthSteps.iAmSignedInToEventHub()
  When I open UX smoke page "events"                                 # com.eventhub.automation.steps.UxSmokeSteps.iOpenUxSmokePage(java.lang.String)
  And the page should satisfy the configured accessibility threshold # com.eventhub.automation.steps.UxSmokeSteps.thePageShouldSatisfyTheConfiguredAccessibilityThreshold()

@responsive @ui @owner-platform @risk-ux @intent-responsive @impact-ux @p1 @regression @parallel-safe
Scenario Outline: Key authenticated pages fit common viewport sizes # src/test/resources/features/ux/responsive_smoke.feature:15
Aug 29, 2026 2:55:13 AM org.openqa.selenium.devtools.CdpVersionFinder findNearestMatch
WARNING: Unable to find an exact match for CDP version 151, returning the closest version; found: 149; Please update to a Selenium version that supports CDP version 151
  Then the page should expose basic accessibility semantics          # com.eventhub.automation.steps.UxSmokeSteps.thePageShouldExposeBasicAccessibilitySemantics()
  When I open UX smoke page "bookings"                               # com.eventhub.automation.steps.UxSmokeSteps.iOpenUxSmokePage(java.lang.String)
  Given I am signed in to EventHub                                   # com.eventhub.automation.steps.AuthSteps.iAmSignedInToEventHub()
  And the page should generate an Axe accessibility advisory report  # com.eventhub.automation.steps.UxSmokeSteps.thePageShouldGenerateAnAxeAccessibilityAdvisoryReport()
  Then the page should expose basic accessibility semantics          # com.eventhub.automation.steps.UxSmokeSteps.thePageShouldExposeBasicAccessibilitySemantics()
  And the page should satisfy the configured accessibility threshold # com.eventhub.automation.steps.UxSmokeSteps.thePageShouldSatisfyTheConfiguredAccessibilityThreshold()

@responsive @ui @owner-platform @risk-ux @intent-responsive @impact-ux @p1 @regression @parallel-safe
Scenario Outline: Key authenticated pages fit common viewport sizes # src/test/resources/features/ux/responsive_smoke.feature:16
  And the page should generate an Axe accessibility advisory report  # com.eventhub.automation.steps.UxSmokeSteps.thePageShouldGenerateAnAxeAccessibilityAdvisoryReport()
Aug 29, 2026 2:55:16 AM org.openqa.selenium.devtools.CdpVersionFinder findNearestMatch
WARNING: Unable to find an exact match for CDP version 151, returning the closest version; found: 149; Please update to a Selenium version that supports CDP version 151
  When I open UX smoke page "admin events"                           # com.eventhub.automation.steps.UxSmokeSteps.iOpenUxSmokePage(java.lang.String)
  Then the page should expose basic accessibility semantics          # com.eventhub.automation.steps.UxSmokeSteps.thePageShouldExposeBasicAccessibilitySemantics()
  And the page should satisfy the configured accessibility threshold # com.eventhub.automation.steps.UxSmokeSteps.thePageShouldSatisfyTheConfiguredAccessibilityThreshold()

@responsive @ui @owner-platform @risk-ux @intent-responsive @impact-ux @p1 @regression @parallel-safe
Scenario Outline: Key authenticated pages fit common viewport sizes # src/test/resources/features/ux/responsive_smoke.feature:17
Aug 29, 2026 2:55:17 AM org.openqa.selenium.devtools.CdpVersionFinder findNearestMatch
WARNING: Unable to find an exact match for CDP version 151, returning the closest version; found: 149; Please update to a Selenium version that supports CDP version 151
  And the page should generate an Axe accessibility advisory report  # com.eventhub.automation.steps.UxSmokeSteps.thePageShouldGenerateAnAxeAccessibilityAdvisoryReport()
  Given I am signed in to EventHub                                  # com.eventhub.automation.steps.AuthSteps.iAmSignedInToEventHub()
  When I use viewport 390 by 844                                    # com.eventhub.automation.steps.UxSmokeSteps.iUseViewportBy(int,int)
  And I open UX smoke page "home"                                   # com.eventhub.automation.steps.UxSmokeSteps.iOpenUxSmokePage(java.lang.String)
  Then the page should fit the viewport without horizontal overflow # com.eventhub.automation.steps.UxSmokeSteps.thePageShouldFitTheViewportWithoutHorizontalOverflow()

@responsive @ui @owner-platform @risk-ux @intent-responsive @impact-ux @p1 @regression @parallel-safe
Scenario Outline: Key authenticated pages fit common viewport sizes # src/test/resources/features/ux/responsive_smoke.feature:18
Aug 29, 2026 2:55:18 AM org.openqa.selenium.devtools.CdpVersionFinder findNearestMatch
WARNING: Unable to find an exact match for CDP version 151, returning the closest version; found: 149; Please update to a Selenium version that supports CDP version 151
  And the page should satisfy the configured accessibility threshold # com.eventhub.automation.steps.UxSmokeSteps.thePageShouldSatisfyTheConfiguredAccessibilityThreshold()

@responsive @ui @owner-platform @risk-ux @intent-responsive @impact-ux @p1 @regression @parallel-safe
Scenario Outline: Key authenticated pages fit common viewport sizes # src/test/resources/features/ux/responsive_smoke.feature:19
Aug 29, 2026 2:55:19 AM org.openqa.selenium.devtools.CdpVersionFinder findNearestMatch
WARNING: Unable to find an exact match for CDP version 151, returning the closest version; found: 149; Please update to a Selenium version that supports CDP version 151
  Given I am signed in to EventHub                                  # com.eventhub.automation.steps.AuthSteps.iAmSignedInToEventHub()
  When I use viewport 390 by 844                                    # com.eventhub.automation.steps.UxSmokeSteps.iUseViewportBy(int,int)
  Given I am signed in to EventHub                                  # com.eventhub.automation.steps.AuthSteps.iAmSignedInToEventHub()
  When I use viewport 390 by 844                                    # com.eventhub.automation.steps.UxSmokeSteps.iUseViewportBy(int,int)
  And I open UX smoke page "events"                                 # com.eventhub.automation.steps.UxSmokeSteps.iOpenUxSmokePage(java.lang.String)
  Then the page should fit the viewport without horizontal overflow # com.eventhub.automation.steps.UxSmokeSteps.thePageShouldFitTheViewportWithoutHorizontalOverflow()

@responsive @ui @owner-platform @risk-ux @intent-responsive @impact-ux @p1 @regression @parallel-safe
Scenario Outline: Key authenticated pages fit common viewport sizes # src/test/resources/features/ux/responsive_smoke.feature:20
  Given I am signed in to EventHub                                  # com.eventhub.automation.steps.AuthSteps.iAmSignedInToEventHub()
  When I use viewport 390 by 844                                    # com.eventhub.automation.steps.UxSmokeSteps.iUseViewportBy(int,int)
  Given I am signed in to EventHub                                  # com.eventhub.automation.steps.AuthSteps.iAmSignedInToEventHub()
  When I use viewport 1366 by 768                                   # com.eventhub.automation.steps.UxSmokeSteps.iUseViewportBy(int,int)
Aug 29, 2026 2:55:24 AM org.openqa.selenium.devtools.CdpVersionFinder findNearestMatch
WARNING: Unable to find an exact match for CDP version 151, returning the closest version; found: 149; Please update to a Selenium version that supports CDP version 151
  And I open UX smoke page "bookings"                               # com.eventhub.automation.steps.UxSmokeSteps.iOpenUxSmokePage(java.lang.String)
  Then the page should fit the viewport without horizontal overflow # com.eventhub.automation.steps.UxSmokeSteps.thePageShouldFitTheViewportWithoutHorizontalOverflow()

@responsive @ui @owner-platform @risk-ux @intent-responsive @impact-ux @p1 @regression @parallel-safe
Scenario Outline: Key authenticated pages fit common viewport sizes # src/test/resources/features/ux/responsive_smoke.feature:21
  And I open UX smoke page "admin events"                           # com.eventhub.automation.steps.UxSmokeSteps.iOpenUxSmokePage(java.lang.String)
  Then the page should fit the viewport without horizontal overflow # com.eventhub.automation.steps.UxSmokeSteps.thePageShouldFitTheViewportWithoutHorizontalOverflow()

@visual @ui @owner-platform @risk-ux @intent-visual @impact-ux @p2 @regression @parallel-safe
Scenario: Login page visual sanity screenshot is captured # src/test/resources/features/ux/visual_sanity.feature:5
Aug 29, 2026 2:55:26 AM org.openqa.selenium.devtools.CdpVersionFinder findNearestMatch
WARNING: Unable to find an exact match for CDP version 151, returning the closest version; found: 149; Please update to a Selenium version that supports CDP version 151
Aug 29, 2026 2:55:26 AM org.openqa.selenium.devtools.CdpVersionFinder findNearestMatch
WARNING: Unable to find an exact match for CDP version 151, returning the closest version; found: 149; Please update to a Selenium version that supports CDP version 151
  And I open UX smoke page "event detail"                           # com.eventhub.automation.steps.UxSmokeSteps.iOpenUxSmokePage(java.lang.String)
  Then the page should fit the viewport without horizontal overflow # com.eventhub.automation.steps.UxSmokeSteps.thePageShouldFitTheViewportWithoutHorizontalOverflow()

@visual @ui @owner-platform @risk-ux @intent-visual @impact-ux @p2 @regression @parallel-safe
Scenario Outline: Authenticated key pages have visual sanity screenshots # src/test/resources/features/ux/visual_sanity.feature:17
Aug 29, 2026 2:55:27 AM org.openqa.selenium.devtools.CdpVersionFinder findNearestMatch
WARNING: Unable to find an exact match for CDP version 151, returning the closest version; found: 149; Please update to a Selenium version that supports CDP version 151
  Given I am signed in to EventHub                                  # com.eventhub.automation.steps.AuthSteps.iAmSignedInToEventHub()
  When I use viewport 1440 by 900                                   # com.eventhub.automation.steps.UxSmokeSteps.iUseViewportBy(int,int)
  When I open UX smoke page "login"                       # com.eventhub.automation.steps.UxSmokeSteps.iOpenUxSmokePage(java.lang.String)
  Then the page should have a visual sanity screenshot    # com.eventhub.automation.steps.UxSmokeSteps.thePageShouldHaveAVisualSanityScreenshot()

@visual @ui @owner-platform @risk-ux @intent-visual @impact-ux @p2 @regression @parallel-safe
Scenario Outline: Authenticated key pages have visual sanity screenshots # src/test/resources/features/ux/visual_sanity.feature:18
Aug 29, 2026 2:55:29 AM org.openqa.selenium.devtools.CdpVersionFinder findNearestMatch
WARNING: Unable to find an exact match for CDP version 151, returning the closest version; found: 149; Please update to a Selenium version that supports CDP version 151
  And I open UX smoke page "events"                                 # com.eventhub.automation.steps.UxSmokeSteps.iOpenUxSmokePage(java.lang.String)
  Then the page should fit the viewport without horizontal overflow # com.eventhub.automation.steps.UxSmokeSteps.thePageShouldFitTheViewportWithoutHorizontalOverflow()

@visual @ui @owner-platform @risk-ux @intent-visual @impact-ux @p2 @regression @parallel-safe
Scenario Outline: Authenticated key pages have visual sanity screenshots # src/test/resources/features/ux/visual_sanity.feature:19
Aug 29, 2026 2:55:30 AM org.openqa.selenium.devtools.CdpVersionFinder findNearestMatch
WARNING: Unable to find an exact match for CDP version 151, returning the closest version; found: 149; Please update to a Selenium version that supports CDP version 151
  Given I am signed in to EventHub                                  # com.eventhub.automation.steps.AuthSteps.iAmSignedInToEventHub()
  When I use viewport 1440 by 900                                   # com.eventhub.automation.steps.UxSmokeSteps.iUseViewportBy(int,int)
  Given I am signed in to EventHub                                       # com.eventhub.automation.steps.AuthSteps.iAmSignedInToEventHub()
  And I open UX smoke page "event detail"                           # com.eventhub.automation.steps.UxSmokeSteps.iOpenUxSmokePage(java.lang.String)
  Then the page should fit the viewport without horizontal overflow # com.eventhub.automation.steps.UxSmokeSteps.thePageShouldFitTheViewportWithoutHorizontalOverflow()
  Given I am signed in to EventHub                                       # com.eventhub.automation.steps.AuthSteps.iAmSignedInToEventHub()
  When I open UX smoke page "events"                                     # com.eventhub.automation.steps.UxSmokeSteps.iOpenUxSmokePage(java.lang.String)
  Then the page should have a visual sanity screenshot                   # com.eventhub.automation.steps.UxSmokeSteps.thePageShouldHaveAVisualSanityScreenshot()
  Given I am signed in to EventHub                                       # com.eventhub.automation.steps.AuthSteps.iAmSignedInToEventHub()
  When I open UX smoke page "bookings"                                   # com.eventhub.automation.steps.UxSmokeSteps.iOpenUxSmokePage(java.lang.String)
  Then the page should have a visual sanity screenshot                   # com.eventhub.automation.steps.UxSmokeSteps.thePageShouldHaveAVisualSanityScreenshot()
  When I open UX smoke page "admin events"                               # com.eventhub.automation.steps.UxSmokeSteps.iOpenUxSmokePage(java.lang.String)
  Then the page should have a visual sanity screenshot                   # com.eventhub.automation.steps.UxSmokeSteps.thePageShouldHaveAVisualSanityScreenshot()

Failed scenarios:
file:///home/runner/work/EventHub-Selenium-BDD/EventHub-Selenium-BDD/src/test/resources/features/api/api_contract.feature:90 # API error responses follow the error contract

76 Scenarios (1 failed, 75 passed)
265 Steps (1 failed, 264 passed)
2m1.532s


io.restassured.module.jsv.JsonSchemaValidationException: com.fasterxml.jackson.core.JsonParseException: Unexpected character ('<' (code 60)): expected a valid value (JSON String, Number, Array, Object or token 'null', 'true' or 'false')
 at [Source: REDACTED (`StreamReadFeature.INCLUDE_SOURCE_IN_LOCATION` disabled); line: 1, column: 1]
	at io.restassured.module.jsv.JsonSchemaValidator.matchesSafely(JsonSchemaValidator.java:233)
	at io.restassured.module.jsv.JsonSchemaValidator.matchesSafely(JsonSchemaValidator.java:75)
	at org.hamcrest.TypeSafeMatcher.matches(TypeSafeMatcher.java:67)
	at io.restassured.internal.assertion.BodyMatcher.validate(BodyMatcher.java:82)
	at io.restassured.internal.assertion.BodyMatcherGroup.lambda$validate$0(BodyMatcherGroup.java:30)
	at java.base/java.util.stream.ReferencePipeline$3$1.accept(ReferencePipeline.java:197)
	at java.base/java.util.ArrayList$ArrayListSpliterator.forEachRemaining(ArrayList.java:1625)
	at java.base/java.util.stream.AbstractPipeline.copyInto(AbstractPipeline.java:509)
	at java.base/java.util.stream.AbstractPipeline.wrapAndCopyInto(AbstractPipeline.java:499)
	at java.base/java.util.stream.ReduceOps$ReduceOp.evaluateSequential(ReduceOps.java:921)
	at java.base/java.util.stream.AbstractPipeline.evaluate(AbstractPipeline.java:234)
	at java.base/java.util.stream.ReferencePipeline.collect(ReferencePipeline.java:682)
	at io.restassured.internal.assertion.BodyMatcherGroup.validate(BodyMatcherGroup.java:30)
	at io.restassured.internal.assertion.BodyMatcherGroup$validate$6.call(Unknown Source)
	at io.restassured.internal.ResponseSpecificationImpl$HamcrestAssertionClosure.validate(ResponseSpecificationImpl.groovy:499)
	at io.restassured.internal.ResponseSpecificationImpl$HamcrestAssertionClosure$validate$1.call(Unknown Source)
	at io.restassured.internal.ResponseSpecificationImpl.validateResponseIfRequired(ResponseSpecificationImpl.groovy:696)
	at io.restassured.internal.ResponseSpecificationImpl.this$2$validateResponseIfRequired(ResponseSpecificationImpl.groovy)
	at java.base/jdk.internal.reflect.NativeMethodAccessorImpl.invoke0(Native Method)
	at java.base/jdk.internal.reflect.NativeMethodAccessorImpl.invoke(NativeMethodAccessorImpl.java:77)
	at java.base/jdk.internal.reflect.DelegatingMethodAccessorImpl.invoke(DelegatingMethodAccessorImpl.java:43)
	at java.base/java.lang.reflect.Method.invoke(Method.java:569)
	at org.codehaus.groovy.runtime.callsite.PlainObjectMetaMethodSite.doInvoke(PlainObjectMetaMethodSite.java:43)
	at org.codehaus.groovy.runtime.callsite.PogoMetaMethodSite$PogoCachedMethodSiteNoUnwrapNoCoerce.invoke(PogoMetaMethodSite.java:198)
	at org.codehaus.groovy.runtime.callsite.PogoMetaMethodSite.callCurrent(PogoMetaMethodSite.java:62)
	at org.codehaus.groovy.runtime.callsite.AbstractCallSite.callCurrent(AbstractCallSite.java:185)
	at io.restassured.internal.ResponseSpecificationImpl.body(ResponseSpecificationImpl.groovy:107)
	at io.restassured.internal.ValidatableResponseOptionsImpl.body(ValidatableResponseOptionsImpl.java:238)
	at com.eventhub.automation.api.ApiAssertions.assertMatchesSchema(ApiAssertions.java:145)
	at com.eventhub.automation.steps.ApiSteps.theApiShouldRejectTheRequestWithAnErrorResponse(ApiSteps.java:241)
	at ✽.the API should reject the request with an error response(file:///home/runner/work/EventHub-Selenium-BDD/EventHub-Selenium-BDD/src/test/resources/features/api/api_contract.feature:84)
Caused by: com.fasterxml.jackson.core.JsonParseException: Unexpected character ('<' (code 60)): expected a valid value (JSON String, Number, Array, Object or token 'null', 'true' or 'false')
 at [Source: REDACTED (`StreamReadFeature.INCLUDE_SOURCE_IN_LOCATION` disabled); line: 1, column: 1]
	at com.fasterxml.jackson.core.JsonParser._constructReadException(JsonParser.java:2648)
	at com.fasterxml.jackson.core.base.ParserMinimalBase._reportUnexpectedChar(ParserMinimalBase.java:685)
	at com.fasterxml.jackson.core.json.ReaderBasedJsonParser._handleOddValue(ReaderBasedJsonParser.java:2055)
	at com.fasterxml.jackson.core.json.ReaderBasedJsonParser.nextToken(ReaderBasedJsonParser.java:780)
	at com.fasterxml.jackson.databind.MappingIterator.hasNextValue(MappingIterator.java:246)
	at com.github.fge.jackson.JsonNodeReader.readNode(JsonNodeReader.java:149)
	at com.github.fge.jackson.JsonNodeReader.fromReader(JsonNodeReader.java:129)
	at com.github.fge.jackson.JsonLoader.fromReader(JsonLoader.java:186)
	at com.github.fge.jackson.JsonLoader.fromString(JsonLoader.java:199)
	at io.restassured.module.jsv.JsonSchemaValidator.matchesSafely(JsonSchemaValidator.java:214)
	at io.restassured.module.jsv.JsonSchemaValidator.matchesSafely(JsonSchemaValidator.java:75)
	at org.hamcrest.TypeSafeMatcher.matches(TypeSafeMatcher.java:67)
	at io.restassured.internal.assertion.BodyMatcher.validate(BodyMatcher.java:82)
	at io.restassured.internal.assertion.BodyMatcherGroup.lambda$validate$0(BodyMatcherGroup.java:30)
	at java.base/java.util.stream.ReferencePipeline$3$1.accept(ReferencePipeline.java:197)
	at java.base/java.util.ArrayList$ArrayListSpliterator.forEachRemaining(ArrayList.java:1625)
	at java.base/java.util.stream.AbstractPipeline.copyInto(AbstractPipeline.java:509)
	at java.base/java.util.stream.AbstractPipeline.wrapAndCopyInto(AbstractPipeline.java:499)
	at java.base/java.util.stream.ReduceOps$ReduceOp.evaluateSequential(ReduceOps.java:921)
	at java.base/java.util.stream.AbstractPipeline.evaluate(AbstractPipeline.java:234)
	at java.base/java.util.stream.ReferencePipeline.collect(ReferencePipeline.java:682)
	at io.restassured.internal.assertion.BodyMatcherGroup.validate(BodyMatcherGroup.java:30)
	at io.restassured.internal.assertion.BodyMatcherGroup$validate$6.call(Unknown Source)
	at io.restassured.internal.ResponseSpecificationImpl$HamcrestAssertionClosure.validate(ResponseSpecificationImpl.groovy:499)
	at io.restassured.internal.ResponseSpecificationImpl$HamcrestAssertionClosure$validate$1.call(Unknown Source)
	at io.restassured.internal.ResponseSpecificationImpl.validateResponseIfRequired(ResponseSpecificationImpl.groovy:696)
	at io.restassured.internal.ResponseSpecificationImpl.this$2$validateResponseIfRequired(ResponseSpecificationImpl.groovy)
	at java.base/jdk.internal.reflect.NativeMethodAccessorImpl.invoke0(Native Method)
	at java.base/jdk.internal.reflect.NativeMethodAccessorImpl.invoke(NativeMethodAccessorImpl.java:77)
	at java.base/jdk.internal.reflect.DelegatingMethodAccessorImpl.invoke(DelegatingMethodAccessorImpl.java:43)
	at java.base/java.lang.reflect.Method.invoke(Method.java:569)
	at org.codehaus.groovy.runtime.callsite.PlainObjectMetaMethodSite.doInvoke(PlainObjectMetaMethodSite.java:43)
	at org.codehaus.groovy.runtime.callsite.PogoMetaMethodSite$PogoCachedMethodSiteNoUnwrapNoCoerce.invoke(PogoMetaMethodSite.java:198)
	at org.codehaus.groovy.runtime.callsite.PogoMetaMethodSite.callCurrent(PogoMetaMethodSite.java:62)
	at org.codehaus.groovy.runtime.callsite.AbstractCallSite.callCurrent(AbstractCallSite.java:185)
	at io.restassured.internal.ResponseSpecificationImpl.body(ResponseSpecificationImpl.groovy:107)
	at io.restassured.internal.ValidatableResponseOptionsImpl.body(ValidatableResponseOptionsImpl.java:238)
	at com.eventhub.automation.api.ApiAssertions.assertMatchesSchema(ApiAssertions.java:145)
	at com.eventhub.automation.steps.ApiSteps.theApiShouldRejectTheRequestWithAnErrorResponse(ApiSteps.java:241)
	at java.base/jdk.internal.reflect.NativeMethodAccessorImpl.invoke0(Native Method)
	at java.base/jdk.internal.reflect.NativeMethodAccessorImpl.invoke(NativeMethodAccessorImpl.java:77)
	at java.base/jdk.internal.reflect.DelegatingMethodAccessorImpl.invoke(DelegatingMethodAccessorImpl.java:43)
	at java.base/java.lang.reflect.Method.invoke(Method.java:569)
	at io.cucumber.java.Invoker.doInvoke(Invoker.java:66)
	at io.cucumber.java.Invoker.invoke(Invoker.java:24)
	at io.cucumber.java.AbstractGlueDefinition.invokeMethod(AbstractGlueDefinition.java:47)
	at io.cucumber.java.JavaStepDefinition.execute(JavaStepDefinition.java:29)
	at io.cucumber.core.runner.CoreStepDefinition.execute(CoreStepDefinition.java:66)
	at io.cucumber.core.runner.PickleStepDefinitionMatch.runStep(PickleStepDefinitionMatch.java:63)
	at io.cucumber.core.runner.ExecutionMode$1.execute(ExecutionMode.java:10)
	at io.cucumber.core.runner.TestStep.executeStep(TestStep.java:81)
	at io.cucumber.core.runner.TestStep.run(TestStep.java:53)
	at io.cucumber.core.runner.PickleStepTestStep.run(PickleStepTestStep.java:51)
	at io.cucumber.core.runner.TestCase.run(TestCase.java:84)
	at io.cucumber.core.runner.Runner.runPickle(Runner.java:75)
	at io.cucumber.testng.TestNGCucumberRunner.lambda$runScenario$1(TestNGCucumberRunner.java:132)
	at io.cucumber.core.runtime.CucumberExecutionContext.lambda$runTestCase$5(CucumberExecutionContext.java:136)
	at io.cucumber.core.runtime.RethrowingThrowableCollector.executeAndThrow(RethrowingThrowableCollector.java:23)
	at io.cucumber.core.runtime.CucumberExecutionContext.runTestCase(CucumberExecutionContext.java:136)
	at io.cucumber.testng.TestNGCucumberRunner.runScenario(TestNGCucumberRunner.java:129)
	at io.cucumber.testng.AbstractTestNGCucumberTests.runScenario(AbstractTestNGCucumberTests.java:35)
	at com.eventhub.automation.runners.ParallelCucumberTestRunner.runScenario(ParallelCucumberTestRunner.java:35)
	at java.base/jdk.internal.reflect.NativeMethodAccessorImpl.invoke0(Native Method)
	at java.base/jdk.internal.reflect.NativeMethodAccessorImpl.invoke(NativeMethodAccessorImpl.java:77)
	at java.base/jdk.internal.reflect.DelegatingMethodAccessorImpl.invoke(DelegatingMethodAccessorImpl.java:43)
	at java.base/java.lang.reflect.Method.invoke(Method.java:569)
	at org.testng.internal.invokers.MethodInvocationHelper.invokeMethod(MethodInvocationHelper.java:141)
	at org.testng.internal.invokers.TestInvoker.invokeMethod(TestInvoker.java:686)
	at org.testng.internal.invokers.TestInvoker.invokeTestMethod(TestInvoker.java:230)
	at org.testng.internal.invokers.TestMethodWithDataProviderMethodWorker.call(TestMethodWithDataProviderMethodWorker.java:81)
	at org.testng.internal.thread.Async$AsyncTask.run(Async.java:34)
	at java.base/java.util.concurrent.ThreadPoolExecutor.runWorker(ThreadPoolExecutor.java:1136)
	at java.base/java.util.concurrent.ThreadPoolExecutor$Worker.run(ThreadPoolExecutor.java:635)
	at java.base/java.lang.Thread.run(Thread.java:840)


[ERROR] Tests run: 76, Failures: 1, Errors: 0, Skipped: 0, Time elapsed: 131.3 s <<< FAILURE! -- in TestSuite
[ERROR] com.eventhub.automation.runners.ParallelCucumberTestRunner.runScenario["API error responses follow the error contract", "EventHub API contract"](15) -- Time elapsed: 1.269 s <<< FAILURE!
io.restassured.module.jsv.JsonSchemaValidationException: 
com.fasterxml.jackson.core.JsonParseException: Unexpected character ('<' (code 60)): expected a valid value (JSON String, Number, Array, Object or token 'null', 'true' or 'false')
 at [Source: REDACTED (`StreamReadFeature.INCLUDE_SOURCE_IN_LOCATION` disabled); line: 1, column: 1]
	at io.restassured.module.jsv.JsonSchemaValidator.matchesSafely(JsonSchemaValidator.java:233)
	at io.restassured.module.jsv.JsonSchemaValidator.matchesSafely(JsonSchemaValidator.java:75)
	at org.hamcrest.TypeSafeMatcher.matches(TypeSafeMatcher.java:67)
	at io.restassured.internal.assertion.BodyMatcher.validate(BodyMatcher.java:82)
	at io.restassured.internal.assertion.BodyMatcherGroup.lambda$validate$0(BodyMatcherGroup.java:30)
	at java.base/java.util.stream.ReferencePipeline$3$1.accept(ReferencePipeline.java:197)
	at java.base/java.util.ArrayList$ArrayListSpliterator.forEachRemaining(ArrayList.java:1625)
	at java.base/java.util.stream.AbstractPipeline.copyInto(AbstractPipeline.java:509)
	at java.base/java.util.stream.AbstractPipeline.wrapAndCopyInto(AbstractPipeline.java:499)
	at java.base/java.util.stream.ReduceOps$ReduceOp.evaluateSequential(ReduceOps.java:921)
	at java.base/java.util.stream.AbstractPipeline.evaluate(AbstractPipeline.java:234)
	at java.base/java.util.stream.ReferencePipeline.collect(ReferencePipeline.java:682)
	at io.restassured.internal.assertion.BodyMatcherGroup.validate(BodyMatcherGroup.java:30)
	at io.restassured.internal.assertion.BodyMatcherGroup$validate$6.call(Unknown Source)
	at io.restassured.internal.ResponseSpecificationImpl$HamcrestAssertionClosure.validate(ResponseSpecificationImpl.groovy:499)
	at io.restassured.internal.ResponseSpecificationImpl$HamcrestAssertionClosure$validate$1.call(Unknown Source)
	at io.restassured.internal.ResponseSpecificationImpl.validateResponseIfRequired(ResponseSpecificationImpl.groovy:696)
	at io.restassured.internal.ResponseSpecificationImpl.this$2$validateResponseIfRequired(ResponseSpecificationImpl.groovy)
	at java.base/jdk.internal.reflect.NativeMethodAccessorImpl.invoke0(Native Method)
	at java.base/jdk.internal.reflect.NativeMethodAccessorImpl.invoke(NativeMethodAccessorImpl.java:77)
	at java.base/jdk.internal.reflect.DelegatingMethodAccessorImpl.invoke(DelegatingMethodAccessorImpl.java:43)
	at java.base/java.lang.reflect.Method.invoke(Method.java:569)
	at org.codehaus.groovy.runtime.callsite.PlainObjectMetaMethodSite.doInvoke(PlainObjectMetaMethodSite.java:43)
	at org.codehaus.groovy.runtime.callsite.PogoMetaMethodSite$PogoCachedMethodSiteNoUnwrapNoCoerce.invoke(PogoMetaMethodSite.java:198)
	at org.codehaus.groovy.runtime.callsite.PogoMetaMethodSite.callCurrent(PogoMetaMethodSite.java:62)
	at org.codehaus.groovy.runtime.callsite.AbstractCallSite.callCurrent(AbstractCallSite.java:185)
	at io.restassured.internal.ResponseSpecificationImpl.body(ResponseSpecificationImpl.groovy:107)
	at io.restassured.internal.ValidatableResponseOptionsImpl.body(ValidatableResponseOptionsImpl.java:238)
	at com.eventhub.automation.api.ApiAssertions.assertMatchesSchema(ApiAssertions.java:145)
	at com.eventhub.automation.steps.ApiSteps.theApiShouldRejectTheRequestWithAnErrorResponse(ApiSteps.java:241)
	at ✽.the API should reject the request with an error response(file:///home/runner/work/EventHub-Selenium-BDD/EventHub-Selenium-BDD/src/test/resources/features/api/api_contract.feature:84)
Caused by: com.fasterxml.jackson.core.JsonParseException: Unexpected character ('<' (code 60)): expected a valid value (JSON String, Number, Array, Object or token 'null', 'true' or 'false')
 at [Source: REDACTED (`StreamReadFeature.INCLUDE_SOURCE_IN_LOCATION` disabled); line: 1, column: 1]
	at com.fasterxml.jackson.core.JsonParser._constructReadException(JsonParser.java:2648)
	at com.fasterxml.jackson.core.base.ParserMinimalBase._reportUnexpectedChar(ParserMinimalBase.java:685)
	at com.fasterxml.jackson.core.json.ReaderBasedJsonParser._handleOddValue(ReaderBasedJsonParser.java:2055)
	at com.fasterxml.jackson.core.json.ReaderBasedJsonParser.nextToken(ReaderBasedJsonParser.java:780)
	at com.fasterxml.jackson.databind.MappingIterator.hasNextValue(MappingIterator.java:246)
	at com.github.fge.jackson.JsonNodeReader.readNode(JsonNodeReader.java:149)
	at com.github.fge.jackson.JsonNodeReader.fromReader(JsonNodeReader.java:129)
	at com.github.fge.jackson.JsonLoader.fromReader(JsonLoader.java:186)
	at com.github.fge.jackson.JsonLoader.fromString(JsonLoader.java:199)
	at io.restassured.module.jsv.JsonSchemaValidator.matchesSafely(JsonSchemaValidator.java:214)
	at io.restassured.module.jsv.JsonSchemaValidator.matchesSafely(JsonSchemaValidator.java:75)
	at org.hamcrest.TypeSafeMatcher.matches(TypeSafeMatcher.java:67)
	at io.restassured.internal.assertion.BodyMatcher.validate(BodyMatcher.java:82)
	at io.restassured.internal.assertion.BodyMatcherGroup.lambda$validate$0(BodyMatcherGroup.java:30)
	at java.base/java.util.stream.ReferencePipeline$3$1.accept(ReferencePipeline.java:197)
	at java.base/java.util.ArrayList$ArrayListSpliterator.forEachRemaining(ArrayList.java:1625)
	at java.base/java.util.stream.AbstractPipeline.copyInto(AbstractPipeline.java:509)
	at java.base/java.util.stream.AbstractPipeline.wrapAndCopyInto(AbstractPipeline.java:499)
	at java.base/java.util.stream.ReduceOps$ReduceOp.evaluateSequential(ReduceOps.java:921)
	at java.base/java.util.stream.AbstractPipeline.evaluate(AbstractPipeline.java:234)
	at java.base/java.util.stream.ReferencePipeline.collect(ReferencePipeline.java:682)
	at io.restassured.internal.assertion.BodyMatcherGroup.validate(BodyMatcherGroup.java:30)
	at io.restassured.internal.assertion.BodyMatcherGroup$validate$6.call(Unknown Source)
	at io.restassured.internal.ResponseSpecificationImpl$HamcrestAssertionClosure.validate(ResponseSpecificationImpl.groovy:499)
	at io.restassured.internal.ResponseSpecificationImpl$HamcrestAssertionClosure$validate$1.call(Unknown Source)
	at io.restassured.internal.ResponseSpecificationImpl.validateResponseIfRequired(ResponseSpecificationImpl.groovy:696)
	at io.restassured.internal.ResponseSpecificationImpl.this$2$validateResponseIfRequired(ResponseSpecificationImpl.groovy)
	at java.base/jdk.internal.reflect.NativeMethodAccessorImpl.invoke0(Native Method)
	at java.base/jdk.internal.reflect.NativeMethodAccessorImpl.invoke(NativeMethodAccessorImpl.java:77)
	at java.base/jdk.internal.reflect.DelegatingMethodAccessorImpl.invoke(DelegatingMethodAccessorImpl.java:43)
	at java.base/java.lang.reflect.Method.invoke(Method.java:569)
	at org.codehaus.groovy.runtime.callsite.PlainObjectMetaMethodSite.doInvoke(PlainObjectMetaMethodSite.java:43)
	at org.codehaus.groovy.runtime.callsite.PogoMetaMethodSite$PogoCachedMethodSiteNoUnwrapNoCoerce.invoke(PogoMetaMethodSite.java:198)
	at org.codehaus.groovy.runtime.callsite.PogoMetaMethodSite.callCurrent(PogoMetaMethodSite.java:62)
	at org.codehaus.groovy.runtime.callsite.AbstractCallSite.callCurrent(AbstractCallSite.java:185)
	at io.restassured.internal.ResponseSpecificationImpl.body(ResponseSpecificationImpl.groovy:107)
	at io.restassured.internal.ValidatableResponseOptionsImpl.body(ValidatableResponseOptionsImpl.java:238)
	at com.eventhub.automation.api.ApiAssertions.assertMatchesSchema(ApiAssertions.java:145)
	at com.eventhub.automation.steps.ApiSteps.theApiShouldRejectTheRequestWithAnErrorResponse(ApiSteps.java:241)
	at java.base/jdk.internal.reflect.NativeMethodAccessorImpl.invoke0(Native Method)
	at java.base/jdk.internal.reflect.NativeMethodAccessorImpl.invoke(NativeMethodAccessorImpl.java:77)
	at java.base/jdk.internal.reflect.DelegatingMethodAccessorImpl.invoke(DelegatingMethodAccessorImpl.java:43)
	at java.base/java.lang.reflect.Method.invoke(Method.java:569)
	at io.cucumber.java.Invoker.doInvoke(Invoker.java:66)
	at io.cucumber.java.Invoker.invoke(Invoker.java:24)
	at io.cucumber.java.AbstractGlueDefinition.invokeMethod(AbstractGlueDefinition.java:47)
	at io.cucumber.java.JavaStepDefinition.execute(JavaStepDefinition.java:29)
	at io.cucumber.core.runner.CoreStepDefinition.execute(CoreStepDefinition.java:66)
	at io.cucumber.core.runner.PickleStepDefinitionMatch.runStep(PickleStepDefinitionMatch.java:63)
	at io.cucumber.core.runner.ExecutionMode$1.execute(ExecutionMode.java:10)
	at io.cucumber.core.runner.TestStep.executeStep(TestStep.java:81)
	at io.cucumber.core.runner.TestStep.run(TestStep.java:53)
	at io.cucumber.core.runner.PickleStepTestStep.run(PickleStepTestStep.java:51)
	at io.cucumber.core.runner.TestCase.run(TestCase.java:84)
	at io.cucumber.core.runner.Runner.runPickle(Runner.java:75)
	at io.cucumber.testng.TestNGCucumberRunner.lambda$runScenario$1(TestNGCucumberRunner.java:132)
	at io.cucumber.core.runtime.CucumberExecutionContext.lambda$runTestCase$5(CucumberExecutionContext.java:136)
	at io.cucumber.core.runtime.RethrowingThrowableCollector.executeAndThrow(RethrowingThrowableCollector.java:23)
	at io.cucumber.core.runtime.CucumberExecutionContext.runTestCase(CucumberExecutionContext.java:136)
	at io.cucumber.testng.TestNGCucumberRunner.runScenario(TestNGCucumberRunner.java:129)
	at io.cucumber.testng.AbstractTestNGCucumberTests.runScenario(AbstractTestNGCucumberTests.java:35)
	at com.eventhub.automation.runners.ParallelCucumberTestRunner.runScenario(ParallelCucumberTestRunner.java:35)
	at java.base/jdk.internal.reflect.NativeMethodAccessorImpl.invoke0(Native Method)
	at java.base/jdk.internal.reflect.NativeMethodAccessorImpl.invoke(NativeMethodAccessorImpl.java:77)
	at java.base/jdk.internal.reflect.DelegatingMethodAccessorImpl.invoke(DelegatingMethodAccessorImpl.java:43)
	at java.base/java.lang.reflect.Method.invoke(Method.java:569)
	at org.testng.internal.invokers.MethodInvocationHelper.invokeMethod(MethodInvocationHelper.java:141)
	at org.testng.internal.invokers.TestInvoker.invokeMethod(TestInvoker.java:686)
	at org.testng.internal.invokers.TestInvoker.invokeTestMethod(TestInvoker.java:230)
	at org.testng.internal.invokers.TestMethodWithDataProviderMethodWorker.call(TestMethodWithDataProviderMethodWorker.java:81)
	at org.testng.internal.thread.Async$AsyncTask.run(Async.java:34)
	at java.base/java.util.concurrent.ThreadPoolExecutor.runWorker(ThreadPoolExecutor.java:1136)
	at java.base/java.util.concurrent.ThreadPoolExecutor$Worker.run(ThreadPoolExecutor.java:635)
	at java.base/java.lang.Thread.run(Thread.java:840)

[INFO] 
[INFO] Results:
[INFO] 
[ERROR] Failures: 
[ERROR]   ParallelCucumberTestRunner.runScenario » JsonSchemaValidation com.fasterxml.jackson.core.JsonParseException: Unexpected character ('<' (code 60)): expected a valid value (JSON String, Number, Array, Object or token 'null', 'true' or 'false')
 at [Source: REDACTED (`StreamReadFeature.INCLUDE_SOURCE_IN_LOCATION` disabled); line: 1, column: 1]
[INFO] 
[ERROR] Tests run: 76, Failures: 1, Errors: 0, Skipped: 0
[INFO] 
[INFO] ------------------------------------------------------------------------
[INFO] BUILD FAILURE
[INFO] ------------------------------------------------------------------------
[INFO] Total time:  02:19 min
[INFO] Finished at: 2026-08-29T02:55:36Z
[INFO] ------------------------------------------------------------------------
[ERROR] Failed to execute goal org.apache.maven.plugins:maven-surefire-plugin:3.3.1:test (default-test) on project eventhub-selenium-bdd: There are test failures.
[ERROR] 
[ERROR] Please refer to /home/runner/work/EventHub-Selenium-BDD/EventHub-Selenium-BDD/target/surefire-reports for the individual test results.
[ERROR] Please refer to dump files (if any exist) [date].dump, [date]-jvmRun[N].dump and [date].dumpstream.
[ERROR] -> [Help 1]
[ERROR] 
[ERROR] To see the full stack trace of the errors, re-run Maven with the -e switch.
[ERROR] Re-run Maven using the -X switch to enable full debug logging.
[ERROR] 
[ERROR] For more information about the errors and possible solutions, please read the following articles:
[ERROR] [Help 1] http://cwiki.apache.org/confluence/display/MAVEN/MojoFailureException
