[INFO] Scanning for projects...
[INFO] 
[INFO] -----------------< com.eventhub:eventhub-selenium-bdd >-----------------
[INFO] Building EventHub Selenium Java BDD Framework 1.0.0-SNAPSHOT
[INFO]   from pom.xml
[INFO] --------------------------------[ jar ]---------------------------------
[INFO] 
[INFO] --- resources:3.4.0:resources (default-resources) @ eventhub-selenium-bdd ---
[INFO] skip non existing resourceDirectory /home/runner/work/EventHub-Selenium-BDD/EventHub-Selenium-BDD/src/main/resources
[INFO] 
[INFO] --- compiler:3.13.0:compile (default-compile) @ eventhub-selenium-bdd ---
[INFO] Recompiling the module because of changed source code.
[INFO] Compiling 1 source file with javac [debug release 17] to target/classes
[INFO] 
[INFO] --- resources:3.4.0:testResources (default-testResources) @ eventhub-selenium-bdd ---
[INFO] Copying 34 resources from src/test/resources to target/test-classes
[INFO] 
[INFO] --- compiler:3.13.0:testCompile (default-testCompile) @ eventhub-selenium-bdd ---
[INFO] Recompiling the module because of changed dependency.
[INFO] Compiling 50 source files with javac [debug release 17] to target/test-classes
[INFO] 
[INFO] --- surefire:3.3.1:test (default-test) @ eventhub-selenium-bdd ---
[INFO] Using auto detected provider org.apache.maven.surefire.testng.TestNGProvider
[INFO] 
[INFO] -------------------------------------------------------
[INFO]  T E S T S
[INFO] -------------------------------------------------------
[INFO] Running TestSuite

@api @contract @owner-platform @risk-contract @intent-api-contract @impact-api @p0 @smoke @parallel-safe @intent-health
Scenario: API health endpoint is available          # src/test/resources/features/api/api_contract.feature:5

@api @contract @owner-platform @risk-contract @intent-api-contract @impact-api @p1 @regression @parallel-safe @intent-documentation
Scenario: Internal API contract manifest documents automated endpoints   # src/test/resources/features/api/api_contract.feature:10

@admin @ui @owner-platform @risk-admin @intent-admin @impact-admin @p0 @smoke @parallel-safe @critical
Scenario: Admin Events page renders management controls                   # src/test/resources/features/admin/admin_event_management.feature:8

@admin @ui @owner-platform @risk-admin @intent-admin @impact-admin @p1 @regression @parallel-safe @intent-validation
Scenario: Admin event form validates required fields        # src/test/resources/features/admin/admin_event_management.feature:13
Aug 03, 2026 1:06:18 PM org.openqa.selenium.remote.tracing.opentelemetry.OpenTelemetryTracer createTracer
INFO: Using OpenTelemetry for tracing
  Then the internal API contract should document the automated endpoints # com.eventhub.automation.steps.ApiSteps.theInternalApiContractShouldDocumentTheAutomatedEndpoints()

@api @contract @owner-platform @risk-contract @intent-api-contract @impact-api @p0 @smoke @parallel-safe @intent-auth
Scenario: Registered user can authenticate through API                          # src/test/resources/features/api/api_contract.feature:14
  When I request the API health endpoint            # com.eventhub.automation.steps.ApiSteps.iRequestTheApiHealthEndpoint()
  Then the API health response should be successful # com.eventhub.automation.steps.ApiSteps.theApiHealthResponseShouldBeSuccessful()

@api @contract @owner-platform @risk-contract @intent-api-contract @impact-api @p1 @regression @parallel-safe @intent-auth
Scenario: Authenticated user can retrieve current user profile through API             # src/test/resources/features/api/api_contract.feature:20
  When I authenticate through the API                                           # com.eventhub.automation.steps.ApiSteps.iAuthenticateThroughTheApi()
  Then the API should return the registered user identity                       # com.eventhub.automation.steps.ApiSteps.theApiShouldReturnTheRegisteredUserIdentity()
  And the API response should match schema "schemas/login-response.schema.json" # com.eventhub.automation.steps.ApiSteps.theApiResponseShouldMatchSchema(java.lang.String)

@api @contract @owner-platform @risk-contract @intent-api-contract @impact-api @p0 @smoke @parallel-safe @intent-discovery
Scenario: Authenticated user can list events through API                         # src/test/resources/features/api/api_contract.feature:26
  When I request the current user profile through the API                              # com.eventhub.automation.steps.ApiSteps.iRequestTheCurrentUserProfileThroughTheApi()
  Then the API current user response should include the registered identity            # com.eventhub.automation.steps.ApiSteps.theApiCurrentUserResponseShouldIncludeTheRegisteredIdentity()
  And the API response should match schema "schemas/current-user-response.schema.json" # com.eventhub.automation.steps.ApiSteps.theApiResponseShouldMatchSchema(java.lang.String)

@api @contract @owner-platform @risk-contract @intent-api-contract @impact-api @p1 @regression @parallel-safe @intent-discovery
Scenario: Event list maps to POJO responses with required business fields          # src/test/resources/features/api/api_contract.feature:32
  When I request events through the API                                          # com.eventhub.automation.steps.ApiSteps.iRequestEventsThroughTheApi()
  Then the API events response should include seeded EventHub events             # com.eventhub.automation.steps.ApiSteps.theApiEventsResponseShouldIncludeSeededEventHubEvents()
  And the API response should match schema "schemas/events-response.schema.json" # com.eventhub.automation.steps.ApiSteps.theApiResponseShouldMatchSchema(java.lang.String)

@api @contract @owner-platform @risk-contract @intent-api-contract @impact-api @p1 @regression @parallel-safe @intent-discovery
Scenario: Authenticated user can retrieve an event detail through API                  # src/test/resources/features/api/api_contract.feature:38
  When I request events through the API                                            # com.eventhub.automation.steps.ApiSteps.iRequestEventsThroughTheApi()
  Then the API events response should map to event list POJOs with business fields # com.eventhub.automation.steps.ApiSteps.theApiEventsResponseShouldMapToEventListPojosWithBusinessFields()
  And the API response should match schema "schemas/events-response.schema.json"   # com.eventhub.automation.steps.ApiSteps.theApiResponseShouldMatchSchema(java.lang.String)

@api @contract @owner-platform @risk-contract @intent-api-contract @impact-api @p1 @regression @parallel-safe @intent-discovery
Scenario: Event detail maps to a POJO with required business fields                      # src/test/resources/features/api/api_contract.feature:44
  When I request event "World Tech Summit" through the API                             # com.eventhub.automation.steps.ApiSteps.iRequestEventThroughTheApi(java.lang.String)
  Then the API event detail response should describe "World Tech Summit"               # com.eventhub.automation.steps.ApiSteps.theApiEventDetailResponseShouldDescribe(java.lang.String)
  And the API response should match schema "schemas/event-detail-response.schema.json" # com.eventhub.automation.steps.ApiSteps.theApiResponseShouldMatchSchema(java.lang.String)

@api @contract @owner-platform @risk-contract @intent-api-contract @impact-api @p1 @regression @negative @parallel-safe @intent-security
Scenario Outline: Protected API rejects invalid or anonymous requests # src/test/resources/features/api/api_contract.feature:73
  When I authenticate through the API with invalid credentials        # com.eventhub.automation.steps.ApiSteps.iAuthenticateThroughTheApiWithInvalidCredentials()
  Then the API should reject the request with status 400              # com.eventhub.automation.steps.ApiSteps.theApiShouldRejectTheRequestWithStatus(int)
  When I request event "World Tech Summit" through the API                               # com.eventhub.automation.steps.ApiSteps.iRequestEventThroughTheApi(java.lang.String)

@api @contract @owner-platform @risk-contract @intent-api-contract @impact-api @p1 @regression @negative @parallel-safe @intent-security
Scenario Outline: Protected API rejects invalid or anonymous requests            # src/test/resources/features/api/api_contract.feature:74
  Then the API event detail response should map to an event POJO for "World Tech Summit" # com.eventhub.automation.steps.ApiSteps.theApiEventDetailResponseShouldMapToAnEventPojoFor(java.lang.String)
  And the API response should match schema "schemas/event-detail-response.schema.json"   # com.eventhub.automation.steps.ApiSteps.theApiResponseShouldMatchSchema(java.lang.String)

@api @contract @owner-platform @risk-contract @intent-api-contract @impact-api @p1 @regression @negative @parallel-safe @intent-security
Scenario Outline: Protected API rejects invalid or anonymous requests # src/test/resources/features/api/api_contract.feature:75
  When I request the current user profile through the API without authentication # com.eventhub.automation.steps.ApiSteps.iRequestTheCurrentUserProfileThroughTheApiWithoutAuthentication()
  Then the API should reject the request with status 401                         # com.eventhub.automation.steps.ApiSteps.theApiShouldRejectTheRequestWithStatus(int)

@api @contract @owner-platform @risk-contract @intent-api-contract @impact-api @p1 @regression @negative @parallel-safe @intent-security
Scenario Outline: Protected API rejects invalid or anonymous requests # src/test/resources/features/api/api_contract.feature:76
  When I request bookings through the API without authentication      # com.eventhub.automation.steps.ApiSteps.iRequestBookingsThroughTheApiWithoutAuthentication()
  Then the API should reject the request with status 401              # com.eventhub.automation.steps.ApiSteps.theApiShouldRejectTheRequestWithStatus(int)

@api @contract @owner-platform @risk-contract @intent-api-contract @impact-api @p1 @regression @negative @parallel-safe @intent-security
Scenario Outline: Protected API rejects invalid or anonymous requests # src/test/resources/features/api/api_contract.feature:77
  When I create a booking through the API without authentication      # com.eventhub.automation.steps.ApiSteps.iCreateABookingThroughTheApiWithoutAuthentication()
  Then the API should reject the request with status 401              # com.eventhub.automation.steps.ApiSteps.theApiShouldRejectTheRequestWithStatus(int)

@api @contract @owner-platform @risk-contract @intent-api-contract @impact-api @p1 @regression @negative @parallel-safe @intent-security
Scenario Outline: Protected API rejects invalid or anonymous requests # src/test/resources/features/api/api_contract.feature:78
  When I request unknown event detail through the API                 # com.eventhub.automation.steps.ApiSteps.iRequestUnknownEventDetailThroughTheApi()
  Then the API should reject the request with status 500              # com.eventhub.automation.steps.ApiSteps.theApiShouldRejectTheRequestWithStatus(int)

@api @contract @owner-platform @risk-contract @intent-api-contract @impact-api @p1 @regression @negative @parallel-safe @intent-security
Scenario Outline: Protected API rejects invalid or anonymous requests # src/test/resources/features/api/api_contract.feature:79
  When I cancel an unknown booking through the API                    # com.eventhub.automation.steps.ApiSteps.iCancelAnUnknownBookingThroughTheApi()
  Then the API should reject the request with status 500              # com.eventhub.automation.steps.ApiSteps.theApiShouldRejectTheRequestWithStatus(int)

@api @contract @owner-platform @risk-contract @intent-api-contract @impact-api @p1 @regression @negative @parallel-safe @intent-contract
Scenario Outline: API error responses follow the error contract # src/test/resources/features/api/api_contract.feature:88
  When I authenticate through the API with invalid credentials  # com.eventhub.automation.steps.ApiSteps.iAuthenticateThroughTheApiWithInvalidCredentials()
  Then the API should reject the request with an error response # com.eventhub.automation.steps.ApiSteps.theApiShouldRejectTheRequestWithAnErrorResponse()

@api @contract @owner-platform @risk-contract @intent-api-contract @impact-api @p1 @regression @negative @parallel-safe @intent-contract
Scenario Outline: API error responses follow the error contract  # src/test/resources/features/api/api_contract.feature:89
  When I create a booking through the API with invalid payload        # com.eventhub.automation.steps.ApiSteps.iCreateABookingThroughTheApiWithInvalidPayload()
  Then the API should reject the request with status 400              # com.eventhub.automation.steps.ApiSteps.theApiShouldRejectTheRequestWithStatus(int)

@api @contract @owner-platform @risk-contract @intent-api-contract @impact-api @p1 @regression @negative @parallel-safe @intent-contract
Scenario Outline: API error responses follow the error contract # src/test/resources/features/api/api_contract.feature:90
  When I request bookings through the API without authentication # com.eventhub.automation.steps.ApiSteps.iRequestBookingsThroughTheApiWithoutAuthentication()
  Then the API should reject the request with an error response  # com.eventhub.automation.steps.ApiSteps.theApiShouldRejectTheRequestWithAnErrorResponse()

@api @contract @owner-platform @risk-contract @intent-api-contract @impact-api @p1 @regression @negative @parallel-safe @intent-contract
Scenario Outline: API error responses follow the error contract # src/test/resources/features/api/api_contract.feature:91
  When I create a booking through the API with invalid payload  # com.eventhub.automation.steps.ApiSteps.iCreateABookingThroughTheApiWithInvalidPayload()
  Then the API should reject the request with an error response # com.eventhub.automation.steps.ApiSteps.theApiShouldRejectTheRequestWithAnErrorResponse()

@api @contract @owner-platform @risk-contract @intent-api-contract @impact-api @p1 @regression @negative @parallel-safe @intent-contract
Scenario Outline: Malformed booking payloads are rejected by the API contract       # src/test/resources/features/api/api_contract.feature:100
  When I create an event through the API with invalid payload   # com.eventhub.automation.steps.ApiSteps.iCreateAnEventThroughTheApiWithInvalidPayload()
  Then the API should reject the request with an error response # com.eventhub.automation.steps.ApiSteps.theApiShouldRejectTheRequestWithAnErrorResponse()

@api @contract @owner-platform @risk-contract @intent-api-contract @impact-api @p1 @regression @negative @parallel-safe @intent-contract
Scenario Outline: Malformed booking payloads are rejected by the API contract            # src/test/resources/features/api/api_contract.feature:101
  When I create a booking through the API with malformed payload "missing event id" # com.eventhub.automation.steps.ApiSteps.iCreateABookingThroughTheApiWithMalformedPayload(java.lang.String)
  Then the API should reject the request with an error response                     # com.eventhub.automation.steps.ApiSteps.theApiShouldRejectTheRequestWithAnErrorResponse()

@api @contract @owner-platform @risk-contract @intent-api-contract @impact-api @p1 @regression @negative @parallel-safe @intent-contract
Scenario Outline: Malformed booking payloads are rejected by the API contract        # src/test/resources/features/api/api_contract.feature:102
  When I create a booking through the API with malformed payload "invalid quantity type" # com.eventhub.automation.steps.ApiSteps.iCreateABookingThroughTheApiWithMalformedPayload(java.lang.String)
  Then the API should reject the request with an error response                          # com.eventhub.automation.steps.ApiSteps.theApiShouldRejectTheRequestWithAnErrorResponse()

@api @contract @owner-platform @risk-contract @intent-api-contract @impact-api @p1 @regression @negative @parallel-safe @intent-contract
Scenario Outline: Malformed event payloads are rejected by the API contract     # src/test/resources/features/api/api_contract.feature:111
  When I create a booking through the API with malformed payload "negative quantity" # com.eventhub.automation.steps.ApiSteps.iCreateABookingThroughTheApiWithMalformedPayload(java.lang.String)
  When I create an event through the API with malformed payload "missing title" # com.eventhub.automation.steps.ApiSteps.iCreateAnEventThroughTheApiWithMalformedPayload(java.lang.String)
  Then the API should reject the request with an error response                      # com.eventhub.automation.steps.ApiSteps.theApiShouldRejectTheRequestWithAnErrorResponse()
  Then the API should reject the request with an error response                 # com.eventhub.automation.steps.ApiSteps.theApiShouldRejectTheRequestWithAnErrorResponse()

@api @contract @owner-platform @risk-contract @intent-api-contract @impact-api @p1 @regression @negative @parallel-safe @intent-contract
Scenario Outline: Malformed event payloads are rejected by the API contract          # src/test/resources/features/api/api_contract.feature:112

@api @contract @owner-platform @risk-contract @intent-api-contract @impact-api @p1 @regression @negative @parallel-safe @intent-contract
Scenario Outline: Malformed event payloads are rejected by the API contract      # src/test/resources/features/api/api_contract.feature:113
  When I create an event through the API with malformed payload "invalid price type" # com.eventhub.automation.steps.ApiSteps.iCreateAnEventThroughTheApiWithMalformedPayload(java.lang.String)
  Then the API should reject the request with an error response                      # com.eventhub.automation.steps.ApiSteps.theApiShouldRejectTheRequestWithAnErrorResponse()

@auth @ui @owner-platform @risk-auth @intent-auth @impact-auth @p0 @smoke @parallel-safe @critical @intent-session
Scenario: Registered user can sign in and sign out # src/test/resources/features/auth/login.feature:5
  When I create an event through the API with malformed payload "negative seats" # com.eventhub.automation.steps.ApiSteps.iCreateAnEventThroughTheApiWithMalformedPayload(java.lang.String)
  Then the API should reject the request with an error response                  # com.eventhub.automation.steps.ApiSteps.theApiShouldRejectTheRequestWithAnErrorResponse()

@auth @ui @owner-platform @risk-auth @intent-auth @impact-auth @p1 @regression @parallel-safe @critical @intent-session
Scenario: Authenticated session survives page refresh # src/test/resources/features/auth/login.feature:13
  Given I am signed in to EventHub                          # com.eventhub.automation.steps.AuthSteps.iAmSignedInToEventHub()
  When I open the Admin Events page                         # com.eventhub.automation.steps.AdminSteps.iOpenTheAdminEventsPage()
  And I submit the admin event form without required fields # com.eventhub.automation.steps.AdminSteps.iSubmitTheAdminEventFormWithoutRequiredFields()
  Given I am on the EventHub login page            # com.eventhub.automation.steps.AuthSteps.iAmOnTheEventHubLoginPage()
  Then the admin form should show required field validation # com.eventhub.automation.steps.AdminSteps.theAdminFormShouldShowRequiredFieldValidation()

@auth @ui @owner-platform @risk-auth @intent-auth @impact-auth @p1 @regression @parallel-safe @intent-validation
Scenario: Login form validates required credentials         # src/test/resources/features/auth/login.feature:19
  Given I am signed in to EventHub                                        # com.eventhub.automation.steps.AuthSteps.iAmSignedInToEventHub()
  When I open the Admin Events page                                       # com.eventhub.automation.steps.AdminSteps.iOpenTheAdminEventsPage()
  Then the Admin Events page should show the create form and events table # com.eventhub.automation.steps.AdminSteps.theAdminEventsPageShouldShowTheCreateFormAndEventsTable()

@auth @ui @owner-platform @risk-auth @intent-auth @impact-auth @p1 @regression @parallel-safe @negative @intent-validation
Scenario Outline: Invalid credentials are rejected # src/test/resources/features/auth/login.feature:32
  When I sign in with valid registered credentials # com.eventhub.automation.steps.AuthSteps.iSignInWithValidRegisteredCredentials()
  Given I am signed in to EventHub                    # com.eventhub.automation.steps.AuthSteps.iAmSignedInToEventHub()
  Then I should see the authenticated navigation   # com.eventhub.automation.steps.AuthSteps.iShouldSeeTheAuthenticatedNavigation()
  When I sign out                                  # com.eventhub.automation.steps.AuthSteps.iSignOut()
  Then I should be returned to the login page      # com.eventhub.automation.steps.AuthSteps.iShouldBeReturnedToTheLoginPage()

@auth @ui @owner-platform @risk-auth @intent-auth @impact-auth @p1 @regression @parallel-safe @negative @intent-validation
Scenario Outline: Invalid credentials are rejected # src/test/resources/features/auth/login.feature:33
  When I refresh the current page                     # com.eventhub.automation.steps.AuthSteps.iRefreshTheCurrentPage()
  Then I should see the authenticated navigation      # com.eventhub.automation.steps.AuthSteps.iShouldSeeTheAuthenticatedNavigation()

@auth @ui @owner-platform @risk-auth @intent-auth @impact-auth @p2 @regression @parallel-safe @intent-navigation
Scenario: Register link opens account registration # src/test/resources/features/auth/login.feature:36
  Given I am on the EventHub login page                     # com.eventhub.automation.steps.AuthSteps.iAmOnTheEventHubLoginPage()
  When I submit the login form without credentials          # com.eventhub.automation.steps.AuthSteps.iSubmitTheLoginFormWithoutCredentials()
  Then the login form should show required field validation # com.eventhub.automation.steps.AuthSteps.theLoginFormShouldShowRequiredFieldValidation()

@auth @ui @owner-platform @risk-auth @intent-auth @impact-auth @p0 @regression @parallel-safe @critical @intent-security
Scenario: Anonymous user is redirected from protected route # src/test/resources/features/auth/login.feature:42
  Given I am on the EventHub login page            # com.eventhub.automation.steps.AuthSteps.iAmOnTheEventHubLoginPage()
  Given I am on the EventHub login page            # com.eventhub.automation.steps.AuthSteps.iAmOnTheEventHubLoginPage()
  When I sign in with password "WrongPassword@123" # com.eventhub.automation.steps.AuthSteps.iSignInWithPassword(java.lang.String)
  Then I should see a login error                  # com.eventhub.automation.steps.AuthSteps.iShouldSeeALoginError()

@auth @ui @owner-platform @risk-auth @intent-auth @impact-auth @p0 @regression @parallel-safe @critical @intent-security
Scenario: Anonymous user is redirected from the admin route # src/test/resources/features/auth/login.feature:48
  Given I am on the EventHub login page            # com.eventhub.automation.steps.AuthSteps.iAmOnTheEventHubLoginPage()
  When I open the registration page from login     # com.eventhub.automation.steps.AuthSteps.iOpenTheRegistrationPageFromLogin()
  Then I should be on the registration page        # com.eventhub.automation.steps.AuthSteps.iShouldBeOnTheRegistrationPage()

@auth @ui @owner-platform @risk-auth @intent-auth @impact-auth @p1 @regression @parallel-safe @intent-session
Scenario: Authenticated user can directly open a protected route # src/test/resources/features/auth/login.feature:54
  When I sign in with password "Test@12345"        # com.eventhub.automation.steps.AuthSteps.iSignInWithPassword(java.lang.String)
  Then I should see a login error                  # com.eventhub.automation.steps.AuthSteps.iShouldSeeALoginError()

@auth @ui @owner-platform @risk-auth @intent-auth @impact-auth @p1 @regression @parallel-safe @intent-session
Scenario Outline: Authenticated session survives refresh on protected pages # src/test/resources/features/auth/login.feature:68
  Given I am an anonymous visitor                           # com.eventhub.automation.steps.AuthSteps.iAmAnAnonymousVisitor()
  When I directly open protected route "/bookings"          # com.eventhub.automation.steps.AuthSteps.iDirectlyOpenProtectedRoute(java.lang.String)
  Then I should be returned to the login page               # com.eventhub.automation.steps.AuthSteps.iShouldBeReturnedToTheLoginPage()

@auth @ui @owner-platform @risk-auth @intent-auth @impact-auth @p1 @regression @parallel-safe @intent-session
Scenario Outline: Authenticated session survives refresh on protected pages # src/test/resources/features/auth/login.feature:69
  Given I am an anonymous visitor                           # com.eventhub.automation.steps.AuthSteps.iAmAnAnonymousVisitor()
  When I directly open protected route "/admin/events"      # com.eventhub.automation.steps.AuthSteps.iDirectlyOpenProtectedRoute(java.lang.String)
  Then I should be returned to the login page               # com.eventhub.automation.steps.AuthSteps.iShouldBeReturnedToTheLoginPage()

@auth @ui @owner-platform @risk-auth @intent-auth @impact-auth @p1 @regression @parallel-safe @intent-session
Scenario Outline: Authenticated session survives refresh on protected pages # src/test/resources/features/auth/login.feature:70
  Given I am signed in to EventHub                                          # com.eventhub.automation.steps.AuthSteps.iAmSignedInToEventHub()
  When I directly open protected route "/events"                            # com.eventhub.automation.steps.AuthSteps.iDirectlyOpenProtectedRoute(java.lang.String)
  Given I am signed in to EventHub                               # com.eventhub.automation.steps.AuthSteps.iAmSignedInToEventHub()
  And I refresh the current page                                            # com.eventhub.automation.steps.AuthSteps.iRefreshTheCurrentPage()
  When I directly open protected route "/bookings"               # com.eventhub.automation.steps.AuthSteps.iDirectlyOpenProtectedRoute(java.lang.String)
  Then the My Bookings page should be loaded                     # com.eventhub.automation.steps.NavigationSteps.theMyBookingsPageShouldBeLoaded()

@bookings @ui @owner-platform @risk-revenue @intent-booking @impact-bookings @p1 @regression @parallel-safe
Scenario: Event detail page shows booking form and event content # src/test/resources/features/bookings/booking_lifecycle.feature:51
  Then protected page "events" should remain loaded                         # com.eventhub.automation.steps.AuthSteps.protectedPageShouldRemainLoaded(java.lang.String)

@bookings @ui @owner-platform @risk-revenue @intent-booking @impact-bookings @p1 @regression @parallel-safe
Scenario: Ticket quantity controls update the booking total          # src/test/resources/features/bookings/booking_lifecycle.feature:56
  Given I am signed in to EventHub                                          # com.eventhub.automation.steps.AuthSteps.iAmSignedInToEventHub()
  When I directly open protected route "/bookings"                          # com.eventhub.automation.steps.AuthSteps.iDirectlyOpenProtectedRoute(java.lang.String)
  And I refresh the current page                                            # com.eventhub.automation.steps.AuthSteps.iRefreshTheCurrentPage()
  Then protected page "bookings" should remain loaded                       # com.eventhub.automation.steps.AuthSteps.protectedPageShouldRemainLoaded(java.lang.String)

@bookings @ui @owner-platform @risk-revenue @intent-booking @impact-bookings @p1 @regression @parallel-safe @negative @intent-validation
Scenario Outline: Booking form validates invalid customer data                   # src/test/resources/features/bookings/booking_lifecycle.feature:81
  Given I am signed in to EventHub                                          # com.eventhub.automation.steps.AuthSteps.iAmSignedInToEventHub()
  Given I am signed in to EventHub                                   # com.eventhub.automation.steps.AuthSteps.iAmSignedInToEventHub()
  When I directly open protected route "/admin/events"                      # com.eventhub.automation.steps.AuthSteps.iDirectlyOpenProtectedRoute(java.lang.String)
  And I refresh the current page                                            # com.eventhub.automation.steps.AuthSteps.iRefreshTheCurrentPage()
  When I open details for an event with at least 4 available tickets # com.eventhub.automation.steps.BookingSteps.iOpenDetailsForAnEventWithAtLeastAvailableTickets(int)
  Then the ticket quantity should be 1                               # com.eventhub.automation.steps.BookingSteps.theTicketQuantityShouldBe(int)
  And the ticket decrement control should be disabled                # com.eventhub.automation.steps.BookingSteps.theTicketDecrementControlShouldBeDisabled()
  Then protected page "admin events" should remain loaded                   # com.eventhub.automation.steps.AuthSteps.protectedPageShouldRemainLoaded(java.lang.String)
  When I increase tickets by 1                                       # com.eventhub.automation.steps.BookingSteps.iIncreaseTicketsBy(int)
  Then the ticket quantity should be 2                               # com.eventhub.automation.steps.BookingSteps.theTicketQuantityShouldBe(int)
  When I decrease tickets by 1                                       # com.eventhub.automation.steps.BookingSteps.iDecreaseTicketsBy(int)

@bookings @ui @owner-platform @risk-revenue @intent-booking @impact-bookings @p1 @regression @parallel-safe @negative @intent-validation
Scenario Outline: Booking form validates invalid customer data                   # src/test/resources/features/bookings/booking_lifecycle.feature:82
  Then the ticket quantity should be 1                               # com.eventhub.automation.steps.BookingSteps.theTicketQuantityShouldBe(int)

@bookings @ui @owner-platform @risk-revenue @intent-booking @impact-bookings @p1 @regression @parallel-safe @intent-validation
Scenario: Booking form validates required customer details    # src/test/resources/features/bookings/booking_lifecycle.feature:85
  Given I am signed in to EventHub                               # com.eventhub.automation.steps.AuthSteps.iAmSignedInToEventHub()
  When I open details for a bookable event                       # com.eventhub.automation.steps.BookingSteps.iOpenDetailsForABookableEvent()
  Then I should see the event detail booking panel               # com.eventhub.automation.steps.BookingSteps.iShouldSeeTheEventDetailBookingPanel()

@bookings @ui @owner-platform @risk-revenue @intent-booking @impact-bookings @p2 @regression @parallel-safe @intent-validation
Scenario: Booking form accepts generated valid customer data before submit # src/test/resources/features/bookings/booking_lifecycle.feature:91
  Given I am signed in to EventHub                                               # com.eventhub.automation.steps.AuthSteps.iAmSignedInToEventHub()
  When I open details for a bookable event                                       # com.eventhub.automation.steps.BookingSteps.iOpenDetailsForABookableEvent()
  And I enter booking customer email "invalid-email" and phone "+91 98765 43210" # com.eventhub.automation.steps.BookingSteps.iEnterBookingCustomerEmailAndPhone(java.lang.String,java.lang.String)
  Then the booking email field should be invalid                                 # com.eventhub.automation.steps.BookingSteps.theBookingEmailFieldShouldBeInvalid()

@events @ui @owner-platform @risk-discovery @intent-discovery @impact-events @p0 @smoke @parallel-safe @critical
Scenario: User can view upcoming events    # src/test/resources/features/events/event_discovery.feature:8
  Given I am signed in to EventHub                            # com.eventhub.automation.steps.AuthSteps.iAmSignedInToEventHub()
  When I open details for a bookable event                    # com.eventhub.automation.steps.BookingSteps.iOpenDetailsForABookableEvent()
  And I submit the booking form without customer details      # com.eventhub.automation.steps.BookingSteps.iSubmitTheBookingFormWithoutCustomerDetails()
  Then the booking form should show required field validation # com.eventhub.automation.steps.BookingSteps.theBookingFormShouldShowRequiredFieldValidation()
  Given I am signed in to EventHub                                               # com.eventhub.automation.steps.AuthSteps.iAmSignedInToEventHub()

@events @ui @owner-platform @risk-discovery @intent-discovery @impact-events @p1 @regression @parallel-safe
Scenario Outline: User can search for events by keyword # src/test/resources/features/events/event_discovery.feature:20
  When I open details for a bookable event                                       # com.eventhub.automation.steps.BookingSteps.iOpenDetailsForABookableEvent()
  And I enter booking customer email "gauravarora1091@gmail.com" and phone "123" # com.eventhub.automation.steps.BookingSteps.iEnterBookingCustomerEmailAndPhone(java.lang.String,java.lang.String)
  Then the booking phone field should be invalid                                 # com.eventhub.automation.steps.BookingSteps.theBookingPhoneFieldShouldBeInvalid()

@events @ui @owner-platform @risk-discovery @intent-discovery @impact-events @p1 @regression @parallel-safe
Scenario Outline: User can search for events by keyword # src/test/resources/features/events/event_discovery.feature:21
  Given I am signed in to EventHub                                         # com.eventhub.automation.steps.AuthSteps.iAmSignedInToEventHub()
  When I enter valid booking customer details for a bookable event         # com.eventhub.automation.steps.BookingSteps.iEnterValidBookingCustomerDetailsForABookableEvent()
  Then the booking form should contain the generated customer details      # com.eventhub.automation.steps.BookingSteps.theBookingFormShouldContainTheGeneratedCustomerDetails()

@events @ui @owner-platform @risk-discovery @intent-discovery @impact-events @p1 @regression @parallel-safe
Scenario Outline: User can search for events by keyword # src/test/resources/features/events/event_discovery.feature:22
  Given I am signed in to EventHub         # com.eventhub.automation.steps.AuthSteps.iAmSignedInToEventHub()
  When I open the Events page              # com.eventhub.automation.steps.EventSteps.iOpenTheEventsPage()
  Then I should see seeded upcoming events # com.eventhub.automation.steps.EventSteps.iShouldSeeSeededUpcomingEvents()

@events @ui @owner-platform @risk-discovery @intent-discovery @impact-events @p1 @regression @parallel-safe
Scenario: User can search for an event by title and exclude unrelated cards # src/test/resources/features/events/event_discovery.feature:25
  Given I am signed in to EventHub                      # com.eventhub.automation.steps.AuthSteps.iAmSignedInToEventHub()
  Given I am signed in to EventHub                      # com.eventhub.automation.steps.AuthSteps.iAmSignedInToEventHub()
  When I open the Events page                           # com.eventhub.automation.steps.EventSteps.iOpenTheEventsPage()
  When I open the Events page                           # com.eventhub.automation.steps.EventSteps.iOpenTheEventsPage()
  And I search events for "Dilli Diwali Mela"           # com.eventhub.automation.steps.EventSteps.iSearchEventsFor(java.lang.String)
  Then I should see event "Dilli Diwali Mela"           # com.eventhub.automation.steps.EventSteps.iShouldSeeEvent(java.lang.String)
  And I search events for "Pragati Maidan"              # com.eventhub.automation.steps.EventSteps.iSearchEventsFor(java.lang.String)

@events @ui @owner-platform @risk-discovery @intent-discovery @impact-events @p1 @regression @parallel-safe
Scenario: User can filter events by city and category # src/test/resources/features/events/event_discovery.feature:32
  Then I should see event "Dilli Diwali Mela"           # com.eventhub.automation.steps.EventSteps.iShouldSeeEvent(java.lang.String)

@events @ui @owner-platform @risk-discovery @intent-discovery @impact-events @p1 @regression @parallel-safe
Scenario: User can clear filters and restore the event list # src/test/resources/features/events/event_discovery.feature:39
  Given I am signed in to EventHub                      # com.eventhub.automation.steps.AuthSteps.iAmSignedInToEventHub()
  When I open the Events page                           # com.eventhub.automation.steps.EventSteps.iOpenTheEventsPage()
  And I search events for "World Tech Summit"           # com.eventhub.automation.steps.EventSteps.iSearchEventsFor(java.lang.String)
  Then I should see event "World Tech Summit"           # com.eventhub.automation.steps.EventSteps.iShouldSeeEvent(java.lang.String)

@events @ui @owner-platform @risk-discovery @intent-discovery @impact-events @p1 @regression @parallel-safe
Scenario: Event filters reset after refresh   # src/test/resources/features/events/event_discovery.feature:47
  Given I am signed in to EventHub                                          # com.eventhub.automation.steps.AuthSteps.iAmSignedInToEventHub()
  When I open the Events page                                               # com.eventhub.automation.steps.EventSteps.iOpenTheEventsPage()
  And I search events for "Dilli Diwali Mela"                               # com.eventhub.automation.steps.EventSteps.iSearchEventsFor(java.lang.String)
  Then I should see event "Dilli Diwali Mela"                               # com.eventhub.automation.steps.EventSteps.iShouldSeeEvent(java.lang.String)
  And I should not see event "World Tech Summit"                            # com.eventhub.automation.steps.EventSteps.iShouldNotSeeEvent(java.lang.String)

@events @ui @owner-platform @risk-discovery @intent-discovery @impact-events @p1 @regression @parallel-safe
Scenario: Event filters reset after navigating away and back # src/test/resources/features/events/event_discovery.feature:55
  Given I am signed in to EventHub                    # com.eventhub.automation.steps.AuthSteps.iAmSignedInToEventHub()
  When I open the Events page                         # com.eventhub.automation.steps.EventSteps.iOpenTheEventsPage()
  Given I am signed in to EventHub                          # com.eventhub.automation.steps.AuthSteps.iAmSignedInToEventHub()
  And I filter events by category "Festival"          # com.eventhub.automation.steps.EventSteps.iFilterEventsByCategory(java.lang.String)
  When I open the Events page                               # com.eventhub.automation.steps.EventSteps.iOpenTheEventsPage()
  And I filter events by category "Festival"                # com.eventhub.automation.steps.EventSteps.iFilterEventsByCategory(java.lang.String)
  And I filter events by city "Delhi"                 # com.eventhub.automation.steps.EventSteps.iFilterEventsByCity(java.lang.String)
  Then I should see event "Dilli Diwali Mela"         # com.eventhub.automation.steps.EventSteps.iShouldSeeEvent(java.lang.String)

@events @ui @owner-platform @risk-discovery @intent-discovery @impact-events @p1 @regression @parallel-safe @negative
Scenario: User sees an empty state for unmatched search         # src/test/resources/features/events/event_discovery.feature:64
  And I filter events by city "Delhi"                       # com.eventhub.automation.steps.EventSteps.iFilterEventsByCity(java.lang.String)
  And I clear event filters                                 # com.eventhub.automation.steps.EventSteps.iClearEventFilters()
  Then I should see seeded upcoming events                  # com.eventhub.automation.steps.EventSteps.iShouldSeeSeededUpcomingEvents()

@events @ui @owner-platform @risk-discovery @intent-discovery @impact-events @p1 @regression @parallel-safe
Scenario: Event cards expose business-critical details                                                                            # src/test/resources/features/events/event_discovery.feature:70
      org.openqa.selenium.SessionNotCreatedException: Could not start a new session. Possible causes are invalid address of the remote server or browser start-up failure. 
Host info: host: 'runnervmvrwv9', ip: '10.1.0.17'
	at org.openqa.selenium.remote.RemoteWebDriver.execute(RemoteWebDriver.java:596)
	at org.openqa.selenium.remote.RemoteWebDriver.startSession(RemoteWebDriver.java:259)
	at org.openqa.selenium.remote.RemoteWebDriver.<init>(RemoteWebDriver.java:204)
	at org.openqa.selenium.remote.RemoteWebDriver.<init>(RemoteWebDriver.java:169)
	at org.openqa.selenium.remote.RemoteWebDriver.<init>(RemoteWebDriver.java:165)
	at com.eventhub.automation.drivers.DriverFactory.createBrowserStackFirefoxDriver(DriverFactory.java:96)
	at com.eventhub.automation.drivers.DriverFactory.createDriver(DriverFactory.java:50)
	at com.eventhub.automation.drivers.DriverManager.initializeDriver(DriverManager.java:14)
	at com.eventhub.automation.hooks.CucumberHooks.startBrowser(CucumberHooks.java:36)
Caused by: org.openqa.selenium.WebDriverException: Automate testing time expired.
Build info: version: '4.45.0', revision: 'cd6a3cd cd6a3cdfca6970f62e5bc8344109d0fe0e2af05e'
System info: os.name: 'Linux', os.arch: 'amd64', os.version: '6.17.0-1020-azure', java.version: '17.0.19'
Driver info: driver.version: RemoteWebDriver
remote stacktrace: 
	at java.base/jdk.internal.reflect.NativeConstructorAccessorImpl.newInstance0(Native Method)
	at java.base/jdk.internal.reflect.NativeConstructorAccessorImpl.newInstance(NativeConstructorAccessorImpl.java:77)
	at java.base/jdk.internal.reflect.DelegatingConstructorAccessorImpl.newInstance(DelegatingConstructorAccessorImpl.java:45)
	at java.base/java.lang.reflect.Constructor.newInstanceWithCaller(Constructor.java:500)
	at java.base/java.lang.reflect.Constructor.newInstance(Constructor.java:481)
	at org.openqa.selenium.remote.W3CHandshakeResponse.lambda$errorHandler$0(W3CHandshakeResponse.java:60)
	at org.openqa.selenium.remote.HandshakeResponse.lambda$getResponseFunction$0(HandshakeResponse.java:33)
	at org.openqa.selenium.remote.ProtocolHandshake.lambda$createSession$0(ProtocolHandshake.java:121)
	at java.base/java.util.stream.ReferencePipeline$3$1.accept(ReferencePipeline.java:197)
	at java.base/java.util.stream.Streams$StreamBuilderImpl.tryAdvance(Streams.java:397)
	at java.base/java.util.stream.ReferencePipeline.forEachWithCancel(ReferencePipeline.java:129)
	at java.base/java.util.stream.AbstractPipeline.copyIntoWithCancel(AbstractPipeline.java:527)
	at java.base/java.util.stream.AbstractPipeline.copyInto(AbstractPipeline.java:513)
	at java.base/java.util.stream.AbstractPipeline.wrapAndCopyInto(AbstractPipeline.java:499)
	at java.base/java.util.stream.FindOps$FindOp.evaluateSequential(FindOps.java:150)
	at java.base/java.util.stream.AbstractPipeline.evaluate(AbstractPipeline.java:234)
	at java.base/java.util.stream.ReferencePipeline.findFirst(ReferencePipeline.java:647)
	at org.openqa.selenium.remote.ProtocolHandshake.createSession(ProtocolHandshake.java:123)
	at org.openqa.selenium.remote.ProtocolHandshake.createSession(ProtocolHandshake.java:76)
	at org.openqa.selenium.remote.ProtocolHandshake.createSession(ProtocolHandshake.java:62)
	at org.openqa.selenium.remote.HttpCommandExecutor.execute(HttpCommandExecutor.java:171)
	at org.openqa.selenium.remote.TracedCommandExecutor.execute(TracedCommandExecutor.java:51)
	at org.openqa.selenium.remote.RemoteWebDriver.execute(RemoteWebDriver.java:575)
	at org.openqa.selenium.remote.RemoteWebDriver.startSession(RemoteWebDriver.java:259)
	at org.openqa.selenium.remote.RemoteWebDriver.<init>(RemoteWebDriver.java:204)
	at org.openqa.selenium.remote.RemoteWebDriver.<init>(RemoteWebDriver.java:169)
	at org.openqa.selenium.remote.RemoteWebDriver.<init>(RemoteWebDriver.java:165)
	at com.eventhub.automation.drivers.DriverFactory.createBrowserStackFirefoxDriver(DriverFactory.java:96)
	at com.eventhub.automation.drivers.DriverFactory.createDriver(DriverFactory.java:50)
	at com.eventhub.automation.drivers.DriverManager.initializeDriver(DriverManager.java:14)
	at com.eventhub.automation.hooks.CucumberHooks.startBrowser(CucumberHooks.java:36)
	at jdk.internal.reflect.GeneratedMethodAccessor342.invoke(Unknown Source)
	at java.base/jdk.internal.reflect.DelegatingMethodAccessorImpl.invoke(DelegatingMethodAccessorImpl.java:43)
	at java.base/java.lang.reflect.Method.invoke(Method.java:569)
	at io.cucumber.java.Invoker.doInvoke(Invoker.java:66)
	at io.cucumber.java.Invoker.invoke(Invoker.java:24)
	at io.cucumber.java.AbstractGlueDefinition.invokeMethod(AbstractGlueDefinition.java:47)
	at io.cucumber.java.JavaHookDefinition.execute(JavaHookDefinition.java:64)
	at io.cucumber.core.runner.CoreHookDefinition.execute(CoreHookDefinition.java:46)
	at io.cucumber.core.runner.HookDefinitionMatch.runStep(HookDefinitionMatch.java:21)
	at io.cucumber.core.runner.ExecutionMode$1.execute(ExecutionMode.java:10)
	at io.cucumber.core.runner.TestStep.executeStep(TestStep.java:81)
	at io.cucumber.core.runner.TestStep.run(TestStep.java:53)
	at io.cucumber.core.runner.TestCase.run(TestCase.java:78)
	at io.cucumber.core.runner.Runner.runPickle(Runner.java:75)
	at io.cucumber.testng.TestNGCucumberRunner.lambda$runScenario$1(TestNGCucumberRunner.java:132)
	at io.cucumber.core.runtime.CucumberExecutionContext.lambda$runTestCase$5(CucumberExecutionContext.java:136)
	at io.cucumber.core.runtime.RethrowingThrowableCollector.executeAndThrow(RethrowingThrowableCollector.java:23)
	at io.cucumber.core.runtime.CucumberExecutionContext.runTestCase(CucumberExecutionContext.java:136)
	at io.cucumber.testng.TestNGCucumberRunner.runScenario(TestNGCucumberRunner.java:129)
	at io.cucumber.testng.AbstractTestNGCucumberTests.runScenario(AbstractTestNGCucumberTests.java:35)
	at com.eventhub.automation.runners.ParallelCucumberTestRunner.runScenario(ParallelCucumberTestRunner.java:35)
	at jdk.internal.reflect.GeneratedMethodAccessor282.invoke(Unknown Source)
	at java.base/jdk.internal.reflect.DelegatingMethodAccessorImpl.invoke(DelegatingMethodAccessorImpl.java:43)
	at java.base/java.lang.reflect.Method.invoke(Method.java:569)
	at org.testng.internal.invokers.MethodInvocationHelper.invokeMethod(MethodInvocationHelper.java:141)
	at org.testng.internal.invokers.TestInvoker.invokeMethod(TestInvoker.java:686)
	at org.testng.internal.invokers.TestInvoker.invokeTestMethod(TestInvoker.java:230)
	at org.testng.internal.invokers.TestMethodWithDataProviderMethodWorker.call(TestMethodWithDataProviderMethodWorker.java:81)
	at org.testng.internal.thread.Async$AsyncTask.run(Async.java:34)
	at java.base/java.util.concurrent.ThreadPoolExecutor.runWorker(ThreadPoolExecutor.java:1136)
	at java.base/java.util.concurrent.ThreadPoolExecutor$Worker.run(ThreadPoolExecutor.java:635)
	at java.base/java.lang.Thread.run(Thread.java:840)

  Given I am signed in to EventHub                                                                                                # com.eventhub.automation.steps.AuthSteps.iAmSignedInToEventHub()
  When I open the Events page                                                                                                     # com.eventhub.automation.steps.EventSteps.iOpenTheEventsPage()
  Then event "Dilli Diwali Mela" card should show category "Festival", city "Delhi", price "$300", seats, and availability status # com.eventhub.automation.steps.EventSteps.eventCardShouldShowBusinessDetails(java.lang.String,java.lang.String,java.lang.String,java.lang.String)
      com.eventhub.automation.exceptions.FrameworkException: WebDriver was not initialized for this thread.
	at com.eventhub.automation.drivers.DriverManager.getDriver(DriverManager.java:21)
	at com.eventhub.automation.utils.ScreenshotUtils.captureBytes(ScreenshotUtils.java:39)
	at com.eventhub.automation.hooks.CucumberHooks.stopBrowser(CucumberHooks.java:43)


@events @ui @owner-platform @risk-discovery @intent-discovery @impact-events @p1 @regression @parallel-safe
Scenario Outline: User can open event details                      # src/test/resources/features/events/event_discovery.feature:81
      org.openqa.selenium.SessionNotCreatedException: Could not start a new session. Handshake response does not match any supported protocol. Response payload: {"value":{"message":"Automate testing time expired."},"sessionId":"","status":13} 
Host info: host: 'runnervmvrwv9', ip: '10.1.0.17'
Build info: version: '4.45.0', revision: 'cd6a3cd cd6a3cdfca6970f62e5bc8344109d0fe0e2af05e'
System info: os.name: 'Linux', os.arch: 'amd64', os.version: '6.17.0-1020-azure', java.version: '17.0.19'
Driver info: org.openqa.selenium.remote.RemoteWebDriver
Command: [null, newSession {capabilities=[Capabilities {acceptInsecureCerts: true, browserName: firefox, bstack:options: {buildName: EventHub Selenium BDD-30816..., debug: true, local: false, networkLogs: true, os: Windows, osVersion: 11, projectName: EventHub Selenium BDD, sessionName: selected-firefox-all-parall...}, moz:firefoxOptions: {prefs: {dom.webnotifications.enabled: false, remote.active-protocols: 1, signon.rememberSignons: false}}}]}]
Capabilities {acceptInsecureCerts: true, browserName: firefox, bstack:options: {buildName: EventHub Selenium BDD-30816..., debug: true, local: false, networkLogs: true, os: Windows, osVersion: 11, projectName: EventHub Selenium BDD, sessionName: selected-firefox-all-parall...}, moz:firefoxOptions: {prefs: {dom.webnotifications.enabled: false, remote.active-protocols: 1, signon.rememberSignons: false}}}
	at org.openqa.selenium.remote.ProtocolHandshake.lambda$createSession$1(ProtocolHandshake.java:129)
	at java.base/java.util.Optional.orElseGet(Optional.java:364)
	at org.openqa.selenium.remote.ProtocolHandshake.createSession(ProtocolHandshake.java:125)
	at org.openqa.selenium.remote.ProtocolHandshake.createSession(ProtocolHandshake.java:76)
	at org.openqa.selenium.remote.ProtocolHandshake.createSession(ProtocolHandshake.java:62)
	at org.openqa.selenium.remote.HttpCommandExecutor.execute(HttpCommandExecutor.java:171)
	at org.openqa.selenium.remote.TracedCommandExecutor.execute(TracedCommandExecutor.java:51)
	at org.openqa.selenium.remote.RemoteWebDriver.execute(RemoteWebDriver.java:575)
	at org.openqa.selenium.remote.RemoteWebDriver.startSession(RemoteWebDriver.java:259)
	at org.openqa.selenium.remote.RemoteWebDriver.<init>(RemoteWebDriver.java:204)
	at org.openqa.selenium.remote.RemoteWebDriver.<init>(RemoteWebDriver.java:169)
	at org.openqa.selenium.remote.RemoteWebDriver.<init>(RemoteWebDriver.java:165)
	at com.eventhub.automation.drivers.DriverFactory.createBrowserStackFirefoxDriver(DriverFactory.java:96)
	at com.eventhub.automation.drivers.DriverFactory.createDriver(DriverFactory.java:50)
	at com.eventhub.automation.drivers.DriverManager.initializeDriver(DriverManager.java:14)
	at com.eventhub.automation.hooks.CucumberHooks.startBrowser(CucumberHooks.java:36)

  Given I am signed in to EventHub                                 # com.eventhub.automation.steps.AuthSteps.iAmSignedInToEventHub()
  When I open details from the title for event "World Tech Summit" # com.eventhub.automation.steps.EventSteps.iOpenDetailsFromTheTitleForEvent(java.lang.String)
  Then I should see metadata for event "World Tech Summit"         # com.eventhub.automation.steps.EventSteps.iShouldSeeMetadataForEvent(java.lang.String)
      com.eventhub.automation.exceptions.FrameworkException: WebDriver was not initialized for this thread.
	at com.eventhub.automation.drivers.DriverManager.getDriver(DriverManager.java:21)
	at com.eventhub.automation.utils.ScreenshotUtils.captureBytes(ScreenshotUtils.java:39)
	at com.eventhub.automation.hooks.CucumberHooks.stopBrowser(CucumberHooks.java:43)


@events @ui @owner-platform @risk-discovery @intent-discovery @impact-events @p1 @regression @parallel-safe @critical
Scenario: Event detail deep link loads correct metadata           # src/test/resources/features/events/event_discovery.feature:84
  Given I am signed in to EventHub            # com.eventhub.automation.steps.AuthSteps.iAmSignedInToEventHub()
      org.openqa.selenium.SessionNotCreatedException: Could not start a new session. Handshake response does not match any supported protocol. Response payload: {"value":{"message":"Automate testing time expired."},"sessionId":"","status":13} 
Host info: host: 'runnervmvrwv9', ip: '10.1.0.17'
Build info: version: '4.45.0', revision: 'cd6a3cd cd6a3cdfca6970f62e5bc8344109d0fe0e2af05e'
System info: os.name: 'Linux', os.arch: 'amd64', os.version: '6.17.0-1020-azure', java.version: '17.0.19'
Driver info: org.openqa.selenium.remote.RemoteWebDriver
Command: [null, newSession {capabilities=[Capabilities {acceptInsecureCerts: true, browserName: firefox, bstack:options: {buildName: EventHub Selenium BDD-30816..., debug: true, local: false, networkLogs: true, os: Windows, osVersion: 11, projectName: EventHub Selenium BDD, sessionName: selected-firefox-all-parall...}, moz:firefoxOptions: {prefs: {dom.webnotifications.enabled: false, remote.active-protocols: 1, signon.rememberSignons: false}}}]}]
Capabilities {acceptInsecureCerts: true, browserName: firefox, bstack:options: {buildName: EventHub Selenium BDD-30816..., debug: true, local: false, networkLogs: true, os: Windows, osVersion: 11, projectName: EventHub Selenium BDD, sessionName: selected-firefox-all-parall...}, moz:firefoxOptions: {prefs: {dom.webnotifications.enabled: false, remote.active-protocols: 1, signon.rememberSignons: false}}}
	at org.openqa.selenium.remote.ProtocolHandshake.lambda$createSession$1(ProtocolHandshake.java:129)
	at java.base/java.util.Optional.orElseGet(Optional.java:364)
	at org.openqa.selenium.remote.ProtocolHandshake.createSession(ProtocolHandshake.java:125)
	at org.openqa.selenium.remote.ProtocolHandshake.createSession(ProtocolHandshake.java:76)
	at org.openqa.selenium.remote.ProtocolHandshake.createSession(ProtocolHandshake.java:62)
	at org.openqa.selenium.remote.HttpCommandExecutor.execute(HttpCommandExecutor.java:171)
	at org.openqa.selenium.remote.TracedCommandExecutor.execute(TracedCommandExecutor.java:51)
	at org.openqa.selenium.remote.RemoteWebDriver.execute(RemoteWebDriver.java:575)
	at org.openqa.selenium.remote.RemoteWebDriver.startSession(RemoteWebDriver.java:259)
	at org.openqa.selenium.remote.RemoteWebDriver.<init>(RemoteWebDriver.java:204)
	at org.openqa.selenium.remote.RemoteWebDriver.<init>(RemoteWebDriver.java:169)
	at org.openqa.selenium.remote.RemoteWebDriver.<init>(RemoteWebDriver.java:165)
	at com.eventhub.automation.drivers.DriverFactory.createBrowserStackFirefoxDriver(DriverFactory.java:96)
	at com.eventhub.automation.drivers.DriverFactory.createDriver(DriverFactory.java:50)
	at com.eventhub.automation.drivers.DriverManager.initializeDriver(DriverManager.java:14)
	at com.eventhub.automation.hooks.CucumberHooks.startBrowser(CucumberHooks.java:36)

  Given I am signed in to EventHub                                # com.eventhub.automation.steps.AuthSteps.iAmSignedInToEventHub()
  When I directly open event detail for event "World Tech Summit" # com.eventhub.automation.steps.EventSteps.iDirectlyOpenEventDetailForEvent(java.lang.String)
  Then I should see metadata for event "World Tech Summit"        # com.eventhub.automation.steps.EventSteps.iShouldSeeMetadataForEvent(java.lang.String)
      com.eventhub.automation.exceptions.FrameworkException: WebDriver was not initialized for this thread.
	at com.eventhub.automation.drivers.DriverManager.getDriver(DriverManager.java:21)
	at com.eventhub.automation.utils.ScreenshotUtils.captureBytes(ScreenshotUtils.java:39)
	at com.eventhub.automation.hooks.CucumberHooks.stopBrowser(CucumberHooks.java:43)


@events @ui @owner-platform @risk-discovery @intent-discovery @impact-events @p1 @regression @parallel-safe @critical
Scenario: User can open a bookable event detail page from Book Now # src/test/resources/features/events/event_discovery.feature:89
      org.openqa.selenium.SessionNotCreatedException: Could not start a new session. Handshake response does not match any supported protocol. Response payload: {"value":{"message":"Automate testing time expired."},"sessionId":"","status":13} 
Host info: host: 'runnervmvrwv9', ip: '10.1.0.17'
Build info: version: '4.45.0', revision: 'cd6a3cd cd6a3cdfca6970f62e5bc8344109d0fe0e2af05e'
System info: os.name: 'Linux', os.arch: 'amd64', os.version: '6.17.0-1020-azure', java.version: '17.0.19'
Driver info: org.openqa.selenium.remote.RemoteWebDriver
Command: [null, newSession {capabilities=[Capabilities {acceptInsecureCerts: true, browserName: firefox, bstack:options: {buildName: EventHub Selenium BDD-30816..., debug: true, local: false, networkLogs: true, os: Windows, osVersion: 11, projectName: EventHub Selenium BDD, sessionName: selected-firefox-all-parall...}, moz:firefoxOptions: {prefs: {dom.webnotifications.enabled: false, remote.active-protocols: 1, signon.rememberSignons: false}}}]}]
Capabilities {acceptInsecureCerts: true, browserName: firefox, bstack:options: {buildName: EventHub Selenium BDD-30816..., debug: true, local: false, networkLogs: true, os: Windows, osVersion: 11, projectName: EventHub Selenium BDD, sessionName: selected-firefox-all-parall...}, moz:firefoxOptions: {prefs: {dom.webnotifications.enabled: false, remote.active-protocols: 1, signon.rememberSignons: false}}}
	at org.openqa.selenium.remote.ProtocolHandshake.lambda$createSession$1(ProtocolHandshake.java:129)
	at java.base/java.util.Optional.orElseGet(Optional.java:364)
	at org.openqa.selenium.remote.ProtocolHandshake.createSession(ProtocolHandshake.java:125)
	at org.openqa.selenium.remote.ProtocolHandshake.createSession(ProtocolHandshake.java:76)
	at org.openqa.selenium.remote.ProtocolHandshake.createSession(ProtocolHandshake.java:62)
	at org.openqa.selenium.remote.HttpCommandExecutor.execute(HttpCommandExecutor.java:171)
	at org.openqa.selenium.remote.TracedCommandExecutor.execute(TracedCommandExecutor.java:51)
	at org.openqa.selenium.remote.RemoteWebDriver.execute(RemoteWebDriver.java:575)
	at org.openqa.selenium.remote.RemoteWebDriver.startSession(RemoteWebDriver.java:259)
	at org.openqa.selenium.remote.RemoteWebDriver.<init>(RemoteWebDriver.java:204)
	at org.openqa.selenium.remote.RemoteWebDriver.<init>(RemoteWebDriver.java:169)
	at org.openqa.selenium.remote.RemoteWebDriver.<init>(RemoteWebDriver.java:165)
	at com.eventhub.automation.drivers.DriverFactory.createBrowserStackFirefoxDriver(DriverFactory.java:96)
	at com.eventhub.automation.drivers.DriverFactory.createDriver(DriverFactory.java:50)
	at com.eventhub.automation.drivers.DriverManager.initializeDriver(DriverManager.java:14)
	at com.eventhub.automation.hooks.CucumberHooks.startBrowser(CucumberHooks.java:36)

  Given I am signed in to EventHub                                 # com.eventhub.automation.steps.AuthSteps.iAmSignedInToEventHub()
  When I open details from Book Now for a bookable event           # com.eventhub.automation.steps.EventSteps.iOpenDetailsFromBookNowForABookableEvent()
  Then I should see the event detail booking panel                 # com.eventhub.automation.steps.BookingSteps.iShouldSeeTheEventDetailBookingPanel()
      com.eventhub.automation.exceptions.FrameworkException: WebDriver was not initialized for this thread.
	at com.eventhub.automation.drivers.DriverManager.getDriver(DriverManager.java:21)
	at com.eventhub.automation.utils.ScreenshotUtils.captureBytes(ScreenshotUtils.java:39)
	at com.eventhub.automation.hooks.CucumberHooks.stopBrowser(CucumberHooks.java:43)


@navigation @ui @owner-platform @risk-navigation @intent-navigation @impact-navigation @p1 @regression @parallel-safe
Scenario: Authenticated user can move across primary navigation # src/test/resources/features/navigation/navigation.feature:8
  When I open the Events page                 # com.eventhub.automation.steps.EventSteps.iOpenTheEventsPage()
      org.openqa.selenium.SessionNotCreatedException: Could not start a new session. Handshake response does not match any supported protocol. Response payload: {"value":{"message":"Automate testing time expired."},"sessionId":"","status":13} 
Host info: host: 'runnervmvrwv9', ip: '10.1.0.17'
Build info: version: '4.45.0', revision: 'cd6a3cd cd6a3cdfca6970f62e5bc8344109d0fe0e2af05e'
System info: os.name: 'Linux', os.arch: 'amd64', os.version: '6.17.0-1020-azure', java.version: '17.0.19'
Driver info: org.openqa.selenium.remote.RemoteWebDriver
Command: [null, newSession {capabilities=[Capabilities {acceptInsecureCerts: true, browserName: firefox, bstack:options: {buildName: EventHub Selenium BDD-30816..., debug: true, local: false, networkLogs: true, os: Windows, osVersion: 11, projectName: EventHub Selenium BDD, sessionName: selected-firefox-all-parall...}, moz:firefoxOptions: {prefs: {dom.webnotifications.enabled: false, remote.active-protocols: 1, signon.rememberSignons: false}}}]}]
Capabilities {acceptInsecureCerts: true, browserName: firefox, bstack:options: {buildName: EventHub Selenium BDD-30816..., debug: true, local: false, networkLogs: true, os: Windows, osVersion: 11, projectName: EventHub Selenium BDD, sessionName: selected-firefox-all-parall...}, moz:firefoxOptions: {prefs: {dom.webnotifications.enabled: false, remote.active-protocols: 1, signon.rememberSignons: false}}}
	at org.openqa.selenium.remote.ProtocolHandshake.lambda$createSession$1(ProtocolHandshake.java:129)
	at java.base/java.util.Optional.orElseGet(Optional.java:364)
	at org.openqa.selenium.remote.ProtocolHandshake.createSession(ProtocolHandshake.java:125)
	at org.openqa.selenium.remote.ProtocolHandshake.createSession(ProtocolHandshake.java:76)
	at org.openqa.selenium.remote.ProtocolHandshake.createSession(ProtocolHandshake.java:62)
	at org.openqa.selenium.remote.HttpCommandExecutor.execute(HttpCommandExecutor.java:171)
	at org.openqa.selenium.remote.TracedCommandExecutor.execute(TracedCommandExecutor.java:51)
	at org.openqa.selenium.remote.RemoteWebDriver.execute(RemoteWebDriver.java:575)
	at org.openqa.selenium.remote.RemoteWebDriver.startSession(RemoteWebDriver.java:259)
	at org.openqa.selenium.remote.RemoteWebDriver.<init>(RemoteWebDriver.java:204)
	at org.openqa.selenium.remote.RemoteWebDriver.<init>(RemoteWebDriver.java:169)
	at org.openqa.selenium.remote.RemoteWebDriver.<init>(RemoteWebDriver.java:165)
	at com.eventhub.automation.drivers.DriverFactory.createBrowserStackFirefoxDriver(DriverFactory.java:96)
	at com.eventhub.automation.drivers.DriverFactory.createDriver(DriverFactory.java:50)
	at com.eventhub.automation.drivers.DriverManager.initializeDriver(DriverManager.java:14)
	at com.eventhub.automation.hooks.CucumberHooks.startBrowser(CucumberHooks.java:36)

  Given I am signed in to EventHub                              # com.eventhub.automation.steps.AuthSteps.iAmSignedInToEventHub()
  When I open Home from the navigation                          # com.eventhub.automation.steps.NavigationSteps.iOpenHomeFromTheNavigation()
  Then the Home page should be loaded                           # com.eventhub.automation.steps.NavigationSteps.theHomePageShouldBeLoaded()
  When I open Events from the navigation                        # com.eventhub.automation.steps.NavigationSteps.iOpenEventsFromTheNavigation()
  Then the Events page should be loaded                         # com.eventhub.automation.steps.NavigationSteps.theEventsPageShouldBeLoaded()
  When I open My Bookings from the navigation                   # com.eventhub.automation.steps.NavigationSteps.iOpenMyBookingsFromTheNavigation()
  Then the My Bookings page should be loaded                    # com.eventhub.automation.steps.NavigationSteps.theMyBookingsPageShouldBeLoaded()
      com.eventhub.automation.exceptions.FrameworkException: WebDriver was not initialized for this thread.
	at com.eventhub.automation.drivers.DriverManager.getDriver(DriverManager.java:21)
	at com.eventhub.automation.utils.ScreenshotUtils.captureBytes(ScreenshotUtils.java:39)
	at com.eventhub.automation.hooks.CucumberHooks.stopBrowser(CucumberHooks.java:43)


@accessibility @ui @owner-platform @risk-ux @intent-accessibility @impact-ux @p1 @regression @parallel-safe
Scenario Outline: Key pages expose basic accessibility semantics     # src/test/resources/features/ux/accessibility_smoke.feature:16
  And I search events for "Dilli Diwali Mela" # com.eventhub.automation.steps.EventSteps.iSearchEventsFor(java.lang.String)
  Given I am signed in to EventHub                           # com.eventhub.automation.steps.AuthSteps.iAmSignedInToEventHub()
      org.openqa.selenium.SessionNotCreatedException: Could not start a new session. Handshake response does not match any supported protocol. Response payload: {"value":{"message":"Automate testing time expired."},"sessionId":"","status":13} 
Host info: host: 'runnervmvrwv9', ip: '10.1.0.17'
Build info: version: '4.45.0', revision: 'cd6a3cd cd6a3cdfca6970f62e5bc8344109d0fe0e2af05e'
System info: os.name: 'Linux', os.arch: 'amd64', os.version: '6.17.0-1020-azure', java.version: '17.0.19'
Driver info: org.openqa.selenium.remote.RemoteWebDriver
Command: [null, newSession {capabilities=[Capabilities {acceptInsecureCerts: true, browserName: firefox, bstack:options: {buildName: EventHub Selenium BDD-30816..., debug: true, local: false, networkLogs: true, os: Windows, osVersion: 11, projectName: EventHub Selenium BDD, sessionName: selected-firefox-all-parall...}, moz:firefoxOptions: {prefs: {dom.webnotifications.enabled: false, remote.active-protocols: 1, signon.rememberSignons: false}}}]}]
Capabilities {acceptInsecureCerts: true, browserName: firefox, bstack:options: {buildName: EventHub Selenium BDD-30816..., debug: true, local: false, networkLogs: true, os: Windows, osVersion: 11, projectName: EventHub Selenium BDD, sessionName: selected-firefox-all-parall...}, moz:firefoxOptions: {prefs: {dom.webnotifications.enabled: false, remote.active-protocols: 1, signon.rememberSignons: false}}}
	at org.openqa.selenium.remote.ProtocolHandshake.lambda$createSession$1(ProtocolHandshake.java:129)
	at java.base/java.util.Optional.orElseGet(Optional.java:364)
	at org.openqa.selenium.remote.ProtocolHandshake.createSession(ProtocolHandshake.java:125)
	at org.openqa.selenium.remote.ProtocolHandshake.createSession(ProtocolHandshake.java:76)
	at org.openqa.selenium.remote.ProtocolHandshake.createSession(ProtocolHandshake.java:62)
	at org.openqa.selenium.remote.HttpCommandExecutor.execute(HttpCommandExecutor.java:171)
	at org.openqa.selenium.remote.TracedCommandExecutor.execute(TracedCommandExecutor.java:51)
	at org.openqa.selenium.remote.RemoteWebDriver.execute(RemoteWebDriver.java:575)
	at org.openqa.selenium.remote.RemoteWebDriver.startSession(RemoteWebDriver.java:259)
	at org.openqa.selenium.remote.RemoteWebDriver.<init>(RemoteWebDriver.java:204)
	at org.openqa.selenium.remote.RemoteWebDriver.<init>(RemoteWebDriver.java:169)
	at org.openqa.selenium.remote.RemoteWebDriver.<init>(RemoteWebDriver.java:165)
	at com.eventhub.automation.drivers.DriverFactory.createBrowserStackFirefoxDriver(DriverFactory.java:96)
	at com.eventhub.automation.drivers.DriverFactory.createDriver(DriverFactory.java:50)
	at com.eventhub.automation.drivers.DriverManager.initializeDriver(DriverManager.java:14)
	at com.eventhub.automation.hooks.CucumberHooks.startBrowser(CucumberHooks.java:36)

  Given I am signed in to EventHub                                   # com.eventhub.automation.steps.AuthSteps.iAmSignedInToEventHub()
  When I open UX smoke page "home"                                   # com.eventhub.automation.steps.UxSmokeSteps.iOpenUxSmokePage(java.lang.String)
  Then the page should expose basic accessibility semantics          # com.eventhub.automation.steps.UxSmokeSteps.thePageShouldExposeBasicAccessibilitySemantics()
  And the page should generate an Axe accessibility advisory report  # com.eventhub.automation.steps.UxSmokeSteps.thePageShouldGenerateAnAxeAccessibilityAdvisoryReport()
  And the page should satisfy the configured accessibility threshold # com.eventhub.automation.steps.UxSmokeSteps.thePageShouldSatisfyTheConfiguredAccessibilityThreshold()
      com.eventhub.automation.exceptions.FrameworkException: WebDriver was not initialized for this thread.
	at com.eventhub.automation.drivers.DriverManager.getDriver(DriverManager.java:21)
	at com.eventhub.automation.utils.ScreenshotUtils.captureBytes(ScreenshotUtils.java:39)
	at com.eventhub.automation.hooks.CucumberHooks.stopBrowser(CucumberHooks.java:43)


@accessibility @ui @owner-platform @risk-ux @intent-accessibility @impact-ux @p1 @regression @parallel-safe
Scenario Outline: Key pages expose basic accessibility semantics     # src/test/resources/features/ux/accessibility_smoke.feature:17
      org.openqa.selenium.SessionNotCreatedException: Could not start a new session. Handshake response does not match any supported protocol. Response payload: {"value":{"message":"Automate testing time expired."},"sessionId":"","status":13} 
Host info: host: 'runnervmvrwv9', ip: '10.1.0.17'
Build info: version: '4.45.0', revision: 'cd6a3cd cd6a3cdfca6970f62e5bc8344109d0fe0e2af05e'
System info: os.name: 'Linux', os.arch: 'amd64', os.version: '6.17.0-1020-azure', java.version: '17.0.19'
Driver info: org.openqa.selenium.remote.RemoteWebDriver
Command: [null, newSession {capabilities=[Capabilities {acceptInsecureCerts: true, browserName: firefox, bstack:options: {buildName: EventHub Selenium BDD-30816..., debug: true, local: false, networkLogs: true, os: Windows, osVersion: 11, projectName: EventHub Selenium BDD, sessionName: selected-firefox-all-parall...}, moz:firefoxOptions: {prefs: {dom.webnotifications.enabled: false, remote.active-protocols: 1, signon.rememberSignons: false}}}]}]
Capabilities {acceptInsecureCerts: true, browserName: firefox, bstack:options: {buildName: EventHub Selenium BDD-30816..., debug: true, local: false, networkLogs: true, os: Windows, osVersion: 11, projectName: EventHub Selenium BDD, sessionName: selected-firefox-all-parall...}, moz:firefoxOptions: {prefs: {dom.webnotifications.enabled: false, remote.active-protocols: 1, signon.rememberSignons: false}}}
	at org.openqa.selenium.remote.ProtocolHandshake.lambda$createSession$1(ProtocolHandshake.java:129)
	at java.base/java.util.Optional.orElseGet(Optional.java:364)
	at org.openqa.selenium.remote.ProtocolHandshake.createSession(ProtocolHandshake.java:125)
	at org.openqa.selenium.remote.ProtocolHandshake.createSession(ProtocolHandshake.java:76)
	at org.openqa.selenium.remote.ProtocolHandshake.createSession(ProtocolHandshake.java:62)
	at org.openqa.selenium.remote.HttpCommandExecutor.execute(HttpCommandExecutor.java:171)
	at org.openqa.selenium.remote.TracedCommandExecutor.execute(TracedCommandExecutor.java:51)
	at org.openqa.selenium.remote.RemoteWebDriver.execute(RemoteWebDriver.java:575)
	at org.openqa.selenium.remote.RemoteWebDriver.startSession(RemoteWebDriver.java:259)
	at org.openqa.selenium.remote.RemoteWebDriver.<init>(RemoteWebDriver.java:204)
	at org.openqa.selenium.remote.RemoteWebDriver.<init>(RemoteWebDriver.java:169)
	at org.openqa.selenium.remote.RemoteWebDriver.<init>(RemoteWebDriver.java:165)
	at com.eventhub.automation.drivers.DriverFactory.createBrowserStackFirefoxDriver(DriverFactory.java:96)
	at com.eventhub.automation.drivers.DriverFactory.createDriver(DriverFactory.java:50)
	at com.eventhub.automation.drivers.DriverManager.initializeDriver(DriverManager.java:14)
	at com.eventhub.automation.hooks.CucumberHooks.startBrowser(CucumberHooks.java:36)

  Given I am signed in to EventHub                                   # com.eventhub.automation.steps.AuthSteps.iAmSignedInToEventHub()
  When I open UX smoke page "events"                                 # com.eventhub.automation.steps.UxSmokeSteps.iOpenUxSmokePage(java.lang.String)
  Then the page should expose basic accessibility semantics          # com.eventhub.automation.steps.UxSmokeSteps.thePageShouldExposeBasicAccessibilitySemantics()
  And the page should generate an Axe accessibility advisory report  # com.eventhub.automation.steps.UxSmokeSteps.thePageShouldGenerateAnAxeAccessibilityAdvisoryReport()
  And the page should satisfy the configured accessibility threshold # com.eventhub.automation.steps.UxSmokeSteps.thePageShouldSatisfyTheConfiguredAccessibilityThreshold()
      com.eventhub.automation.exceptions.FrameworkException: WebDriver was not initialized for this thread.
	at com.eventhub.automation.drivers.DriverManager.getDriver(DriverManager.java:21)
	at com.eventhub.automation.utils.ScreenshotUtils.captureBytes(ScreenshotUtils.java:39)
	at com.eventhub.automation.hooks.CucumberHooks.stopBrowser(CucumberHooks.java:43)


@accessibility @ui @owner-platform @risk-ux @intent-accessibility @impact-ux @p1 @regression @parallel-safe
Scenario Outline: Key pages expose basic accessibility semantics     # src/test/resources/features/ux/accessibility_smoke.feature:18
  And I refresh the current page              # com.eventhub.automation.steps.AuthSteps.iRefreshTheCurrentPage()
  When I open the Events page                                # com.eventhub.automation.steps.EventSteps.iOpenTheEventsPage()
  And I search events for "Dilli Diwali Mela"                # com.eventhub.automation.steps.EventSteps.iSearchEventsFor(java.lang.String)
      org.openqa.selenium.SessionNotCreatedException: Could not start a new session. Handshake response does not match any supported protocol. Response payload: {"value":{"message":"Automate testing time expired."},"sessionId":"","status":13} 
Host info: host: 'runnervmvrwv9', ip: '10.1.0.17'
Build info: version: '4.45.0', revision: 'cd6a3cd cd6a3cdfca6970f62e5bc8344109d0fe0e2af05e'
System info: os.name: 'Linux', os.arch: 'amd64', os.version: '6.17.0-1020-azure', java.version: '17.0.19'
Driver info: org.openqa.selenium.remote.RemoteWebDriver
Command: [null, newSession {capabilities=[Capabilities {acceptInsecureCerts: true, browserName: firefox, bstack:options: {buildName: EventHub Selenium BDD-30816..., debug: true, local: false, networkLogs: true, os: Windows, osVersion: 11, projectName: EventHub Selenium BDD, sessionName: selected-firefox-all-parall...}, moz:firefoxOptions: {prefs: {dom.webnotifications.enabled: false, remote.active-protocols: 1, signon.rememberSignons: false}}}]}]
Capabilities {acceptInsecureCerts: true, browserName: firefox, bstack:options: {buildName: EventHub Selenium BDD-30816..., debug: true, local: false, networkLogs: true, os: Windows, osVersion: 11, projectName: EventHub Selenium BDD, sessionName: selected-firefox-all-parall...}, moz:firefoxOptions: {prefs: {dom.webnotifications.enabled: false, remote.active-protocols: 1, signon.rememberSignons: false}}}
	at org.openqa.selenium.remote.ProtocolHandshake.lambda$createSession$1(ProtocolHandshake.java:129)
	at java.base/java.util.Optional.orElseGet(Optional.java:364)
	at org.openqa.selenium.remote.ProtocolHandshake.createSession(ProtocolHandshake.java:125)
	at org.openqa.selenium.remote.ProtocolHandshake.createSession(ProtocolHandshake.java:76)
	at org.openqa.selenium.remote.ProtocolHandshake.createSession(ProtocolHandshake.java:62)
	at org.openqa.selenium.remote.HttpCommandExecutor.execute(HttpCommandExecutor.java:171)
	at org.openqa.selenium.remote.TracedCommandExecutor.execute(TracedCommandExecutor.java:51)
	at org.openqa.selenium.remote.RemoteWebDriver.execute(RemoteWebDriver.java:575)
	at org.openqa.selenium.remote.RemoteWebDriver.startSession(RemoteWebDriver.java:259)
	at org.openqa.selenium.remote.RemoteWebDriver.<init>(RemoteWebDriver.java:204)
	at org.openqa.selenium.remote.RemoteWebDriver.<init>(RemoteWebDriver.java:169)
	at org.openqa.selenium.remote.RemoteWebDriver.<init>(RemoteWebDriver.java:165)
	at com.eventhub.automation.drivers.DriverFactory.createBrowserStackFirefoxDriver(DriverFactory.java:96)
	at com.eventhub.automation.drivers.DriverFactory.createDriver(DriverFactory.java:50)
	at com.eventhub.automation.drivers.DriverManager.initializeDriver(DriverManager.java:14)
	at com.eventhub.automation.hooks.CucumberHooks.startBrowser(CucumberHooks.java:36)

  Given I am signed in to EventHub                                   # com.eventhub.automation.steps.AuthSteps.iAmSignedInToEventHub()
  When I open UX smoke page "bookings"                               # com.eventhub.automation.steps.UxSmokeSteps.iOpenUxSmokePage(java.lang.String)
  Then the page should expose basic accessibility semantics          # com.eventhub.automation.steps.UxSmokeSteps.thePageShouldExposeBasicAccessibilitySemantics()
  And the page should generate an Axe accessibility advisory report  # com.eventhub.automation.steps.UxSmokeSteps.thePageShouldGenerateAnAxeAccessibilityAdvisoryReport()
  And the page should satisfy the configured accessibility threshold # com.eventhub.automation.steps.UxSmokeSteps.thePageShouldSatisfyTheConfiguredAccessibilityThreshold()
      com.eventhub.automation.exceptions.FrameworkException: WebDriver was not initialized for this thread.
	at com.eventhub.automation.drivers.DriverManager.getDriver(DriverManager.java:21)
	at com.eventhub.automation.utils.ScreenshotUtils.captureBytes(ScreenshotUtils.java:39)
	at com.eventhub.automation.hooks.CucumberHooks.stopBrowser(CucumberHooks.java:43)


@accessibility @ui @owner-platform @risk-ux @intent-accessibility @impact-ux @p1 @regression @parallel-safe
Scenario Outline: Key pages expose basic accessibility semantics     # src/test/resources/features/ux/accessibility_smoke.feature:19
  Then event filters should be reset          # com.eventhub.automation.steps.EventSteps.eventFiltersShouldBeReset()
      java.lang.AssertionError: 
Expecting blank but was: "Dilli Diwali Mela"
	at com.eventhub.automation.pages.EventsPage.assertFiltersReset(EventsPage.java:51)
	at com.eventhub.automation.steps.EventSteps.eventFiltersShouldBeReset(EventSteps.java:122)
	at ✽.event filters should be reset(file:///home/runner/work/EventHub-Selenium-BDD/EventHub-Selenium-BDD/src/test/resources/features/events/event_discovery.feature:51)

  And I should see seeded upcoming events     # com.eventhub.automation.steps.EventSteps.iShouldSeeSeededUpcomingEvents()

    Embedding failure screenshot [image/png 179127 bytes]

      org.openqa.selenium.SessionNotCreatedException: Could not start a new session. Handshake response does not match any supported protocol. Response payload: {"value":{"message":"Automate testing time expired."},"sessionId":"","status":13} 
Host info: host: 'runnervmvrwv9', ip: '10.1.0.17'
Build info: version: '4.45.0', revision: 'cd6a3cd cd6a3cdfca6970f62e5bc8344109d0fe0e2af05e'
System info: os.name: 'Linux', os.arch: 'amd64', os.version: '6.17.0-1020-azure', java.version: '17.0.19'
Driver info: org.openqa.selenium.remote.RemoteWebDriver
Command: [null, newSession {capabilities=[Capabilities {acceptInsecureCerts: true, browserName: firefox, bstack:options: {buildName: EventHub Selenium BDD-30816..., debug: true, local: false, networkLogs: true, os: Windows, osVersion: 11, projectName: EventHub Selenium BDD, sessionName: selected-firefox-all-parall...}, moz:firefoxOptions: {prefs: {dom.webnotifications.enabled: false, remote.active-protocols: 1, signon.rememberSignons: false}}}]}]
Capabilities {acceptInsecureCerts: true, browserName: firefox, bstack:options: {buildName: EventHub Selenium BDD-30816..., debug: true, local: false, networkLogs: true, os: Windows, osVersion: 11, projectName: EventHub Selenium BDD, sessionName: selected-firefox-all-parall...}, moz:firefoxOptions: {prefs: {dom.webnotifications.enabled: false, remote.active-protocols: 1, signon.rememberSignons: false}}}
	at org.openqa.selenium.remote.ProtocolHandshake.lambda$createSession$1(ProtocolHandshake.java:129)
	at java.base/java.util.Optional.orElseGet(Optional.java:364)
	at org.openqa.selenium.remote.ProtocolHandshake.createSession(ProtocolHandshake.java:125)
	at org.openqa.selenium.remote.ProtocolHandshake.createSession(ProtocolHandshake.java:76)
	at org.openqa.selenium.remote.ProtocolHandshake.createSession(ProtocolHandshake.java:62)
	at org.openqa.selenium.remote.HttpCommandExecutor.execute(HttpCommandExecutor.java:171)
	at org.openqa.selenium.remote.TracedCommandExecutor.execute(TracedCommandExecutor.java:51)
	at org.openqa.selenium.remote.RemoteWebDriver.execute(RemoteWebDriver.java:575)
	at org.openqa.selenium.remote.RemoteWebDriver.startSession(RemoteWebDriver.java:259)
	at org.openqa.selenium.remote.RemoteWebDriver.<init>(RemoteWebDriver.java:204)
	at org.openqa.selenium.remote.RemoteWebDriver.<init>(RemoteWebDriver.java:169)
	at org.openqa.selenium.remote.RemoteWebDriver.<init>(RemoteWebDriver.java:165)
	at com.eventhub.automation.drivers.DriverFactory.createBrowserStackFirefoxDriver(DriverFactory.java:96)
	at com.eventhub.automation.drivers.DriverFactory.createDriver(DriverFactory.java:50)
	at com.eventhub.automation.drivers.DriverManager.initializeDriver(DriverManager.java:14)
	at com.eventhub.automation.hooks.CucumberHooks.startBrowser(CucumberHooks.java:36)

  Given I am signed in to EventHub                                   # com.eventhub.automation.steps.AuthSteps.iAmSignedInToEventHub()
  When I open UX smoke page "admin events"                           # com.eventhub.automation.steps.UxSmokeSteps.iOpenUxSmokePage(java.lang.String)
  Then the page should expose basic accessibility semantics          # com.eventhub.automation.steps.UxSmokeSteps.thePageShouldExposeBasicAccessibilitySemantics()
  And the page should generate an Axe accessibility advisory report  # com.eventhub.automation.steps.UxSmokeSteps.thePageShouldGenerateAnAxeAccessibilityAdvisoryReport()
  And the page should satisfy the configured accessibility threshold # com.eventhub.automation.steps.UxSmokeSteps.thePageShouldSatisfyTheConfiguredAccessibilityThreshold()
      com.eventhub.automation.exceptions.FrameworkException: WebDriver was not initialized for this thread.
	at com.eventhub.automation.drivers.DriverManager.getDriver(DriverManager.java:21)
	at com.eventhub.automation.utils.ScreenshotUtils.captureBytes(ScreenshotUtils.java:39)
	at com.eventhub.automation.hooks.CucumberHooks.stopBrowser(CucumberHooks.java:43)


@responsive @ui @owner-platform @risk-ux @intent-responsive @impact-ux @p1 @regression @parallel-safe
Scenario Outline: Key authenticated pages fit common viewport sizes # src/test/resources/features/ux/responsive_smoke.feature:15

@responsive @ui @owner-platform @risk-ux @intent-responsive @impact-ux @p1 @regression @parallel-safe
Scenario Outline: Key authenticated pages fit common viewport sizes # src/test/resources/features/ux/responsive_smoke.feature:16
  And I filter events by city "Delhi"                        # com.eventhub.automation.steps.EventSteps.iFilterEventsByCity(java.lang.String)
      org.openqa.selenium.SessionNotCreatedException: Could not start a new session. Handshake response does not match any supported protocol. Response payload: {"value":{"message":"Automate testing time expired."},"sessionId":"","status":13} 
Host info: host: 'runnervmvrwv9', ip: '10.1.0.17'
Build info: version: '4.45.0', revision: 'cd6a3cd cd6a3cdfca6970f62e5bc8344109d0fe0e2af05e'
System info: os.name: 'Linux', os.arch: 'amd64', os.version: '6.17.0-1020-azure', java.version: '17.0.19'
Driver info: org.openqa.selenium.remote.RemoteWebDriver
Command: [null, newSession {capabilities=[Capabilities {acceptInsecureCerts: true, browserName: firefox, bstack:options: {buildName: EventHub Selenium BDD-30816..., debug: true, local: false, networkLogs: true, os: Windows, osVersion: 11, projectName: EventHub Selenium BDD, sessionName: selected-firefox-all-parall...}, moz:firefoxOptions: {prefs: {dom.webnotifications.enabled: false, remote.active-protocols: 1, signon.rememberSignons: false}}}]}]
Capabilities {acceptInsecureCerts: true, browserName: firefox, bstack:options: {buildName: EventHub Selenium BDD-30816..., debug: true, local: false, networkLogs: true, os: Windows, osVersion: 11, projectName: EventHub Selenium BDD, sessionName: selected-firefox-all-parall...}, moz:firefoxOptions: {prefs: {dom.webnotifications.enabled: false, remote.active-protocols: 1, signon.rememberSignons: false}}}
	at org.openqa.selenium.remote.ProtocolHandshake.lambda$createSession$1(ProtocolHandshake.java:129)
	at java.base/java.util.Optional.orElseGet(Optional.java:364)
	at org.openqa.selenium.remote.ProtocolHandshake.createSession(ProtocolHandshake.java:125)
	at org.openqa.selenium.remote.ProtocolHandshake.createSession(ProtocolHandshake.java:76)
	at org.openqa.selenium.remote.ProtocolHandshake.createSession(ProtocolHandshake.java:62)
	at org.openqa.selenium.remote.HttpCommandExecutor.execute(HttpCommandExecutor.java:171)
	at org.openqa.selenium.remote.TracedCommandExecutor.execute(TracedCommandExecutor.java:51)
	at org.openqa.selenium.remote.RemoteWebDriver.execute(RemoteWebDriver.java:575)
	at org.openqa.selenium.remote.RemoteWebDriver.startSession(RemoteWebDriver.java:259)
	at org.openqa.selenium.remote.RemoteWebDriver.<init>(RemoteWebDriver.java:204)
	at org.openqa.selenium.remote.RemoteWebDriver.<init>(RemoteWebDriver.java:169)
	at org.openqa.selenium.remote.RemoteWebDriver.<init>(RemoteWebDriver.java:165)
	at com.eventhub.automation.drivers.DriverFactory.createBrowserStackFirefoxDriver(DriverFactory.java:96)
	at com.eventhub.automation.drivers.DriverFactory.createDriver(DriverFactory.java:50)
	at com.eventhub.automation.drivers.DriverManager.initializeDriver(DriverManager.java:14)
	at com.eventhub.automation.hooks.CucumberHooks.startBrowser(CucumberHooks.java:36)

  Given I am signed in to EventHub                                  # com.eventhub.automation.steps.AuthSteps.iAmSignedInToEventHub()
  When I use viewport 390 by 844                                    # com.eventhub.automation.steps.UxSmokeSteps.iUseViewportBy(int,int)
  And I open UX smoke page "events"                                 # com.eventhub.automation.steps.UxSmokeSteps.iOpenUxSmokePage(java.lang.String)
  Then the page should fit the viewport without horizontal overflow # com.eventhub.automation.steps.UxSmokeSteps.thePageShouldFitTheViewportWithoutHorizontalOverflow()
      com.eventhub.automation.exceptions.FrameworkException: WebDriver was not initialized for this thread.
	at com.eventhub.automation.drivers.DriverManager.getDriver(DriverManager.java:21)
	at com.eventhub.automation.utils.ScreenshotUtils.captureBytes(ScreenshotUtils.java:39)
	at com.eventhub.automation.hooks.CucumberHooks.stopBrowser(CucumberHooks.java:43)


@responsive @ui @owner-platform @risk-ux @intent-responsive @impact-ux @p1 @regression @parallel-safe
Scenario Outline: Key authenticated pages fit common viewport sizes # src/test/resources/features/ux/responsive_smoke.feature:17
  And I navigate away from event discovery and return        # com.eventhub.automation.steps.EventSteps.iNavigateAwayFromEventDiscoveryAndReturn()
      org.openqa.selenium.SessionNotCreatedException: Could not start a new session. Handshake response does not match any supported protocol. Response payload: {"value":{"message":"Automate testing time expired."},"sessionId":"","status":13} 
Host info: host: 'runnervmvrwv9', ip: '10.1.0.17'
Build info: version: '4.45.0', revision: 'cd6a3cd cd6a3cdfca6970f62e5bc8344109d0fe0e2af05e'
System info: os.name: 'Linux', os.arch: 'amd64', os.version: '6.17.0-1020-azure', java.version: '17.0.19'
Driver info: org.openqa.selenium.remote.RemoteWebDriver
Command: [null, newSession {capabilities=[Capabilities {acceptInsecureCerts: true, browserName: firefox, bstack:options: {buildName: EventHub Selenium BDD-30816..., debug: true, local: false, networkLogs: true, os: Windows, osVersion: 11, projectName: EventHub Selenium BDD, sessionName: selected-firefox-all-parall...}, moz:firefoxOptions: {prefs: {dom.webnotifications.enabled: false, remote.active-protocols: 1, signon.rememberSignons: false}}}]}]
Capabilities {acceptInsecureCerts: true, browserName: firefox, bstack:options: {buildName: EventHub Selenium BDD-30816..., debug: true, local: false, networkLogs: true, os: Windows, osVersion: 11, projectName: EventHub Selenium BDD, sessionName: selected-firefox-all-parall...}, moz:firefoxOptions: {prefs: {dom.webnotifications.enabled: false, remote.active-protocols: 1, signon.rememberSignons: false}}}
	at org.openqa.selenium.remote.ProtocolHandshake.lambda$createSession$1(ProtocolHandshake.java:129)
	at java.base/java.util.Optional.orElseGet(Optional.java:364)
	at org.openqa.selenium.remote.ProtocolHandshake.createSession(ProtocolHandshake.java:125)
	at org.openqa.selenium.remote.ProtocolHandshake.createSession(ProtocolHandshake.java:76)
	at org.openqa.selenium.remote.ProtocolHandshake.createSession(ProtocolHandshake.java:62)
	at org.openqa.selenium.remote.HttpCommandExecutor.execute(HttpCommandExecutor.java:171)
	at org.openqa.selenium.remote.TracedCommandExecutor.execute(TracedCommandExecutor.java:51)
	at org.openqa.selenium.remote.RemoteWebDriver.execute(RemoteWebDriver.java:575)
	at org.openqa.selenium.remote.RemoteWebDriver.startSession(RemoteWebDriver.java:259)
	at org.openqa.selenium.remote.RemoteWebDriver.<init>(RemoteWebDriver.java:204)
	at org.openqa.selenium.remote.RemoteWebDriver.<init>(RemoteWebDriver.java:169)
	at org.openqa.selenium.remote.RemoteWebDriver.<init>(RemoteWebDriver.java:165)
	at com.eventhub.automation.drivers.DriverFactory.createBrowserStackFirefoxDriver(DriverFactory.java:96)
	at com.eventhub.automation.drivers.DriverFactory.createDriver(DriverFactory.java:50)
	at com.eventhub.automation.drivers.DriverManager.initializeDriver(DriverManager.java:14)
	at com.eventhub.automation.hooks.CucumberHooks.startBrowser(CucumberHooks.java:36)

  Given I am signed in to EventHub                                  # com.eventhub.automation.steps.AuthSteps.iAmSignedInToEventHub()
  When I use viewport 390 by 844                                    # com.eventhub.automation.steps.UxSmokeSteps.iUseViewportBy(int,int)
  And I open UX smoke page "home"                                   # com.eventhub.automation.steps.UxSmokeSteps.iOpenUxSmokePage(java.lang.String)
  Then the page should fit the viewport without horizontal overflow # com.eventhub.automation.steps.UxSmokeSteps.thePageShouldFitTheViewportWithoutHorizontalOverflow()
      com.eventhub.automation.exceptions.FrameworkException: WebDriver was not initialized for this thread.
	at com.eventhub.automation.drivers.DriverManager.getDriver(DriverManager.java:21)
	at com.eventhub.automation.utils.ScreenshotUtils.captureBytes(ScreenshotUtils.java:39)
	at com.eventhub.automation.hooks.CucumberHooks.stopBrowser(CucumberHooks.java:43)


@responsive @ui @owner-platform @risk-ux @intent-responsive @impact-ux @p1 @regression @parallel-safe
Scenario Outline: Key authenticated pages fit common viewport sizes # src/test/resources/features/ux/responsive_smoke.feature:18
      org.openqa.selenium.SessionNotCreatedException: Could not start a new session. Handshake response does not match any supported protocol. Response payload: {"value":{"message":"Automate testing time expired."},"sessionId":"","status":13} 
Host info: host: 'runnervmvrwv9', ip: '10.1.0.17'
Build info: version: '4.45.0', revision: 'cd6a3cd cd6a3cdfca6970f62e5bc8344109d0fe0e2af05e'
System info: os.name: 'Linux', os.arch: 'amd64', os.version: '6.17.0-1020-azure', java.version: '17.0.19'
Driver info: org.openqa.selenium.remote.RemoteWebDriver
Command: [null, newSession {capabilities=[Capabilities {acceptInsecureCerts: true, browserName: firefox, bstack:options: {buildName: EventHub Selenium BDD-30816..., debug: true, local: false, networkLogs: true, os: Windows, osVersion: 11, projectName: EventHub Selenium BDD, sessionName: selected-firefox-all-parall...}, moz:firefoxOptions: {prefs: {dom.webnotifications.enabled: false, remote.active-protocols: 1, signon.rememberSignons: false}}}]}]
Capabilities {acceptInsecureCerts: true, browserName: firefox, bstack:options: {buildName: EventHub Selenium BDD-30816..., debug: true, local: false, networkLogs: true, os: Windows, osVersion: 11, projectName: EventHub Selenium BDD, sessionName: selected-firefox-all-parall...}, moz:firefoxOptions: {prefs: {dom.webnotifications.enabled: false, remote.active-protocols: 1, signon.rememberSignons: false}}}
	at org.openqa.selenium.remote.ProtocolHandshake.lambda$createSession$1(ProtocolHandshake.java:129)
	at java.base/java.util.Optional.orElseGet(Optional.java:364)
	at org.openqa.selenium.remote.ProtocolHandshake.createSession(ProtocolHandshake.java:125)
	at org.openqa.selenium.remote.ProtocolHandshake.createSession(ProtocolHandshake.java:76)
	at org.openqa.selenium.remote.ProtocolHandshake.createSession(ProtocolHandshake.java:62)
	at org.openqa.selenium.remote.HttpCommandExecutor.execute(HttpCommandExecutor.java:171)
	at org.openqa.selenium.remote.TracedCommandExecutor.execute(TracedCommandExecutor.java:51)
	at org.openqa.selenium.remote.RemoteWebDriver.execute(RemoteWebDriver.java:575)
	at org.openqa.selenium.remote.RemoteWebDriver.startSession(RemoteWebDriver.java:259)
	at org.openqa.selenium.remote.RemoteWebDriver.<init>(RemoteWebDriver.java:204)
	at org.openqa.selenium.remote.RemoteWebDriver.<init>(RemoteWebDriver.java:169)
	at org.openqa.selenium.remote.RemoteWebDriver.<init>(RemoteWebDriver.java:165)
	at com.eventhub.automation.drivers.DriverFactory.createBrowserStackFirefoxDriver(DriverFactory.java:96)
	at com.eventhub.automation.drivers.DriverFactory.createDriver(DriverFactory.java:50)
	at com.eventhub.automation.drivers.DriverManager.initializeDriver(DriverManager.java:14)
	at com.eventhub.automation.hooks.CucumberHooks.startBrowser(CucumberHooks.java:36)

  Given I am signed in to EventHub                                  # com.eventhub.automation.steps.AuthSteps.iAmSignedInToEventHub()
  When I use viewport 390 by 844                                    # com.eventhub.automation.steps.UxSmokeSteps.iUseViewportBy(int,int)
  And I open UX smoke page "bookings"                               # com.eventhub.automation.steps.UxSmokeSteps.iOpenUxSmokePage(java.lang.String)
  Then the page should fit the viewport without horizontal overflow # com.eventhub.automation.steps.UxSmokeSteps.thePageShouldFitTheViewportWithoutHorizontalOverflow()
      com.eventhub.automation.exceptions.FrameworkException: WebDriver was not initialized for this thread.
	at com.eventhub.automation.drivers.DriverManager.getDriver(DriverManager.java:21)
	at com.eventhub.automation.utils.ScreenshotUtils.captureBytes(ScreenshotUtils.java:39)
	at com.eventhub.automation.hooks.CucumberHooks.stopBrowser(CucumberHooks.java:43)


@responsive @ui @owner-platform @risk-ux @intent-responsive @impact-ux @p1 @regression @parallel-safe
Scenario Outline: Key authenticated pages fit common viewport sizes # src/test/resources/features/ux/responsive_smoke.feature:19
      org.openqa.selenium.SessionNotCreatedException: Could not start a new session. Handshake response does not match any supported protocol. Response payload: {"value":{"message":"Automate testing time expired."},"sessionId":"","status":13} 
Host info: host: 'runnervmvrwv9', ip: '10.1.0.17'
Build info: version: '4.45.0', revision: 'cd6a3cd cd6a3cdfca6970f62e5bc8344109d0fe0e2af05e'
System info: os.name: 'Linux', os.arch: 'amd64', os.version: '6.17.0-1020-azure', java.version: '17.0.19'
Driver info: org.openqa.selenium.remote.RemoteWebDriver
Command: [null, newSession {capabilities=[Capabilities {acceptInsecureCerts: true, browserName: firefox, bstack:options: {buildName: EventHub Selenium BDD-30816..., debug: true, local: false, networkLogs: true, os: Windows, osVersion: 11, projectName: EventHub Selenium BDD, sessionName: selected-firefox-all-parall...}, moz:firefoxOptions: {prefs: {dom.webnotifications.enabled: false, remote.active-protocols: 1, signon.rememberSignons: false}}}]}]
Capabilities {acceptInsecureCerts: true, browserName: firefox, bstack:options: {buildName: EventHub Selenium BDD-30816..., debug: true, local: false, networkLogs: true, os: Windows, osVersion: 11, projectName: EventHub Selenium BDD, sessionName: selected-firefox-all-parall...}, moz:firefoxOptions: {prefs: {dom.webnotifications.enabled: false, remote.active-protocols: 1, signon.rememberSignons: false}}}
	at org.openqa.selenium.remote.ProtocolHandshake.lambda$createSession$1(ProtocolHandshake.java:129)
	at java.base/java.util.Optional.orElseGet(Optional.java:364)
	at org.openqa.selenium.remote.ProtocolHandshake.createSession(ProtocolHandshake.java:125)
	at org.openqa.selenium.remote.ProtocolHandshake.createSession(ProtocolHandshake.java:76)
	at org.openqa.selenium.remote.ProtocolHandshake.createSession(ProtocolHandshake.java:62)
	at org.openqa.selenium.remote.HttpCommandExecutor.execute(HttpCommandExecutor.java:171)
	at org.openqa.selenium.remote.TracedCommandExecutor.execute(TracedCommandExecutor.java:51)
	at org.openqa.selenium.remote.RemoteWebDriver.execute(RemoteWebDriver.java:575)
	at org.openqa.selenium.remote.RemoteWebDriver.startSession(RemoteWebDriver.java:259)
	at org.openqa.selenium.remote.RemoteWebDriver.<init>(RemoteWebDriver.java:204)
	at org.openqa.selenium.remote.RemoteWebDriver.<init>(RemoteWebDriver.java:169)
	at org.openqa.selenium.remote.RemoteWebDriver.<init>(RemoteWebDriver.java:165)
	at com.eventhub.automation.drivers.DriverFactory.createBrowserStackFirefoxDriver(DriverFactory.java:96)
	at com.eventhub.automation.drivers.DriverFactory.createDriver(DriverFactory.java:50)
	at com.eventhub.automation.drivers.DriverManager.initializeDriver(DriverManager.java:14)
	at com.eventhub.automation.hooks.CucumberHooks.startBrowser(CucumberHooks.java:36)

  Given I am signed in to EventHub                                  # com.eventhub.automation.steps.AuthSteps.iAmSignedInToEventHub()
  When I use viewport 1366 by 768                                   # com.eventhub.automation.steps.UxSmokeSteps.iUseViewportBy(int,int)
  And I open UX smoke page "admin events"                           # com.eventhub.automation.steps.UxSmokeSteps.iOpenUxSmokePage(java.lang.String)
  Then the page should fit the viewport without horizontal overflow # com.eventhub.automation.steps.UxSmokeSteps.thePageShouldFitTheViewportWithoutHorizontalOverflow()
      com.eventhub.automation.exceptions.FrameworkException: WebDriver was not initialized for this thread.
	at com.eventhub.automation.drivers.DriverManager.getDriver(DriverManager.java:21)
	at com.eventhub.automation.utils.ScreenshotUtils.captureBytes(ScreenshotUtils.java:39)
	at com.eventhub.automation.hooks.CucumberHooks.stopBrowser(CucumberHooks.java:43)


@visual @ui @owner-platform @risk-ux @intent-visual @impact-ux @p2 @regression @parallel-safe
Scenario: Login page visual sanity screenshot is captured # src/test/resources/features/ux/visual_sanity.feature:5
      org.openqa.selenium.SessionNotCreatedException: Could not start a new session. Handshake response does not match any supported protocol. Response payload: {"value":{"message":"Automate testing time expired."},"sessionId":"","status":13} 
Host info: host: 'runnervmvrwv9', ip: '10.1.0.17'
Build info: version: '4.45.0', revision: 'cd6a3cd cd6a3cdfca6970f62e5bc8344109d0fe0e2af05e'
System info: os.name: 'Linux', os.arch: 'amd64', os.version: '6.17.0-1020-azure', java.version: '17.0.19'
Driver info: org.openqa.selenium.remote.RemoteWebDriver
Command: [null, newSession {capabilities=[Capabilities {acceptInsecureCerts: true, browserName: firefox, bstack:options: {buildName: EventHub Selenium BDD-30816..., debug: true, local: false, networkLogs: true, os: Windows, osVersion: 11, projectName: EventHub Selenium BDD, sessionName: selected-firefox-all-parall...}, moz:firefoxOptions: {prefs: {dom.webnotifications.enabled: false, remote.active-protocols: 1, signon.rememberSignons: false}}}]}]
Capabilities {acceptInsecureCerts: true, browserName: firefox, bstack:options: {buildName: EventHub Selenium BDD-30816..., debug: true, local: false, networkLogs: true, os: Windows, osVersion: 11, projectName: EventHub Selenium BDD, sessionName: selected-firefox-all-parall...}, moz:firefoxOptions: {prefs: {dom.webnotifications.enabled: false, remote.active-protocols: 1, signon.rememberSignons: false}}}
	at org.openqa.selenium.remote.ProtocolHandshake.lambda$createSession$1(ProtocolHandshake.java:129)
	at java.base/java.util.Optional.orElseGet(Optional.java:364)
	at org.openqa.selenium.remote.ProtocolHandshake.createSession(ProtocolHandshake.java:125)
	at org.openqa.selenium.remote.ProtocolHandshake.createSession(ProtocolHandshake.java:76)
	at org.openqa.selenium.remote.ProtocolHandshake.createSession(ProtocolHandshake.java:62)
	at org.openqa.selenium.remote.HttpCommandExecutor.execute(HttpCommandExecutor.java:171)
	at org.openqa.selenium.remote.TracedCommandExecutor.execute(TracedCommandExecutor.java:51)
	at org.openqa.selenium.remote.RemoteWebDriver.execute(RemoteWebDriver.java:575)
	at org.openqa.selenium.remote.RemoteWebDriver.startSession(RemoteWebDriver.java:259)
	at org.openqa.selenium.remote.RemoteWebDriver.<init>(RemoteWebDriver.java:204)
	at org.openqa.selenium.remote.RemoteWebDriver.<init>(RemoteWebDriver.java:169)
	at org.openqa.selenium.remote.RemoteWebDriver.<init>(RemoteWebDriver.java:165)
	at com.eventhub.automation.drivers.DriverFactory.createBrowserStackFirefoxDriver(DriverFactory.java:96)
	at com.eventhub.automation.drivers.DriverFactory.createDriver(DriverFactory.java:50)
	at com.eventhub.automation.drivers.DriverManager.initializeDriver(DriverManager.java:14)
	at com.eventhub.automation.hooks.CucumberHooks.startBrowser(CucumberHooks.java:36)

  Given I am signed in to EventHub                                  # com.eventhub.automation.steps.AuthSteps.iAmSignedInToEventHub()
  When I use viewport 1440 by 900                                   # com.eventhub.automation.steps.UxSmokeSteps.iUseViewportBy(int,int)
  And I open UX smoke page "events"                                 # com.eventhub.automation.steps.UxSmokeSteps.iOpenUxSmokePage(java.lang.String)
  Then the page should fit the viewport without horizontal overflow # com.eventhub.automation.steps.UxSmokeSteps.thePageShouldFitTheViewportWithoutHorizontalOverflow()
      com.eventhub.automation.exceptions.FrameworkException: WebDriver was not initialized for this thread.
	at com.eventhub.automation.drivers.DriverManager.getDriver(DriverManager.java:21)
	at com.eventhub.automation.utils.ScreenshotUtils.captureBytes(ScreenshotUtils.java:39)
	at com.eventhub.automation.hooks.CucumberHooks.stopBrowser(CucumberHooks.java:43)


@visual @ui @owner-platform @risk-ux @intent-visual @impact-ux @p2 @regression @parallel-safe
Scenario Outline: Authenticated key pages have visual sanity screenshots # src/test/resources/features/ux/visual_sanity.feature:17
      org.openqa.selenium.SessionNotCreatedException: Could not start a new session. Handshake response does not match any supported protocol. Response payload: {"value":{"message":"Automate testing time expired."},"sessionId":"","status":13} 
Host info: host: 'runnervmvrwv9', ip: '10.1.0.17'
Build info: version: '4.45.0', revision: 'cd6a3cd cd6a3cdfca6970f62e5bc8344109d0fe0e2af05e'
System info: os.name: 'Linux', os.arch: 'amd64', os.version: '6.17.0-1020-azure', java.version: '17.0.19'
Driver info: org.openqa.selenium.remote.RemoteWebDriver
Command: [null, newSession {capabilities=[Capabilities {acceptInsecureCerts: true, browserName: firefox, bstack:options: {buildName: EventHub Selenium BDD-30816..., debug: true, local: false, networkLogs: true, os: Windows, osVersion: 11, projectName: EventHub Selenium BDD, sessionName: selected-firefox-all-parall...}, moz:firefoxOptions: {prefs: {dom.webnotifications.enabled: false, remote.active-protocols: 1, signon.rememberSignons: false}}}]}]
Capabilities {acceptInsecureCerts: true, browserName: firefox, bstack:options: {buildName: EventHub Selenium BDD-30816..., debug: true, local: false, networkLogs: true, os: Windows, osVersion: 11, projectName: EventHub Selenium BDD, sessionName: selected-firefox-all-parall...}, moz:firefoxOptions: {prefs: {dom.webnotifications.enabled: false, remote.active-protocols: 1, signon.rememberSignons: false}}}
	at org.openqa.selenium.remote.ProtocolHandshake.lambda$createSession$1(ProtocolHandshake.java:129)
	at java.base/java.util.Optional.orElseGet(Optional.java:364)
	at org.openqa.selenium.remote.ProtocolHandshake.createSession(ProtocolHandshake.java:125)
	at org.openqa.selenium.remote.ProtocolHandshake.createSession(ProtocolHandshake.java:76)
	at org.openqa.selenium.remote.ProtocolHandshake.createSession(ProtocolHandshake.java:62)
	at org.openqa.selenium.remote.HttpCommandExecutor.execute(HttpCommandExecutor.java:171)
	at org.openqa.selenium.remote.TracedCommandExecutor.execute(TracedCommandExecutor.java:51)
	at org.openqa.selenium.remote.RemoteWebDriver.execute(RemoteWebDriver.java:575)
	at org.openqa.selenium.remote.RemoteWebDriver.startSession(RemoteWebDriver.java:259)
	at org.openqa.selenium.remote.RemoteWebDriver.<init>(RemoteWebDriver.java:204)
	at org.openqa.selenium.remote.RemoteWebDriver.<init>(RemoteWebDriver.java:169)
	at org.openqa.selenium.remote.RemoteWebDriver.<init>(RemoteWebDriver.java:165)
	at com.eventhub.automation.drivers.DriverFactory.createBrowserStackFirefoxDriver(DriverFactory.java:96)
	at com.eventhub.automation.drivers.DriverFactory.createDriver(DriverFactory.java:50)
	at com.eventhub.automation.drivers.DriverManager.initializeDriver(DriverManager.java:14)
	at com.eventhub.automation.hooks.CucumberHooks.startBrowser(CucumberHooks.java:36)

  When I open UX smoke page "login"                       # com.eventhub.automation.steps.UxSmokeSteps.iOpenUxSmokePage(java.lang.String)
  Then the page should have a visual sanity screenshot    # com.eventhub.automation.steps.UxSmokeSteps.thePageShouldHaveAVisualSanityScreenshot()
      com.eventhub.automation.exceptions.FrameworkException: WebDriver was not initialized for this thread.
	at com.eventhub.automation.drivers.DriverManager.getDriver(DriverManager.java:21)
	at com.eventhub.automation.utils.ScreenshotUtils.captureBytes(ScreenshotUtils.java:39)
	at com.eventhub.automation.hooks.CucumberHooks.stopBrowser(CucumberHooks.java:43)


@visual @ui @owner-platform @risk-ux @intent-visual @impact-ux @p2 @regression @parallel-safe
Scenario Outline: Authenticated key pages have visual sanity screenshots # src/test/resources/features/ux/visual_sanity.feature:18
  Then event filters should be reset                         # com.eventhub.automation.steps.EventSteps.eventFiltersShouldBeReset()
  And I should see seeded upcoming events                    # com.eventhub.automation.steps.EventSteps.iShouldSeeSeededUpcomingEvents()

@visual @ui @owner-platform @risk-ux @intent-visual @impact-ux @p2 @regression @parallel-safe
Scenario Outline: Authenticated key pages have visual sanity screenshots # src/test/resources/features/ux/visual_sanity.feature:19
      org.openqa.selenium.SessionNotCreatedException: Could not start a new session. Handshake response does not match any supported protocol. Response payload: {"value":{"message":"Automate testing time expired."},"sessionId":"","status":13} 
Host info: host: 'runnervmvrwv9', ip: '10.1.0.17'
Build info: version: '4.45.0', revision: 'cd6a3cd cd6a3cdfca6970f62e5bc8344109d0fe0e2af05e'
System info: os.name: 'Linux', os.arch: 'amd64', os.version: '6.17.0-1020-azure', java.version: '17.0.19'
Driver info: org.openqa.selenium.remote.RemoteWebDriver
Command: [null, newSession {capabilities=[Capabilities {acceptInsecureCerts: true, browserName: firefox, bstack:options: {buildName: EventHub Selenium BDD-30816..., debug: true, local: false, networkLogs: true, os: Windows, osVersion: 11, projectName: EventHub Selenium BDD, sessionName: selected-firefox-all-parall...}, moz:firefoxOptions: {prefs: {dom.webnotifications.enabled: false, remote.active-protocols: 1, signon.rememberSignons: false}}}]}]
Capabilities {acceptInsecureCerts: true, browserName: firefox, bstack:options: {buildName: EventHub Selenium BDD-30816..., debug: true, local: false, networkLogs: true, os: Windows, osVersion: 11, projectName: EventHub Selenium BDD, sessionName: selected-firefox-all-parall...}, moz:firefoxOptions: {prefs: {dom.webnotifications.enabled: false, remote.active-protocols: 1, signon.rememberSignons: false}}}
	at org.openqa.selenium.remote.ProtocolHandshake.lambda$createSession$1(ProtocolHandshake.java:129)
	at java.base/java.util.Optional.orElseGet(Optional.java:364)
	at org.openqa.selenium.remote.ProtocolHandshake.createSession(ProtocolHandshake.java:125)
	at org.openqa.selenium.remote.ProtocolHandshake.createSession(ProtocolHandshake.java:76)
	at org.openqa.selenium.remote.ProtocolHandshake.createSession(ProtocolHandshake.java:62)
	at org.openqa.selenium.remote.HttpCommandExecutor.execute(HttpCommandExecutor.java:171)
	at org.openqa.selenium.remote.TracedCommandExecutor.execute(TracedCommandExecutor.java:51)
	at org.openqa.selenium.remote.RemoteWebDriver.execute(RemoteWebDriver.java:575)
	at org.openqa.selenium.remote.RemoteWebDriver.startSession(RemoteWebDriver.java:259)
	at org.openqa.selenium.remote.RemoteWebDriver.<init>(RemoteWebDriver.java:204)
	at org.openqa.selenium.remote.RemoteWebDriver.<init>(RemoteWebDriver.java:169)
	at org.openqa.selenium.remote.RemoteWebDriver.<init>(RemoteWebDriver.java:165)
	at com.eventhub.automation.drivers.DriverFactory.createBrowserStackFirefoxDriver(DriverFactory.java:96)
	at com.eventhub.automation.drivers.DriverFactory.createDriver(DriverFactory.java:50)
	at com.eventhub.automation.drivers.DriverManager.initializeDriver(DriverManager.java:14)
	at com.eventhub.automation.hooks.CucumberHooks.startBrowser(CucumberHooks.java:36)

  Given I am signed in to EventHub                                       # com.eventhub.automation.steps.AuthSteps.iAmSignedInToEventHub()
  When I open UX smoke page "events"                                     # com.eventhub.automation.steps.UxSmokeSteps.iOpenUxSmokePage(java.lang.String)
  Then the page should have a visual sanity screenshot                   # com.eventhub.automation.steps.UxSmokeSteps.thePageShouldHaveAVisualSanityScreenshot()
      com.eventhub.automation.exceptions.FrameworkException: WebDriver was not initialized for this thread.
	at com.eventhub.automation.drivers.DriverManager.getDriver(DriverManager.java:21)
	at com.eventhub.automation.utils.ScreenshotUtils.captureBytes(ScreenshotUtils.java:39)
	at com.eventhub.automation.hooks.CucumberHooks.stopBrowser(CucumberHooks.java:43)

      org.openqa.selenium.SessionNotCreatedException: Could not start a new session. Handshake response does not match any supported protocol. Response payload: {"value":{"message":"Automate testing time expired."},"sessionId":"","status":13} 
Host info: host: 'runnervmvrwv9', ip: '10.1.0.17'
Build info: version: '4.45.0', revision: 'cd6a3cd cd6a3cdfca6970f62e5bc8344109d0fe0e2af05e'
System info: os.name: 'Linux', os.arch: 'amd64', os.version: '6.17.0-1020-azure', java.version: '17.0.19'
Driver info: org.openqa.selenium.remote.RemoteWebDriver
Command: [null, newSession {capabilities=[Capabilities {acceptInsecureCerts: true, browserName: firefox, bstack:options: {buildName: EventHub Selenium BDD-30816..., debug: true, local: false, networkLogs: true, os: Windows, osVersion: 11, projectName: EventHub Selenium BDD, sessionName: selected-firefox-all-parall...}, moz:firefoxOptions: {prefs: {dom.webnotifications.enabled: false, remote.active-protocols: 1, signon.rememberSignons: false}}}]}]
Capabilities {acceptInsecureCerts: true, browserName: firefox, bstack:options: {buildName: EventHub Selenium BDD-30816..., debug: true, local: false, networkLogs: true, os: Windows, osVersion: 11, projectName: EventHub Selenium BDD, sessionName: selected-firefox-all-parall...}, moz:firefoxOptions: {prefs: {dom.webnotifications.enabled: false, remote.active-protocols: 1, signon.rememberSignons: false}}}
	at org.openqa.selenium.remote.ProtocolHandshake.lambda$createSession$1(ProtocolHandshake.java:129)
	at java.base/java.util.Optional.orElseGet(Optional.java:364)
	at org.openqa.selenium.remote.ProtocolHandshake.createSession(ProtocolHandshake.java:125)
	at org.openqa.selenium.remote.ProtocolHandshake.createSession(ProtocolHandshake.java:76)
	at org.openqa.selenium.remote.ProtocolHandshake.createSession(ProtocolHandshake.java:62)
	at org.openqa.selenium.remote.HttpCommandExecutor.execute(HttpCommandExecutor.java:171)
	at org.openqa.selenium.remote.TracedCommandExecutor.execute(TracedCommandExecutor.java:51)
	at org.openqa.selenium.remote.RemoteWebDriver.execute(RemoteWebDriver.java:575)
	at org.openqa.selenium.remote.RemoteWebDriver.startSession(RemoteWebDriver.java:259)
	at org.openqa.selenium.remote.RemoteWebDriver.<init>(RemoteWebDriver.java:204)
	at org.openqa.selenium.remote.RemoteWebDriver.<init>(RemoteWebDriver.java:169)
	at org.openqa.selenium.remote.RemoteWebDriver.<init>(RemoteWebDriver.java:165)
	at com.eventhub.automation.drivers.DriverFactory.createBrowserStackFirefoxDriver(DriverFactory.java:96)
	at com.eventhub.automation.drivers.DriverFactory.createDriver(DriverFactory.java:50)
	at com.eventhub.automation.drivers.DriverManager.initializeDriver(DriverManager.java:14)
	at com.eventhub.automation.hooks.CucumberHooks.startBrowser(CucumberHooks.java:36)

  Given I am signed in to EventHub                                       # com.eventhub.automation.steps.AuthSteps.iAmSignedInToEventHub()
  When I open UX smoke page "bookings"                                   # com.eventhub.automation.steps.UxSmokeSteps.iOpenUxSmokePage(java.lang.String)
  Then the page should have a visual sanity screenshot                   # com.eventhub.automation.steps.UxSmokeSteps.thePageShouldHaveAVisualSanityScreenshot()
      com.eventhub.automation.exceptions.FrameworkException: WebDriver was not initialized for this thread.
	at com.eventhub.automation.drivers.DriverManager.getDriver(DriverManager.java:21)
	at com.eventhub.automation.utils.ScreenshotUtils.captureBytes(ScreenshotUtils.java:39)
	at com.eventhub.automation.hooks.CucumberHooks.stopBrowser(CucumberHooks.java:43)

      org.openqa.selenium.SessionNotCreatedException: Could not start a new session. Handshake response does not match any supported protocol. Response payload: {"value":{"message":"Automate testing time expired."},"sessionId":"","status":13} 
Host info: host: 'runnervmvrwv9', ip: '10.1.0.17'
Build info: version: '4.45.0', revision: 'cd6a3cd cd6a3cdfca6970f62e5bc8344109d0fe0e2af05e'
System info: os.name: 'Linux', os.arch: 'amd64', os.version: '6.17.0-1020-azure', java.version: '17.0.19'
Driver info: org.openqa.selenium.remote.RemoteWebDriver
Command: [null, newSession {capabilities=[Capabilities {acceptInsecureCerts: true, browserName: firefox, bstack:options: {buildName: EventHub Selenium BDD-30816..., debug: true, local: false, networkLogs: true, os: Windows, osVersion: 11, projectName: EventHub Selenium BDD, sessionName: selected-firefox-all-parall...}, moz:firefoxOptions: {prefs: {dom.webnotifications.enabled: false, remote.active-protocols: 1, signon.rememberSignons: false}}}]}]
Capabilities {acceptInsecureCerts: true, browserName: firefox, bstack:options: {buildName: EventHub Selenium BDD-30816..., debug: true, local: false, networkLogs: true, os: Windows, osVersion: 11, projectName: EventHub Selenium BDD, sessionName: selected-firefox-all-parall...}, moz:firefoxOptions: {prefs: {dom.webnotifications.enabled: false, remote.active-protocols: 1, signon.rememberSignons: false}}}
	at org.openqa.selenium.remote.ProtocolHandshake.lambda$createSession$1(ProtocolHandshake.java:129)
	at java.base/java.util.Optional.orElseGet(Optional.java:364)
	at org.openqa.selenium.remote.ProtocolHandshake.createSession(ProtocolHandshake.java:125)
	at org.openqa.selenium.remote.ProtocolHandshake.createSession(ProtocolHandshake.java:76)
	at org.openqa.selenium.remote.ProtocolHandshake.createSession(ProtocolHandshake.java:62)
	at org.openqa.selenium.remote.HttpCommandExecutor.execute(HttpCommandExecutor.java:171)
	at org.openqa.selenium.remote.TracedCommandExecutor.execute(TracedCommandExecutor.java:51)
	at org.openqa.selenium.remote.RemoteWebDriver.execute(RemoteWebDriver.java:575)
	at org.openqa.selenium.remote.RemoteWebDriver.startSession(RemoteWebDriver.java:259)
	at org.openqa.selenium.remote.RemoteWebDriver.<init>(RemoteWebDriver.java:204)
	at org.openqa.selenium.remote.RemoteWebDriver.<init>(RemoteWebDriver.java:169)
	at org.openqa.selenium.remote.RemoteWebDriver.<init>(RemoteWebDriver.java:165)
	at com.eventhub.automation.drivers.DriverFactory.createBrowserStackFirefoxDriver(DriverFactory.java:96)
	at com.eventhub.automation.drivers.DriverFactory.createDriver(DriverFactory.java:50)
	at com.eventhub.automation.drivers.DriverManager.initializeDriver(DriverManager.java:14)
	at com.eventhub.automation.hooks.CucumberHooks.startBrowser(CucumberHooks.java:36)

  Given I am signed in to EventHub                                       # com.eventhub.automation.steps.AuthSteps.iAmSignedInToEventHub()
  When I open UX smoke page "admin events"                               # com.eventhub.automation.steps.UxSmokeSteps.iOpenUxSmokePage(java.lang.String)
  Then the page should have a visual sanity screenshot                   # com.eventhub.automation.steps.UxSmokeSteps.thePageShouldHaveAVisualSanityScreenshot()
      com.eventhub.automation.exceptions.FrameworkException: WebDriver was not initialized for this thread.
	at com.eventhub.automation.drivers.DriverManager.getDriver(DriverManager.java:21)
	at com.eventhub.automation.utils.ScreenshotUtils.captureBytes(ScreenshotUtils.java:39)
	at com.eventhub.automation.hooks.CucumberHooks.stopBrowser(CucumberHooks.java:43)

  Given I am signed in to EventHub                              # com.eventhub.automation.steps.AuthSteps.iAmSignedInToEventHub()
  When I open the Events page                                   # com.eventhub.automation.steps.EventSteps.iOpenTheEventsPage()
  And I search events for "No Selenium Event Should Match This" # com.eventhub.automation.steps.EventSteps.iSearchEventsFor(java.lang.String)
  Then I should see the no events found message                 # com.eventhub.automation.steps.EventSteps.iShouldSeeTheNoEventsFoundMessage()

Failed scenarios:
file:///home/runner/work/EventHub-Selenium-BDD/EventHub-Selenium-BDD/src/test/resources/features/events/event_discovery.feature:70 # Event cards expose business-critical details
file:///home/runner/work/EventHub-Selenium-BDD/EventHub-Selenium-BDD/src/test/resources/features/events/event_discovery.feature:81 # User can open event details
file:///home/runner/work/EventHub-Selenium-BDD/EventHub-Selenium-BDD/src/test/resources/features/events/event_discovery.feature:84 # Event detail deep link loads correct metadata
file:///home/runner/work/EventHub-Selenium-BDD/EventHub-Selenium-BDD/src/test/resources/features/events/event_discovery.feature:89 # User can open a bookable event detail page from Book Now
file:///home/runner/work/EventHub-Selenium-BDD/EventHub-Selenium-BDD/src/test/resources/features/navigation/navigation.feature:8 # Authenticated user can move across primary navigation
file:///home/runner/work/EventHub-Selenium-BDD/EventHub-Selenium-BDD/src/test/resources/features/ux/accessibility_smoke.feature:16 # Key pages expose basic accessibility semantics
file:///home/runner/work/EventHub-Selenium-BDD/EventHub-Selenium-BDD/src/test/resources/features/ux/accessibility_smoke.feature:17 # Key pages expose basic accessibility semantics
file:///home/runner/work/EventHub-Selenium-BDD/EventHub-Selenium-BDD/src/test/resources/features/ux/accessibility_smoke.feature:18 # Key pages expose basic accessibility semantics
file:///home/runner/work/EventHub-Selenium-BDD/EventHub-Selenium-BDD/src/test/resources/features/ux/accessibility_smoke.feature:19 # Key pages expose basic accessibility semantics
file:///home/runner/work/EventHub-Selenium-BDD/EventHub-Selenium-BDD/src/test/resources/features/events/event_discovery.feature:47 # Event filters reset after refresh
file:///home/runner/work/EventHub-Selenium-BDD/EventHub-Selenium-BDD/src/test/resources/features/ux/responsive_smoke.feature:16 # Key authenticated pages fit common viewport sizes
file:///home/runner/work/EventHub-Selenium-BDD/EventHub-Selenium-BDD/src/test/resources/features/ux/responsive_smoke.feature:15 # Key authenticated pages fit common viewport sizes
file:///home/runner/work/EventHub-Selenium-BDD/EventHub-Selenium-BDD/src/test/resources/features/ux/responsive_smoke.feature:17 # Key authenticated pages fit common viewport sizes
file:///home/runner/work/EventHub-Selenium-BDD/EventHub-Selenium-BDD/src/test/resources/features/ux/responsive_smoke.feature:18 # Key authenticated pages fit common viewport sizes
file:///home/runner/work/EventHub-Selenium-BDD/EventHub-Selenium-BDD/src/test/resources/features/ux/responsive_smoke.feature:19 # Key authenticated pages fit common viewport sizes
file:///home/runner/work/EventHub-Selenium-BDD/EventHub-Selenium-BDD/src/test/resources/features/ux/visual_sanity.feature:5 # Login page visual sanity screenshot is captured
file:///home/runner/work/EventHub-Selenium-BDD/EventHub-Selenium-BDD/src/test/resources/features/ux/visual_sanity.feature:17 # Authenticated key pages have visual sanity screenshots
file:///home/runner/work/EventHub-Selenium-BDD/EventHub-Selenium-BDD/src/test/resources/features/ux/visual_sanity.feature:18 # Authenticated key pages have visual sanity screenshots
file:///home/runner/work/EventHub-Selenium-BDD/EventHub-Selenium-BDD/src/test/resources/features/ux/visual_sanity.feature:19 # Authenticated key pages have visual sanity screenshots

73 Scenarios (19 failed, 54 passed)
247 Steps (1 failed, 71 skipped, 175 passed)
6m58.764s


org.openqa.selenium.SessionNotCreatedException: Could not start a new session. Possible causes are invalid address of the remote server or browser start-up failure. 
Host info: host: 'runnervmvrwv9', ip: '10.1.0.17'
	at org.openqa.selenium.remote.RemoteWebDriver.execute(RemoteWebDriver.java:596)
	at org.openqa.selenium.remote.RemoteWebDriver.startSession(RemoteWebDriver.java:259)
	at org.openqa.selenium.remote.RemoteWebDriver.<init>(RemoteWebDriver.java:204)
	at org.openqa.selenium.remote.RemoteWebDriver.<init>(RemoteWebDriver.java:169)
	at org.openqa.selenium.remote.RemoteWebDriver.<init>(RemoteWebDriver.java:165)
	at com.eventhub.automation.drivers.DriverFactory.createBrowserStackFirefoxDriver(DriverFactory.java:96)
	at com.eventhub.automation.drivers.DriverFactory.createDriver(DriverFactory.java:50)
	at com.eventhub.automation.drivers.DriverManager.initializeDriver(DriverManager.java:14)
	at com.eventhub.automation.hooks.CucumberHooks.startBrowser(CucumberHooks.java:36)
Caused by: org.openqa.selenium.WebDriverException: Automate testing time expired.
Build info: version: '4.45.0', revision: 'cd6a3cd cd6a3cdfca6970f62e5bc8344109d0fe0e2af05e'
System info: os.name: 'Linux', os.arch: 'amd64', os.version: '6.17.0-1020-azure', java.version: '17.0.19'
Driver info: driver.version: RemoteWebDriver
remote stacktrace: 
	at java.base/jdk.internal.reflect.NativeConstructorAccessorImpl.newInstance0(Native Method)
	at java.base/jdk.internal.reflect.NativeConstructorAccessorImpl.newInstance(NativeConstructorAccessorImpl.java:77)
	at java.base/jdk.internal.reflect.DelegatingConstructorAccessorImpl.newInstance(DelegatingConstructorAccessorImpl.java:45)
	at java.base/java.lang.reflect.Constructor.newInstanceWithCaller(Constructor.java:500)
	at java.base/java.lang.reflect.Constructor.newInstance(Constructor.java:481)
	at org.openqa.selenium.remote.W3CHandshakeResponse.lambda$errorHandler$0(W3CHandshakeResponse.java:60)
	at org.openqa.selenium.remote.HandshakeResponse.lambda$getResponseFunction$0(HandshakeResponse.java:33)
	at org.openqa.selenium.remote.ProtocolHandshake.lambda$createSession$0(ProtocolHandshake.java:121)
	at java.base/java.util.stream.ReferencePipeline$3$1.accept(ReferencePipeline.java:197)
	at java.base/java.util.stream.Streams$StreamBuilderImpl.tryAdvance(Streams.java:397)
	at java.base/java.util.stream.ReferencePipeline.forEachWithCancel(ReferencePipeline.java:129)
	at java.base/java.util.stream.AbstractPipeline.copyIntoWithCancel(AbstractPipeline.java:527)
	at java.base/java.util.stream.AbstractPipeline.copyInto(AbstractPipeline.java:513)
	at java.base/java.util.stream.AbstractPipeline.wrapAndCopyInto(AbstractPipeline.java:499)
	at java.base/java.util.stream.FindOps$FindOp.evaluateSequential(FindOps.java:150)
	at java.base/java.util.stream.AbstractPipeline.evaluate(AbstractPipeline.java:234)
	at java.base/java.util.stream.ReferencePipeline.findFirst(ReferencePipeline.java:647)
	at org.openqa.selenium.remote.ProtocolHandshake.createSession(ProtocolHandshake.java:123)
	at org.openqa.selenium.remote.ProtocolHandshake.createSession(ProtocolHandshake.java:76)
	at org.openqa.selenium.remote.ProtocolHandshake.createSession(ProtocolHandshake.java:62)
	at org.openqa.selenium.remote.HttpCommandExecutor.execute(HttpCommandExecutor.java:171)
	at org.openqa.selenium.remote.TracedCommandExecutor.execute(TracedCommandExecutor.java:51)
	at org.openqa.selenium.remote.RemoteWebDriver.execute(RemoteWebDriver.java:575)
	at org.openqa.selenium.remote.RemoteWebDriver.startSession(RemoteWebDriver.java:259)
	at org.openqa.selenium.remote.RemoteWebDriver.<init>(RemoteWebDriver.java:204)
	at org.openqa.selenium.remote.RemoteWebDriver.<init>(RemoteWebDriver.java:169)
	at org.openqa.selenium.remote.RemoteWebDriver.<init>(RemoteWebDriver.java:165)
	at com.eventhub.automation.drivers.DriverFactory.createBrowserStackFirefoxDriver(DriverFactory.java:96)
	at com.eventhub.automation.drivers.DriverFactory.createDriver(DriverFactory.java:50)
	at com.eventhub.automation.drivers.DriverManager.initializeDriver(DriverManager.java:14)
	at com.eventhub.automation.hooks.CucumberHooks.startBrowser(CucumberHooks.java:36)
	at jdk.internal.reflect.GeneratedMethodAccessor342.invoke(Unknown Source)
	at java.base/jdk.internal.reflect.DelegatingMethodAccessorImpl.invoke(DelegatingMethodAccessorImpl.java:43)
	at java.base/java.lang.reflect.Method.invoke(Method.java:569)
	at io.cucumber.java.Invoker.doInvoke(Invoker.java:66)
	at io.cucumber.java.Invoker.invoke(Invoker.java:24)
	at io.cucumber.java.AbstractGlueDefinition.invokeMethod(AbstractGlueDefinition.java:47)
	at io.cucumber.java.JavaHookDefinition.execute(JavaHookDefinition.java:64)
	at io.cucumber.core.runner.CoreHookDefinition.execute(CoreHookDefinition.java:46)
	at io.cucumber.core.runner.HookDefinitionMatch.runStep(HookDefinitionMatch.java:21)
	at io.cucumber.core.runner.ExecutionMode$1.execute(ExecutionMode.java:10)
	at io.cucumber.core.runner.TestStep.executeStep(TestStep.java:81)
	at io.cucumber.core.runner.TestStep.run(TestStep.java:53)
	at io.cucumber.core.runner.TestCase.run(TestCase.java:78)
	at io.cucumber.core.runner.Runner.runPickle(Runner.java:75)
	at io.cucumber.testng.TestNGCucumberRunner.lambda$runScenario$1(TestNGCucumberRunner.java:132)
	at io.cucumber.core.runtime.CucumberExecutionContext.lambda$runTestCase$5(CucumberExecutionContext.java:136)
	at io.cucumber.core.runtime.RethrowingThrowableCollector.executeAndThrow(RethrowingThrowableCollector.java:23)
	at io.cucumber.core.runtime.CucumberExecutionContext.runTestCase(CucumberExecutionContext.java:136)
	at io.cucumber.testng.TestNGCucumberRunner.runScenario(TestNGCucumberRunner.java:129)
	at io.cucumber.testng.AbstractTestNGCucumberTests.runScenario(AbstractTestNGCucumberTests.java:35)
	at com.eventhub.automation.runners.ParallelCucumberTestRunner.runScenario(ParallelCucumberTestRunner.java:35)
	at jdk.internal.reflect.GeneratedMethodAccessor282.invoke(Unknown Source)
	at java.base/jdk.internal.reflect.DelegatingMethodAccessorImpl.invoke(DelegatingMethodAccessorImpl.java:43)
	at java.base/java.lang.reflect.Method.invoke(Method.java:569)
	at org.testng.internal.invokers.MethodInvocationHelper.invokeMethod(MethodInvocationHelper.java:141)
	at org.testng.internal.invokers.TestInvoker.invokeMethod(TestInvoker.java:686)
	at org.testng.internal.invokers.TestInvoker.invokeTestMethod(TestInvoker.java:230)
	at org.testng.internal.invokers.TestMethodWithDataProviderMethodWorker.call(TestMethodWithDataProviderMethodWorker.java:81)
	at org.testng.internal.thread.Async$AsyncTask.run(Async.java:34)
	at java.base/java.util.concurrent.ThreadPoolExecutor.runWorker(ThreadPoolExecutor.java:1136)
	at java.base/java.util.concurrent.ThreadPoolExecutor$Worker.run(ThreadPoolExecutor.java:635)
	at java.base/java.lang.Thread.run(Thread.java:840)

com.eventhub.automation.exceptions.FrameworkException: WebDriver was not initialized for this thread.
	at com.eventhub.automation.drivers.DriverManager.getDriver(DriverManager.java:21)
	at com.eventhub.automation.utils.ScreenshotUtils.captureBytes(ScreenshotUtils.java:39)
	at com.eventhub.automation.hooks.CucumberHooks.stopBrowser(CucumberHooks.java:43)

org.openqa.selenium.SessionNotCreatedException: Could not start a new session. Handshake response does not match any supported protocol. Response payload: {"value":{"message":"Automate testing time expired."},"sessionId":"","status":13} 
Host info: host: 'runnervmvrwv9', ip: '10.1.0.17'
Build info: version: '4.45.0', revision: 'cd6a3cd cd6a3cdfca6970f62e5bc8344109d0fe0e2af05e'
System info: os.name: 'Linux', os.arch: 'amd64', os.version: '6.17.0-1020-azure', java.version: '17.0.19'
Driver info: org.openqa.selenium.remote.RemoteWebDriver
Command: [null, newSession {capabilities=[Capabilities {acceptInsecureCerts: true, browserName: firefox, bstack:options: {buildName: EventHub Selenium BDD-30816..., debug: true, local: false, networkLogs: true, os: Windows, osVersion: 11, projectName: EventHub Selenium BDD, sessionName: selected-firefox-all-parall...}, moz:firefoxOptions: {prefs: {dom.webnotifications.enabled: false, remote.active-protocols: 1, signon.rememberSignons: false}}}]}]
Capabilities {acceptInsecureCerts: true, browserName: firefox, bstack:options: {buildName: EventHub Selenium BDD-30816..., debug: true, local: false, networkLogs: true, os: Windows, osVersion: 11, projectName: EventHub Selenium BDD, sessionName: selected-firefox-all-parall...}, moz:firefoxOptions: {prefs: {dom.webnotifications.enabled: false, remote.active-protocols: 1, signon.rememberSignons: false}}}
	at org.openqa.selenium.remote.ProtocolHandshake.lambda$createSession$1(ProtocolHandshake.java:129)
	at java.base/java.util.Optional.orElseGet(Optional.java:364)
	at org.openqa.selenium.remote.ProtocolHandshake.createSession(ProtocolHandshake.java:125)
	at org.openqa.selenium.remote.ProtocolHandshake.createSession(ProtocolHandshake.java:76)
	at org.openqa.selenium.remote.ProtocolHandshake.createSession(ProtocolHandshake.java:62)
	at org.openqa.selenium.remote.HttpCommandExecutor.execute(HttpCommandExecutor.java:171)
	at org.openqa.selenium.remote.TracedCommandExecutor.execute(TracedCommandExecutor.java:51)
	at org.openqa.selenium.remote.RemoteWebDriver.execute(RemoteWebDriver.java:575)
	at org.openqa.selenium.remote.RemoteWebDriver.startSession(RemoteWebDriver.java:259)
	at org.openqa.selenium.remote.RemoteWebDriver.<init>(RemoteWebDriver.java:204)
	at org.openqa.selenium.remote.RemoteWebDriver.<init>(RemoteWebDriver.java:169)
	at org.openqa.selenium.remote.RemoteWebDriver.<init>(RemoteWebDriver.java:165)
	at com.eventhub.automation.drivers.DriverFactory.createBrowserStackFirefoxDriver(DriverFactory.java:96)
	at com.eventhub.automation.drivers.DriverFactory.createDriver(DriverFactory.java:50)
	at com.eventhub.automation.drivers.DriverManager.initializeDriver(DriverManager.java:14)
	at com.eventhub.automation.hooks.CucumberHooks.startBrowser(CucumberHooks.java:36)

com.eventhub.automation.exceptions.FrameworkException: WebDriver was not initialized for this thread.
	at com.eventhub.automation.drivers.DriverManager.getDriver(DriverManager.java:21)
	at com.eventhub.automation.utils.ScreenshotUtils.captureBytes(ScreenshotUtils.java:39)
	at com.eventhub.automation.hooks.CucumberHooks.stopBrowser(CucumberHooks.java:43)

org.openqa.selenium.SessionNotCreatedException: Could not start a new session. Handshake response does not match any supported protocol. Response payload: {"value":{"message":"Automate testing time expired."},"sessionId":"","status":13} 
Host info: host: 'runnervmvrwv9', ip: '10.1.0.17'
Build info: version: '4.45.0', revision: 'cd6a3cd cd6a3cdfca6970f62e5bc8344109d0fe0e2af05e'
System info: os.name: 'Linux', os.arch: 'amd64', os.version: '6.17.0-1020-azure', java.version: '17.0.19'
Driver info: org.openqa.selenium.remote.RemoteWebDriver
Command: [null, newSession {capabilities=[Capabilities {acceptInsecureCerts: true, browserName: firefox, bstack:options: {buildName: EventHub Selenium BDD-30816..., debug: true, local: false, networkLogs: true, os: Windows, osVersion: 11, projectName: EventHub Selenium BDD, sessionName: selected-firefox-all-parall...}, moz:firefoxOptions: {prefs: {dom.webnotifications.enabled: false, remote.active-protocols: 1, signon.rememberSignons: false}}}]}]
Capabilities {acceptInsecureCerts: true, browserName: firefox, bstack:options: {buildName: EventHub Selenium BDD-30816..., debug: true, local: false, networkLogs: true, os: Windows, osVersion: 11, projectName: EventHub Selenium BDD, sessionName: selected-firefox-all-parall...}, moz:firefoxOptions: {prefs: {dom.webnotifications.enabled: false, remote.active-protocols: 1, signon.rememberSignons: false}}}
	at org.openqa.selenium.remote.ProtocolHandshake.lambda$createSession$1(ProtocolHandshake.java:129)
	at java.base/java.util.Optional.orElseGet(Optional.java:364)
	at org.openqa.selenium.remote.ProtocolHandshake.createSession(ProtocolHandshake.java:125)
	at org.openqa.selenium.remote.ProtocolHandshake.createSession(ProtocolHandshake.java:76)
	at org.openqa.selenium.remote.ProtocolHandshake.createSession(ProtocolHandshake.java:62)
	at org.openqa.selenium.remote.HttpCommandExecutor.execute(HttpCommandExecutor.java:171)
	at org.openqa.selenium.remote.TracedCommandExecutor.execute(TracedCommandExecutor.java:51)
	at org.openqa.selenium.remote.RemoteWebDriver.execute(RemoteWebDriver.java:575)
	at org.openqa.selenium.remote.RemoteWebDriver.startSession(RemoteWebDriver.java:259)
	at org.openqa.selenium.remote.RemoteWebDriver.<init>(RemoteWebDriver.java:204)
	at org.openqa.selenium.remote.RemoteWebDriver.<init>(RemoteWebDriver.java:169)
	at org.openqa.selenium.remote.RemoteWebDriver.<init>(RemoteWebDriver.java:165)
	at com.eventhub.automation.drivers.DriverFactory.createBrowserStackFirefoxDriver(DriverFactory.java:96)
	at com.eventhub.automation.drivers.DriverFactory.createDriver(DriverFactory.java:50)
	at com.eventhub.automation.drivers.DriverManager.initializeDriver(DriverManager.java:14)
	at com.eventhub.automation.hooks.CucumberHooks.startBrowser(CucumberHooks.java:36)

com.eventhub.automation.exceptions.FrameworkException: WebDriver was not initialized for this thread.
	at com.eventhub.automation.drivers.DriverManager.getDriver(DriverManager.java:21)
	at com.eventhub.automation.utils.ScreenshotUtils.captureBytes(ScreenshotUtils.java:39)
	at com.eventhub.automation.hooks.CucumberHooks.stopBrowser(CucumberHooks.java:43)

org.openqa.selenium.SessionNotCreatedException: Could not start a new session. Handshake response does not match any supported protocol. Response payload: {"value":{"message":"Automate testing time expired."},"sessionId":"","status":13} 
Host info: host: 'runnervmvrwv9', ip: '10.1.0.17'
Build info: version: '4.45.0', revision: 'cd6a3cd cd6a3cdfca6970f62e5bc8344109d0fe0e2af05e'
System info: os.name: 'Linux', os.arch: 'amd64', os.version: '6.17.0-1020-azure', java.version: '17.0.19'
Driver info: org.openqa.selenium.remote.RemoteWebDriver
Command: [null, newSession {capabilities=[Capabilities {acceptInsecureCerts: true, browserName: firefox, bstack:options: {buildName: EventHub Selenium BDD-30816..., debug: true, local: false, networkLogs: true, os: Windows, osVersion: 11, projectName: EventHub Selenium BDD, sessionName: selected-firefox-all-parall...}, moz:firefoxOptions: {prefs: {dom.webnotifications.enabled: false, remote.active-protocols: 1, signon.rememberSignons: false}}}]}]
Capabilities {acceptInsecureCerts: true, browserName: firefox, bstack:options: {buildName: EventHub Selenium BDD-30816..., debug: true, local: false, networkLogs: true, os: Windows, osVersion: 11, projectName: EventHub Selenium BDD, sessionName: selected-firefox-all-parall...}, moz:firefoxOptions: {prefs: {dom.webnotifications.enabled: false, remote.active-protocols: 1, signon.rememberSignons: false}}}
	at org.openqa.selenium.remote.ProtocolHandshake.lambda$createSession$1(ProtocolHandshake.java:129)
	at java.base/java.util.Optional.orElseGet(Optional.java:364)
	at org.openqa.selenium.remote.ProtocolHandshake.createSession(ProtocolHandshake.java:125)
	at org.openqa.selenium.remote.ProtocolHandshake.createSession(ProtocolHandshake.java:76)
	at org.openqa.selenium.remote.ProtocolHandshake.createSession(ProtocolHandshake.java:62)
	at org.openqa.selenium.remote.HttpCommandExecutor.execute(HttpCommandExecutor.java:171)
	at org.openqa.selenium.remote.TracedCommandExecutor.execute(TracedCommandExecutor.java:51)
	at org.openqa.selenium.remote.RemoteWebDriver.execute(RemoteWebDriver.java:575)
	at org.openqa.selenium.remote.RemoteWebDriver.startSession(RemoteWebDriver.java:259)
	at org.openqa.selenium.remote.RemoteWebDriver.<init>(RemoteWebDriver.java:204)
	at org.openqa.selenium.remote.RemoteWebDriver.<init>(RemoteWebDriver.java:169)
	at org.openqa.selenium.remote.RemoteWebDriver.<init>(RemoteWebDriver.java:165)
	at com.eventhub.automation.drivers.DriverFactory.createBrowserStackFirefoxDriver(DriverFactory.java:96)
	at com.eventhub.automation.drivers.DriverFactory.createDriver(DriverFactory.java:50)
	at com.eventhub.automation.drivers.DriverManager.initializeDriver(DriverManager.java:14)
	at com.eventhub.automation.hooks.CucumberHooks.startBrowser(CucumberHooks.java:36)

com.eventhub.automation.exceptions.FrameworkException: WebDriver was not initialized for this thread.
	at com.eventhub.automation.drivers.DriverManager.getDriver(DriverManager.java:21)
	at com.eventhub.automation.utils.ScreenshotUtils.captureBytes(ScreenshotUtils.java:39)
	at com.eventhub.automation.hooks.CucumberHooks.stopBrowser(CucumberHooks.java:43)

org.openqa.selenium.SessionNotCreatedException: Could not start a new session. Handshake response does not match any supported protocol. Response payload: {"value":{"message":"Automate testing time expired."},"sessionId":"","status":13} 
Host info: host: 'runnervmvrwv9', ip: '10.1.0.17'
Build info: version: '4.45.0', revision: 'cd6a3cd cd6a3cdfca6970f62e5bc8344109d0fe0e2af05e'
System info: os.name: 'Linux', os.arch: 'amd64', os.version: '6.17.0-1020-azure', java.version: '17.0.19'
Driver info: org.openqa.selenium.remote.RemoteWebDriver
Command: [null, newSession {capabilities=[Capabilities {acceptInsecureCerts: true, browserName: firefox, bstack:options: {buildName: EventHub Selenium BDD-30816..., debug: true, local: false, networkLogs: true, os: Windows, osVersion: 11, projectName: EventHub Selenium BDD, sessionName: selected-firefox-all-parall...}, moz:firefoxOptions: {prefs: {dom.webnotifications.enabled: false, remote.active-protocols: 1, signon.rememberSignons: false}}}]}]
Capabilities {acceptInsecureCerts: true, browserName: firefox, bstack:options: {buildName: EventHub Selenium BDD-30816..., debug: true, local: false, networkLogs: true, os: Windows, osVersion: 11, projectName: EventHub Selenium BDD, sessionName: selected-firefox-all-parall...}, moz:firefoxOptions: {prefs: {dom.webnotifications.enabled: false, remote.active-protocols: 1, signon.rememberSignons: false}}}
	at org.openqa.selenium.remote.ProtocolHandshake.lambda$createSession$1(ProtocolHandshake.java:129)
	at java.base/java.util.Optional.orElseGet(Optional.java:364)
	at org.openqa.selenium.remote.ProtocolHandshake.createSession(ProtocolHandshake.java:125)
	at org.openqa.selenium.remote.ProtocolHandshake.createSession(ProtocolHandshake.java:76)
	at org.openqa.selenium.remote.ProtocolHandshake.createSession(ProtocolHandshake.java:62)
	at org.openqa.selenium.remote.HttpCommandExecutor.execute(HttpCommandExecutor.java:171)
	at org.openqa.selenium.remote.TracedCommandExecutor.execute(TracedCommandExecutor.java:51)
	at org.openqa.selenium.remote.RemoteWebDriver.execute(RemoteWebDriver.java:575)
	at org.openqa.selenium.remote.RemoteWebDriver.startSession(RemoteWebDriver.java:259)
	at org.openqa.selenium.remote.RemoteWebDriver.<init>(RemoteWebDriver.java:204)
	at org.openqa.selenium.remote.RemoteWebDriver.<init>(RemoteWebDriver.java:169)
	at org.openqa.selenium.remote.RemoteWebDriver.<init>(RemoteWebDriver.java:165)
	at com.eventhub.automation.drivers.DriverFactory.createBrowserStackFirefoxDriver(DriverFactory.java:96)
	at com.eventhub.automation.drivers.DriverFactory.createDriver(DriverFactory.java:50)
	at com.eventhub.automation.drivers.DriverManager.initializeDriver(DriverManager.java:14)
	at com.eventhub.automation.hooks.CucumberHooks.startBrowser(CucumberHooks.java:36)

com.eventhub.automation.exceptions.FrameworkException: WebDriver was not initialized for this thread.
	at com.eventhub.automation.drivers.DriverManager.getDriver(DriverManager.java:21)
	at com.eventhub.automation.utils.ScreenshotUtils.captureBytes(ScreenshotUtils.java:39)
	at com.eventhub.automation.hooks.CucumberHooks.stopBrowser(CucumberHooks.java:43)

org.openqa.selenium.SessionNotCreatedException: Could not start a new session. Handshake response does not match any supported protocol. Response payload: {"value":{"message":"Automate testing time expired."},"sessionId":"","status":13} 
Host info: host: 'runnervmvrwv9', ip: '10.1.0.17'
Build info: version: '4.45.0', revision: 'cd6a3cd cd6a3cdfca6970f62e5bc8344109d0fe0e2af05e'
System info: os.name: 'Linux', os.arch: 'amd64', os.version: '6.17.0-1020-azure', java.version: '17.0.19'
Driver info: org.openqa.selenium.remote.RemoteWebDriver
Command: [null, newSession {capabilities=[Capabilities {acceptInsecureCerts: true, browserName: firefox, bstack:options: {buildName: EventHub Selenium BDD-30816..., debug: true, local: false, networkLogs: true, os: Windows, osVersion: 11, projectName: EventHub Selenium BDD, sessionName: selected-firefox-all-parall...}, moz:firefoxOptions: {prefs: {dom.webnotifications.enabled: false, remote.active-protocols: 1, signon.rememberSignons: false}}}]}]
Capabilities {acceptInsecureCerts: true, browserName: firefox, bstack:options: {buildName: EventHub Selenium BDD-30816..., debug: true, local: false, networkLogs: true, os: Windows, osVersion: 11, projectName: EventHub Selenium BDD, sessionName: selected-firefox-all-parall...}, moz:firefoxOptions: {prefs: {dom.webnotifications.enabled: false, remote.active-protocols: 1, signon.rememberSignons: false}}}
	at org.openqa.selenium.remote.ProtocolHandshake.lambda$createSession$1(ProtocolHandshake.java:129)
	at java.base/java.util.Optional.orElseGet(Optional.java:364)
	at org.openqa.selenium.remote.ProtocolHandshake.createSession(ProtocolHandshake.java:125)
	at org.openqa.selenium.remote.ProtocolHandshake.createSession(ProtocolHandshake.java:76)
	at org.openqa.selenium.remote.ProtocolHandshake.createSession(ProtocolHandshake.java:62)
	at org.openqa.selenium.remote.HttpCommandExecutor.execute(HttpCommandExecutor.java:171)
	at org.openqa.selenium.remote.TracedCommandExecutor.execute(TracedCommandExecutor.java:51)
	at org.openqa.selenium.remote.RemoteWebDriver.execute(RemoteWebDriver.java:575)
	at org.openqa.selenium.remote.RemoteWebDriver.startSession(RemoteWebDriver.java:259)
	at org.openqa.selenium.remote.RemoteWebDriver.<init>(RemoteWebDriver.java:204)
	at org.openqa.selenium.remote.RemoteWebDriver.<init>(RemoteWebDriver.java:169)
	at org.openqa.selenium.remote.RemoteWebDriver.<init>(RemoteWebDriver.java:165)
	at com.eventhub.automation.drivers.DriverFactory.createBrowserStackFirefoxDriver(DriverFactory.java:96)
	at com.eventhub.automation.drivers.DriverFactory.createDriver(DriverFactory.java:50)
	at com.eventhub.automation.drivers.DriverManager.initializeDriver(DriverManager.java:14)
	at com.eventhub.automation.hooks.CucumberHooks.startBrowser(CucumberHooks.java:36)

com.eventhub.automation.exceptions.FrameworkException: WebDriver was not initialized for this thread.
	at com.eventhub.automation.drivers.DriverManager.getDriver(DriverManager.java:21)
	at com.eventhub.automation.utils.ScreenshotUtils.captureBytes(ScreenshotUtils.java:39)
	at com.eventhub.automation.hooks.CucumberHooks.stopBrowser(CucumberHooks.java:43)

org.openqa.selenium.SessionNotCreatedException: Could not start a new session. Handshake response does not match any supported protocol. Response payload: {"value":{"message":"Automate testing time expired."},"sessionId":"","status":13} 
Host info: host: 'runnervmvrwv9', ip: '10.1.0.17'
Build info: version: '4.45.0', revision: 'cd6a3cd cd6a3cdfca6970f62e5bc8344109d0fe0e2af05e'
System info: os.name: 'Linux', os.arch: 'amd64', os.version: '6.17.0-1020-azure', java.version: '17.0.19'
Driver info: org.openqa.selenium.remote.RemoteWebDriver
Command: [null, newSession {capabilities=[Capabilities {acceptInsecureCerts: true, browserName: firefox, bstack:options: {buildName: EventHub Selenium BDD-30816..., debug: true, local: false, networkLogs: true, os: Windows, osVersion: 11, projectName: EventHub Selenium BDD, sessionName: selected-firefox-all-parall...}, moz:firefoxOptions: {prefs: {dom.webnotifications.enabled: false, remote.active-protocols: 1, signon.rememberSignons: false}}}]}]
Capabilities {acceptInsecureCerts: true, browserName: firefox, bstack:options: {buildName: EventHub Selenium BDD-30816..., debug: true, local: false, networkLogs: true, os: Windows, osVersion: 11, projectName: EventHub Selenium BDD, sessionName: selected-firefox-all-parall...}, moz:firefoxOptions: {prefs: {dom.webnotifications.enabled: false, remote.active-protocols: 1, signon.rememberSignons: false}}}
	at org.openqa.selenium.remote.ProtocolHandshake.lambda$createSession$1(ProtocolHandshake.java:129)
	at java.base/java.util.Optional.orElseGet(Optional.java:364)
	at org.openqa.selenium.remote.ProtocolHandshake.createSession(ProtocolHandshake.java:125)
	at org.openqa.selenium.remote.ProtocolHandshake.createSession(ProtocolHandshake.java:76)
	at org.openqa.selenium.remote.ProtocolHandshake.createSession(ProtocolHandshake.java:62)
	at org.openqa.selenium.remote.HttpCommandExecutor.execute(HttpCommandExecutor.java:171)
	at org.openqa.selenium.remote.TracedCommandExecutor.execute(TracedCommandExecutor.java:51)
	at org.openqa.selenium.remote.RemoteWebDriver.execute(RemoteWebDriver.java:575)
	at org.openqa.selenium.remote.RemoteWebDriver.startSession(RemoteWebDriver.java:259)
	at org.openqa.selenium.remote.RemoteWebDriver.<init>(RemoteWebDriver.java:204)
	at org.openqa.selenium.remote.RemoteWebDriver.<init>(RemoteWebDriver.java:169)
	at org.openqa.selenium.remote.RemoteWebDriver.<init>(RemoteWebDriver.java:165)
	at com.eventhub.automation.drivers.DriverFactory.createBrowserStackFirefoxDriver(DriverFactory.java:96)
	at com.eventhub.automation.drivers.DriverFactory.createDriver(DriverFactory.java:50)
	at com.eventhub.automation.drivers.DriverManager.initializeDriver(DriverManager.java:14)
	at com.eventhub.automation.hooks.CucumberHooks.startBrowser(CucumberHooks.java:36)

com.eventhub.automation.exceptions.FrameworkException: WebDriver was not initialized for this thread.
	at com.eventhub.automation.drivers.DriverManager.getDriver(DriverManager.java:21)
	at com.eventhub.automation.utils.ScreenshotUtils.captureBytes(ScreenshotUtils.java:39)
	at com.eventhub.automation.hooks.CucumberHooks.stopBrowser(CucumberHooks.java:43)

org.openqa.selenium.SessionNotCreatedException: Could not start a new session. Handshake response does not match any supported protocol. Response payload: {"value":{"message":"Automate testing time expired."},"sessionId":"","status":13} 
Host info: host: 'runnervmvrwv9', ip: '10.1.0.17'
Build info: version: '4.45.0', revision: 'cd6a3cd cd6a3cdfca6970f62e5bc8344109d0fe0e2af05e'
System info: os.name: 'Linux', os.arch: 'amd64', os.version: '6.17.0-1020-azure', java.version: '17.0.19'
Driver info: org.openqa.selenium.remote.RemoteWebDriver
Command: [null, newSession {capabilities=[Capabilities {acceptInsecureCerts: true, browserName: firefox, bstack:options: {buildName: EventHub Selenium BDD-30816..., debug: true, local: false, networkLogs: true, os: Windows, osVersion: 11, projectName: EventHub Selenium BDD, sessionName: selected-firefox-all-parall...}, moz:firefoxOptions: {prefs: {dom.webnotifications.enabled: false, remote.active-protocols: 1, signon.rememberSignons: false}}}]}]
Capabilities {acceptInsecureCerts: true, browserName: firefox, bstack:options: {buildName: EventHub Selenium BDD-30816..., debug: true, local: false, networkLogs: true, os: Windows, osVersion: 11, projectName: EventHub Selenium BDD, sessionName: selected-firefox-all-parall...}, moz:firefoxOptions: {prefs: {dom.webnotifications.enabled: false, remote.active-protocols: 1, signon.rememberSignons: false}}}
	at org.openqa.selenium.remote.ProtocolHandshake.lambda$createSession$1(ProtocolHandshake.java:129)
	at java.base/java.util.Optional.orElseGet(Optional.java:364)
	at org.openqa.selenium.remote.ProtocolHandshake.createSession(ProtocolHandshake.java:125)
	at org.openqa.selenium.remote.ProtocolHandshake.createSession(ProtocolHandshake.java:76)
	at org.openqa.selenium.remote.ProtocolHandshake.createSession(ProtocolHandshake.java:62)
	at org.openqa.selenium.remote.HttpCommandExecutor.execute(HttpCommandExecutor.java:171)
	at org.openqa.selenium.remote.TracedCommandExecutor.execute(TracedCommandExecutor.java:51)
	at org.openqa.selenium.remote.RemoteWebDriver.execute(RemoteWebDriver.java:575)
	at org.openqa.selenium.remote.RemoteWebDriver.startSession(RemoteWebDriver.java:259)
	at org.openqa.selenium.remote.RemoteWebDriver.<init>(RemoteWebDriver.java:204)
	at org.openqa.selenium.remote.RemoteWebDriver.<init>(RemoteWebDriver.java:169)
	at org.openqa.selenium.remote.RemoteWebDriver.<init>(RemoteWebDriver.java:165)
	at com.eventhub.automation.drivers.DriverFactory.createBrowserStackFirefoxDriver(DriverFactory.java:96)
	at com.eventhub.automation.drivers.DriverFactory.createDriver(DriverFactory.java:50)
	at com.eventhub.automation.drivers.DriverManager.initializeDriver(DriverManager.java:14)
	at com.eventhub.automation.hooks.CucumberHooks.startBrowser(CucumberHooks.java:36)

com.eventhub.automation.exceptions.FrameworkException: WebDriver was not initialized for this thread.
	at com.eventhub.automation.drivers.DriverManager.getDriver(DriverManager.java:21)
	at com.eventhub.automation.utils.ScreenshotUtils.captureBytes(ScreenshotUtils.java:39)
	at com.eventhub.automation.hooks.CucumberHooks.stopBrowser(CucumberHooks.java:43)

java.lang.AssertionError: 
Expecting blank but was: "Dilli Diwali Mela"
	at com.eventhub.automation.pages.EventsPage.assertFiltersReset(EventsPage.java:51)
	at com.eventhub.automation.steps.EventSteps.eventFiltersShouldBeReset(EventSteps.java:122)
	at ✽.event filters should be reset(file:///home/runner/work/EventHub-Selenium-BDD/EventHub-Selenium-BDD/src/test/resources/features/events/event_discovery.feature:51)

org.openqa.selenium.SessionNotCreatedException: Could not start a new session. Handshake response does not match any supported protocol. Response payload: {"value":{"message":"Automate testing time expired."},"sessionId":"","status":13} 
Host info: host: 'runnervmvrwv9', ip: '10.1.0.17'
Build info: version: '4.45.0', revision: 'cd6a3cd cd6a3cdfca6970f62e5bc8344109d0fe0e2af05e'
System info: os.name: 'Linux', os.arch: 'amd64', os.version: '6.17.0-1020-azure', java.version: '17.0.19'
Driver info: org.openqa.selenium.remote.RemoteWebDriver
Command: [null, newSession {capabilities=[Capabilities {acceptInsecureCerts: true, browserName: firefox, bstack:options: {buildName: EventHub Selenium BDD-30816..., debug: true, local: false, networkLogs: true, os: Windows, osVersion: 11, projectName: EventHub Selenium BDD, sessionName: selected-firefox-all-parall...}, moz:firefoxOptions: {prefs: {dom.webnotifications.enabled: false, remote.active-protocols: 1, signon.rememberSignons: false}}}]}]
Capabilities {acceptInsecureCerts: true, browserName: firefox, bstack:options: {buildName: EventHub Selenium BDD-30816..., debug: true, local: false, networkLogs: true, os: Windows, osVersion: 11, projectName: EventHub Selenium BDD, sessionName: selected-firefox-all-parall...}, moz:firefoxOptions: {prefs: {dom.webnotifications.enabled: false, remote.active-protocols: 1, signon.rememberSignons: false}}}
	at org.openqa.selenium.remote.ProtocolHandshake.lambda$createSession$1(ProtocolHandshake.java:129)
	at java.base/java.util.Optional.orElseGet(Optional.java:364)
	at org.openqa.selenium.remote.ProtocolHandshake.createSession(ProtocolHandshake.java:125)
	at org.openqa.selenium.remote.ProtocolHandshake.createSession(ProtocolHandshake.java:76)
	at org.openqa.selenium.remote.ProtocolHandshake.createSession(ProtocolHandshake.java:62)
	at org.openqa.selenium.remote.HttpCommandExecutor.execute(HttpCommandExecutor.java:171)
	at org.openqa.selenium.remote.TracedCommandExecutor.execute(TracedCommandExecutor.java:51)
	at org.openqa.selenium.remote.RemoteWebDriver.execute(RemoteWebDriver.java:575)
	at org.openqa.selenium.remote.RemoteWebDriver.startSession(RemoteWebDriver.java:259)
	at org.openqa.selenium.remote.RemoteWebDriver.<init>(RemoteWebDriver.java:204)
	at org.openqa.selenium.remote.RemoteWebDriver.<init>(RemoteWebDriver.java:169)
	at org.openqa.selenium.remote.RemoteWebDriver.<init>(RemoteWebDriver.java:165)
	at com.eventhub.automation.drivers.DriverFactory.createBrowserStackFirefoxDriver(DriverFactory.java:96)
	at com.eventhub.automation.drivers.DriverFactory.createDriver(DriverFactory.java:50)
	at com.eventhub.automation.drivers.DriverManager.initializeDriver(DriverManager.java:14)
	at com.eventhub.automation.hooks.CucumberHooks.startBrowser(CucumberHooks.java:36)

com.eventhub.automation.exceptions.FrameworkException: WebDriver was not initialized for this thread.
	at com.eventhub.automation.drivers.DriverManager.getDriver(DriverManager.java:21)
	at com.eventhub.automation.utils.ScreenshotUtils.captureBytes(ScreenshotUtils.java:39)
	at com.eventhub.automation.hooks.CucumberHooks.stopBrowser(CucumberHooks.java:43)

org.openqa.selenium.SessionNotCreatedException: Could not start a new session. Handshake response does not match any supported protocol. Response payload: {"value":{"message":"Automate testing time expired."},"sessionId":"","status":13} 
Host info: host: 'runnervmvrwv9', ip: '10.1.0.17'
Build info: version: '4.45.0', revision: 'cd6a3cd cd6a3cdfca6970f62e5bc8344109d0fe0e2af05e'
System info: os.name: 'Linux', os.arch: 'amd64', os.version: '6.17.0-1020-azure', java.version: '17.0.19'
Driver info: org.openqa.selenium.remote.RemoteWebDriver
Command: [null, newSession {capabilities=[Capabilities {acceptInsecureCerts: true, browserName: firefox, bstack:options: {buildName: EventHub Selenium BDD-30816..., debug: true, local: false, networkLogs: true, os: Windows, osVersion: 11, projectName: EventHub Selenium BDD, sessionName: selected-firefox-all-parall...}, moz:firefoxOptions: {prefs: {dom.webnotifications.enabled: false, remote.active-protocols: 1, signon.rememberSignons: false}}}]}]
Capabilities {acceptInsecureCerts: true, browserName: firefox, bstack:options: {buildName: EventHub Selenium BDD-30816..., debug: true, local: false, networkLogs: true, os: Windows, osVersion: 11, projectName: EventHub Selenium BDD, sessionName: selected-firefox-all-parall...}, moz:firefoxOptions: {prefs: {dom.webnotifications.enabled: false, remote.active-protocols: 1, signon.rememberSignons: false}}}
	at org.openqa.selenium.remote.ProtocolHandshake.lambda$createSession$1(ProtocolHandshake.java:129)
	at java.base/java.util.Optional.orElseGet(Optional.java:364)
	at org.openqa.selenium.remote.ProtocolHandshake.createSession(ProtocolHandshake.java:125)
	at org.openqa.selenium.remote.ProtocolHandshake.createSession(ProtocolHandshake.java:76)
	at org.openqa.selenium.remote.ProtocolHandshake.createSession(ProtocolHandshake.java:62)
	at org.openqa.selenium.remote.HttpCommandExecutor.execute(HttpCommandExecutor.java:171)
	at org.openqa.selenium.remote.TracedCommandExecutor.execute(TracedCommandExecutor.java:51)
	at org.openqa.selenium.remote.RemoteWebDriver.execute(RemoteWebDriver.java:575)
	at org.openqa.selenium.remote.RemoteWebDriver.startSession(RemoteWebDriver.java:259)
	at org.openqa.selenium.remote.RemoteWebDriver.<init>(RemoteWebDriver.java:204)
	at org.openqa.selenium.remote.RemoteWebDriver.<init>(RemoteWebDriver.java:169)
	at org.openqa.selenium.remote.RemoteWebDriver.<init>(RemoteWebDriver.java:165)
	at com.eventhub.automation.drivers.DriverFactory.createBrowserStackFirefoxDriver(DriverFactory.java:96)
	at com.eventhub.automation.drivers.DriverFactory.createDriver(DriverFactory.java:50)
	at com.eventhub.automation.drivers.DriverManager.initializeDriver(DriverManager.java:14)
	at com.eventhub.automation.hooks.CucumberHooks.startBrowser(CucumberHooks.java:36)

com.eventhub.automation.exceptions.FrameworkException: WebDriver was not initialized for this thread.
	at com.eventhub.automation.drivers.DriverManager.getDriver(DriverManager.java:21)
	at com.eventhub.automation.utils.ScreenshotUtils.captureBytes(ScreenshotUtils.java:39)
	at com.eventhub.automation.hooks.CucumberHooks.stopBrowser(CucumberHooks.java:43)

org.openqa.selenium.SessionNotCreatedException: Could not start a new session. Handshake response does not match any supported protocol. Response payload: {"value":{"message":"Automate testing time expired."},"sessionId":"","status":13} 
Host info: host: 'runnervmvrwv9', ip: '10.1.0.17'
Build info: version: '4.45.0', revision: 'cd6a3cd cd6a3cdfca6970f62e5bc8344109d0fe0e2af05e'
System info: os.name: 'Linux', os.arch: 'amd64', os.version: '6.17.0-1020-azure', java.version: '17.0.19'
Driver info: org.openqa.selenium.remote.RemoteWebDriver
Command: [null, newSession {capabilities=[Capabilities {acceptInsecureCerts: true, browserName: firefox, bstack:options: {buildName: EventHub Selenium BDD-30816..., debug: true, local: false, networkLogs: true, os: Windows, osVersion: 11, projectName: EventHub Selenium BDD, sessionName: selected-firefox-all-parall...}, moz:firefoxOptions: {prefs: {dom.webnotifications.enabled: false, remote.active-protocols: 1, signon.rememberSignons: false}}}]}]
Capabilities {acceptInsecureCerts: true, browserName: firefox, bstack:options: {buildName: EventHub Selenium BDD-30816..., debug: true, local: false, networkLogs: true, os: Windows, osVersion: 11, projectName: EventHub Selenium BDD, sessionName: selected-firefox-all-parall...}, moz:firefoxOptions: {prefs: {dom.webnotifications.enabled: false, remote.active-protocols: 1, signon.rememberSignons: false}}}
	at org.openqa.selenium.remote.ProtocolHandshake.lambda$createSession$1(ProtocolHandshake.java:129)
	at java.base/java.util.Optional.orElseGet(Optional.java:364)
	at org.openqa.selenium.remote.ProtocolHandshake.createSession(ProtocolHandshake.java:125)
	at org.openqa.selenium.remote.ProtocolHandshake.createSession(ProtocolHandshake.java:76)
	at org.openqa.selenium.remote.ProtocolHandshake.createSession(ProtocolHandshake.java:62)
	at org.openqa.selenium.remote.HttpCommandExecutor.execute(HttpCommandExecutor.java:171)
	at org.openqa.selenium.remote.TracedCommandExecutor.execute(TracedCommandExecutor.java:51)
	at org.openqa.selenium.remote.RemoteWebDriver.execute(RemoteWebDriver.java:575)
	at org.openqa.selenium.remote.RemoteWebDriver.startSession(RemoteWebDriver.java:259)
	at org.openqa.selenium.remote.RemoteWebDriver.<init>(RemoteWebDriver.java:204)
	at org.openqa.selenium.remote.RemoteWebDriver.<init>(RemoteWebDriver.java:169)
	at org.openqa.selenium.remote.RemoteWebDriver.<init>(RemoteWebDriver.java:165)
	at com.eventhub.automation.drivers.DriverFactory.createBrowserStackFirefoxDriver(DriverFactory.java:96)
	at com.eventhub.automation.drivers.DriverFactory.createDriver(DriverFactory.java:50)
	at com.eventhub.automation.drivers.DriverManager.initializeDriver(DriverManager.java:14)
	at com.eventhub.automation.hooks.CucumberHooks.startBrowser(CucumberHooks.java:36)

com.eventhub.automation.exceptions.FrameworkException: WebDriver was not initialized for this thread.
	at com.eventhub.automation.drivers.DriverManager.getDriver(DriverManager.java:21)
	at com.eventhub.automation.utils.ScreenshotUtils.captureBytes(ScreenshotUtils.java:39)
	at com.eventhub.automation.hooks.CucumberHooks.stopBrowser(CucumberHooks.java:43)

org.openqa.selenium.SessionNotCreatedException: Could not start a new session. Handshake response does not match any supported protocol. Response payload: {"value":{"message":"Automate testing time expired."},"sessionId":"","status":13} 
Host info: host: 'runnervmvrwv9', ip: '10.1.0.17'
Build info: version: '4.45.0', revision: 'cd6a3cd cd6a3cdfca6970f62e5bc8344109d0fe0e2af05e'
System info: os.name: 'Linux', os.arch: 'amd64', os.version: '6.17.0-1020-azure', java.version: '17.0.19'
Driver info: org.openqa.selenium.remote.RemoteWebDriver
Command: [null, newSession {capabilities=[Capabilities {acceptInsecureCerts: true, browserName: firefox, bstack:options: {buildName: EventHub Selenium BDD-30816..., debug: true, local: false, networkLogs: true, os: Windows, osVersion: 11, projectName: EventHub Selenium BDD, sessionName: selected-firefox-all-parall...}, moz:firefoxOptions: {prefs: {dom.webnotifications.enabled: false, remote.active-protocols: 1, signon.rememberSignons: false}}}]}]
Capabilities {acceptInsecureCerts: true, browserName: firefox, bstack:options: {buildName: EventHub Selenium BDD-30816..., debug: true, local: false, networkLogs: true, os: Windows, osVersion: 11, projectName: EventHub Selenium BDD, sessionName: selected-firefox-all-parall...}, moz:firefoxOptions: {prefs: {dom.webnotifications.enabled: false, remote.active-protocols: 1, signon.rememberSignons: false}}}
	at org.openqa.selenium.remote.ProtocolHandshake.lambda$createSession$1(ProtocolHandshake.java:129)
	at java.base/java.util.Optional.orElseGet(Optional.java:364)
	at org.openqa.selenium.remote.ProtocolHandshake.createSession(ProtocolHandshake.java:125)
	at org.openqa.selenium.remote.ProtocolHandshake.createSession(ProtocolHandshake.java:76)
	at org.openqa.selenium.remote.ProtocolHandshake.createSession(ProtocolHandshake.java:62)
	at org.openqa.selenium.remote.HttpCommandExecutor.execute(HttpCommandExecutor.java:171)
	at org.openqa.selenium.remote.TracedCommandExecutor.execute(TracedCommandExecutor.java:51)
	at org.openqa.selenium.remote.RemoteWebDriver.execute(RemoteWebDriver.java:575)
	at org.openqa.selenium.remote.RemoteWebDriver.startSession(RemoteWebDriver.java:259)
	at org.openqa.selenium.remote.RemoteWebDriver.<init>(RemoteWebDriver.java:204)
	at org.openqa.selenium.remote.RemoteWebDriver.<init>(RemoteWebDriver.java:169)
	at org.openqa.selenium.remote.RemoteWebDriver.<init>(RemoteWebDriver.java:165)
	at com.eventhub.automation.drivers.DriverFactory.createBrowserStackFirefoxDriver(DriverFactory.java:96)
	at com.eventhub.automation.drivers.DriverFactory.createDriver(DriverFactory.java:50)
	at com.eventhub.automation.drivers.DriverManager.initializeDriver(DriverManager.java:14)
	at com.eventhub.automation.hooks.CucumberHooks.startBrowser(CucumberHooks.java:36)

com.eventhub.automation.exceptions.FrameworkException: WebDriver was not initialized for this thread.
	at com.eventhub.automation.drivers.DriverManager.getDriver(DriverManager.java:21)
	at com.eventhub.automation.utils.ScreenshotUtils.captureBytes(ScreenshotUtils.java:39)
	at com.eventhub.automation.hooks.CucumberHooks.stopBrowser(CucumberHooks.java:43)

org.openqa.selenium.SessionNotCreatedException: Could not start a new session. Handshake response does not match any supported protocol. Response payload: {"value":{"message":"Automate testing time expired."},"sessionId":"","status":13} 
Host info: host: 'runnervmvrwv9', ip: '10.1.0.17'
Build info: version: '4.45.0', revision: 'cd6a3cd cd6a3cdfca6970f62e5bc8344109d0fe0e2af05e'
System info: os.name: 'Linux', os.arch: 'amd64', os.version: '6.17.0-1020-azure', java.version: '17.0.19'
Driver info: org.openqa.selenium.remote.RemoteWebDriver
Command: [null, newSession {capabilities=[Capabilities {acceptInsecureCerts: true, browserName: firefox, bstack:options: {buildName: EventHub Selenium BDD-30816..., debug: true, local: false, networkLogs: true, os: Windows, osVersion: 11, projectName: EventHub Selenium BDD, sessionName: selected-firefox-all-parall...}, moz:firefoxOptions: {prefs: {dom.webnotifications.enabled: false, remote.active-protocols: 1, signon.rememberSignons: false}}}]}]
Capabilities {acceptInsecureCerts: true, browserName: firefox, bstack:options: {buildName: EventHub Selenium BDD-30816..., debug: true, local: false, networkLogs: true, os: Windows, osVersion: 11, projectName: EventHub Selenium BDD, sessionName: selected-firefox-all-parall...}, moz:firefoxOptions: {prefs: {dom.webnotifications.enabled: false, remote.active-protocols: 1, signon.rememberSignons: false}}}
	at org.openqa.selenium.remote.ProtocolHandshake.lambda$createSession$1(ProtocolHandshake.java:129)
	at java.base/java.util.Optional.orElseGet(Optional.java:364)
	at org.openqa.selenium.remote.ProtocolHandshake.createSession(ProtocolHandshake.java:125)
	at org.openqa.selenium.remote.ProtocolHandshake.createSession(ProtocolHandshake.java:76)
	at org.openqa.selenium.remote.ProtocolHandshake.createSession(ProtocolHandshake.java:62)
	at org.openqa.selenium.remote.HttpCommandExecutor.execute(HttpCommandExecutor.java:171)
	at org.openqa.selenium.remote.TracedCommandExecutor.execute(TracedCommandExecutor.java:51)
	at org.openqa.selenium.remote.RemoteWebDriver.execute(RemoteWebDriver.java:575)
	at org.openqa.selenium.remote.RemoteWebDriver.startSession(RemoteWebDriver.java:259)
	at org.openqa.selenium.remote.RemoteWebDriver.<init>(RemoteWebDriver.java:204)
	at org.openqa.selenium.remote.RemoteWebDriver.<init>(RemoteWebDriver.java:169)
	at org.openqa.selenium.remote.RemoteWebDriver.<init>(RemoteWebDriver.java:165)
	at com.eventhub.automation.drivers.DriverFactory.createBrowserStackFirefoxDriver(DriverFactory.java:96)
	at com.eventhub.automation.drivers.DriverFactory.createDriver(DriverFactory.java:50)
	at com.eventhub.automation.drivers.DriverManager.initializeDriver(DriverManager.java:14)
	at com.eventhub.automation.hooks.CucumberHooks.startBrowser(CucumberHooks.java:36)

com.eventhub.automation.exceptions.FrameworkException: WebDriver was not initialized for this thread.
	at com.eventhub.automation.drivers.DriverManager.getDriver(DriverManager.java:21)
	at com.eventhub.automation.utils.ScreenshotUtils.captureBytes(ScreenshotUtils.java:39)
	at com.eventhub.automation.hooks.CucumberHooks.stopBrowser(CucumberHooks.java:43)

org.openqa.selenium.SessionNotCreatedException: Could not start a new session. Handshake response does not match any supported protocol. Response payload: {"value":{"message":"Automate testing time expired."},"sessionId":"","status":13} 
Host info: host: 'runnervmvrwv9', ip: '10.1.0.17'
Build info: version: '4.45.0', revision: 'cd6a3cd cd6a3cdfca6970f62e5bc8344109d0fe0e2af05e'
System info: os.name: 'Linux', os.arch: 'amd64', os.version: '6.17.0-1020-azure', java.version: '17.0.19'
Driver info: org.openqa.selenium.remote.RemoteWebDriver
Command: [null, newSession {capabilities=[Capabilities {acceptInsecureCerts: true, browserName: firefox, bstack:options: {buildName: EventHub Selenium BDD-30816..., debug: true, local: false, networkLogs: true, os: Windows, osVersion: 11, projectName: EventHub Selenium BDD, sessionName: selected-firefox-all-parall...}, moz:firefoxOptions: {prefs: {dom.webnotifications.enabled: false, remote.active-protocols: 1, signon.rememberSignons: false}}}]}]
Capabilities {acceptInsecureCerts: true, browserName: firefox, bstack:options: {buildName: EventHub Selenium BDD-30816..., debug: true, local: false, networkLogs: true, os: Windows, osVersion: 11, projectName: EventHub Selenium BDD, sessionName: selected-firefox-all-parall...}, moz:firefoxOptions: {prefs: {dom.webnotifications.enabled: false, remote.active-protocols: 1, signon.rememberSignons: false}}}
	at org.openqa.selenium.remote.ProtocolHandshake.lambda$createSession$1(ProtocolHandshake.java:129)
	at java.base/java.util.Optional.orElseGet(Optional.java:364)
	at org.openqa.selenium.remote.ProtocolHandshake.createSession(ProtocolHandshake.java:125)
	at org.openqa.selenium.remote.ProtocolHandshake.createSession(ProtocolHandshake.java:76)
	at org.openqa.selenium.remote.ProtocolHandshake.createSession(ProtocolHandshake.java:62)
	at org.openqa.selenium.remote.HttpCommandExecutor.execute(HttpCommandExecutor.java:171)
	at org.openqa.selenium.remote.TracedCommandExecutor.execute(TracedCommandExecutor.java:51)
	at org.openqa.selenium.remote.RemoteWebDriver.execute(RemoteWebDriver.java:575)
	at org.openqa.selenium.remote.RemoteWebDriver.startSession(RemoteWebDriver.java:259)
	at org.openqa.selenium.remote.RemoteWebDriver.<init>(RemoteWebDriver.java:204)
	at org.openqa.selenium.remote.RemoteWebDriver.<init>(RemoteWebDriver.java:169)
	at org.openqa.selenium.remote.RemoteWebDriver.<init>(RemoteWebDriver.java:165)
	at com.eventhub.automation.drivers.DriverFactory.createBrowserStackFirefoxDriver(DriverFactory.java:96)
	at com.eventhub.automation.drivers.DriverFactory.createDriver(DriverFactory.java:50)
	at com.eventhub.automation.drivers.DriverManager.initializeDriver(DriverManager.java:14)
	at com.eventhub.automation.hooks.CucumberHooks.startBrowser(CucumberHooks.java:36)

com.eventhub.automation.exceptions.FrameworkException: WebDriver was not initialized for this thread.
	at com.eventhub.automation.drivers.DriverManager.getDriver(DriverManager.java:21)
	at com.eventhub.automation.utils.ScreenshotUtils.captureBytes(ScreenshotUtils.java:39)
	at com.eventhub.automation.hooks.CucumberHooks.stopBrowser(CucumberHooks.java:43)

org.openqa.selenium.SessionNotCreatedException: Could not start a new session. Handshake response does not match any supported protocol. Response payload: {"value":{"message":"Automate testing time expired."},"sessionId":"","status":13} 
Host info: host: 'runnervmvrwv9', ip: '10.1.0.17'
Build info: version: '4.45.0', revision: 'cd6a3cd cd6a3cdfca6970f62e5bc8344109d0fe0e2af05e'
System info: os.name: 'Linux', os.arch: 'amd64', os.version: '6.17.0-1020-azure', java.version: '17.0.19'
Driver info: org.openqa.selenium.remote.RemoteWebDriver
Command: [null, newSession {capabilities=[Capabilities {acceptInsecureCerts: true, browserName: firefox, bstack:options: {buildName: EventHub Selenium BDD-30816..., debug: true, local: false, networkLogs: true, os: Windows, osVersion: 11, projectName: EventHub Selenium BDD, sessionName: selected-firefox-all-parall...}, moz:firefoxOptions: {prefs: {dom.webnotifications.enabled: false, remote.active-protocols: 1, signon.rememberSignons: false}}}]}]
Capabilities {acceptInsecureCerts: true, browserName: firefox, bstack:options: {buildName: EventHub Selenium BDD-30816..., debug: true, local: false, networkLogs: true, os: Windows, osVersion: 11, projectName: EventHub Selenium BDD, sessionName: selected-firefox-all-parall...}, moz:firefoxOptions: {prefs: {dom.webnotifications.enabled: false, remote.active-protocols: 1, signon.rememberSignons: false}}}
	at org.openqa.selenium.remote.ProtocolHandshake.lambda$createSession$1(ProtocolHandshake.java:129)
	at java.base/java.util.Optional.orElseGet(Optional.java:364)
	at org.openqa.selenium.remote.ProtocolHandshake.createSession(ProtocolHandshake.java:125)
	at org.openqa.selenium.remote.ProtocolHandshake.createSession(ProtocolHandshake.java:76)
	at org.openqa.selenium.remote.ProtocolHandshake.createSession(ProtocolHandshake.java:62)
	at org.openqa.selenium.remote.HttpCommandExecutor.execute(HttpCommandExecutor.java:171)
	at org.openqa.selenium.remote.TracedCommandExecutor.execute(TracedCommandExecutor.java:51)
	at org.openqa.selenium.remote.RemoteWebDriver.execute(RemoteWebDriver.java:575)
	at org.openqa.selenium.remote.RemoteWebDriver.startSession(RemoteWebDriver.java:259)
	at org.openqa.selenium.remote.RemoteWebDriver.<init>(RemoteWebDriver.java:204)
	at org.openqa.selenium.remote.RemoteWebDriver.<init>(RemoteWebDriver.java:169)
	at org.openqa.selenium.remote.RemoteWebDriver.<init>(RemoteWebDriver.java:165)
	at com.eventhub.automation.drivers.DriverFactory.createBrowserStackFirefoxDriver(DriverFactory.java:96)
	at com.eventhub.automation.drivers.DriverFactory.createDriver(DriverFactory.java:50)
	at com.eventhub.automation.drivers.DriverManager.initializeDriver(DriverManager.java:14)
	at com.eventhub.automation.hooks.CucumberHooks.startBrowser(CucumberHooks.java:36)

com.eventhub.automation.exceptions.FrameworkException: WebDriver was not initialized for this thread.
	at com.eventhub.automation.drivers.DriverManager.getDriver(DriverManager.java:21)
	at com.eventhub.automation.utils.ScreenshotUtils.captureBytes(ScreenshotUtils.java:39)
	at com.eventhub.automation.hooks.CucumberHooks.stopBrowser(CucumberHooks.java:43)

org.openqa.selenium.SessionNotCreatedException: Could not start a new session. Handshake response does not match any supported protocol. Response payload: {"value":{"message":"Automate testing time expired."},"sessionId":"","status":13} 
Host info: host: 'runnervmvrwv9', ip: '10.1.0.17'
Build info: version: '4.45.0', revision: 'cd6a3cd cd6a3cdfca6970f62e5bc8344109d0fe0e2af05e'
System info: os.name: 'Linux', os.arch: 'amd64', os.version: '6.17.0-1020-azure', java.version: '17.0.19'
Driver info: org.openqa.selenium.remote.RemoteWebDriver
Command: [null, newSession {capabilities=[Capabilities {acceptInsecureCerts: true, browserName: firefox, bstack:options: {buildName: EventHub Selenium BDD-30816..., debug: true, local: false, networkLogs: true, os: Windows, osVersion: 11, projectName: EventHub Selenium BDD, sessionName: selected-firefox-all-parall...}, moz:firefoxOptions: {prefs: {dom.webnotifications.enabled: false, remote.active-protocols: 1, signon.rememberSignons: false}}}]}]
Capabilities {acceptInsecureCerts: true, browserName: firefox, bstack:options: {buildName: EventHub Selenium BDD-30816..., debug: true, local: false, networkLogs: true, os: Windows, osVersion: 11, projectName: EventHub Selenium BDD, sessionName: selected-firefox-all-parall...}, moz:firefoxOptions: {prefs: {dom.webnotifications.enabled: false, remote.active-protocols: 1, signon.rememberSignons: false}}}
	at org.openqa.selenium.remote.ProtocolHandshake.lambda$createSession$1(ProtocolHandshake.java:129)
	at java.base/java.util.Optional.orElseGet(Optional.java:364)
	at org.openqa.selenium.remote.ProtocolHandshake.createSession(ProtocolHandshake.java:125)
	at org.openqa.selenium.remote.ProtocolHandshake.createSession(ProtocolHandshake.java:76)
	at org.openqa.selenium.remote.ProtocolHandshake.createSession(ProtocolHandshake.java:62)
	at org.openqa.selenium.remote.HttpCommandExecutor.execute(HttpCommandExecutor.java:171)
	at org.openqa.selenium.remote.TracedCommandExecutor.execute(TracedCommandExecutor.java:51)
	at org.openqa.selenium.remote.RemoteWebDriver.execute(RemoteWebDriver.java:575)
	at org.openqa.selenium.remote.RemoteWebDriver.startSession(RemoteWebDriver.java:259)
	at org.openqa.selenium.remote.RemoteWebDriver.<init>(RemoteWebDriver.java:204)
	at org.openqa.selenium.remote.RemoteWebDriver.<init>(RemoteWebDriver.java:169)
	at org.openqa.selenium.remote.RemoteWebDriver.<init>(RemoteWebDriver.java:165)
	at com.eventhub.automation.drivers.DriverFactory.createBrowserStackFirefoxDriver(DriverFactory.java:96)
	at com.eventhub.automation.drivers.DriverFactory.createDriver(DriverFactory.java:50)
	at com.eventhub.automation.drivers.DriverManager.initializeDriver(DriverManager.java:14)
	at com.eventhub.automation.hooks.CucumberHooks.startBrowser(CucumberHooks.java:36)

com.eventhub.automation.exceptions.FrameworkException: WebDriver was not initialized for this thread.
	at com.eventhub.automation.drivers.DriverManager.getDriver(DriverManager.java:21)
	at com.eventhub.automation.utils.ScreenshotUtils.captureBytes(ScreenshotUtils.java:39)
	at com.eventhub.automation.hooks.CucumberHooks.stopBrowser(CucumberHooks.java:43)

org.openqa.selenium.SessionNotCreatedException: Could not start a new session. Handshake response does not match any supported protocol. Response payload: {"value":{"message":"Automate testing time expired."},"sessionId":"","status":13} 
Host info: host: 'runnervmvrwv9', ip: '10.1.0.17'
Build info: version: '4.45.0', revision: 'cd6a3cd cd6a3cdfca6970f62e5bc8344109d0fe0e2af05e'
System info: os.name: 'Linux', os.arch: 'amd64', os.version: '6.17.0-1020-azure', java.version: '17.0.19'
Driver info: org.openqa.selenium.remote.RemoteWebDriver
Command: [null, newSession {capabilities=[Capabilities {acceptInsecureCerts: true, browserName: firefox, bstack:options: {buildName: EventHub Selenium BDD-30816..., debug: true, local: false, networkLogs: true, os: Windows, osVersion: 11, projectName: EventHub Selenium BDD, sessionName: selected-firefox-all-parall...}, moz:firefoxOptions: {prefs: {dom.webnotifications.enabled: false, remote.active-protocols: 1, signon.rememberSignons: false}}}]}]
Capabilities {acceptInsecureCerts: true, browserName: firefox, bstack:options: {buildName: EventHub Selenium BDD-30816..., debug: true, local: false, networkLogs: true, os: Windows, osVersion: 11, projectName: EventHub Selenium BDD, sessionName: selected-firefox-all-parall...}, moz:firefoxOptions: {prefs: {dom.webnotifications.enabled: false, remote.active-protocols: 1, signon.rememberSignons: false}}}
	at org.openqa.selenium.remote.ProtocolHandshake.lambda$createSession$1(ProtocolHandshake.java:129)
	at java.base/java.util.Optional.orElseGet(Optional.java:364)
	at org.openqa.selenium.remote.ProtocolHandshake.createSession(ProtocolHandshake.java:125)
	at org.openqa.selenium.remote.ProtocolHandshake.createSession(ProtocolHandshake.java:76)
	at org.openqa.selenium.remote.ProtocolHandshake.createSession(ProtocolHandshake.java:62)
	at org.openqa.selenium.remote.HttpCommandExecutor.execute(HttpCommandExecutor.java:171)
	at org.openqa.selenium.remote.TracedCommandExecutor.execute(TracedCommandExecutor.java:51)
	at org.openqa.selenium.remote.RemoteWebDriver.execute(RemoteWebDriver.java:575)
	at org.openqa.selenium.remote.RemoteWebDriver.startSession(RemoteWebDriver.java:259)
	at org.openqa.selenium.remote.RemoteWebDriver.<init>(RemoteWebDriver.java:204)
	at org.openqa.selenium.remote.RemoteWebDriver.<init>(RemoteWebDriver.java:169)
	at org.openqa.selenium.remote.RemoteWebDriver.<init>(RemoteWebDriver.java:165)
	at com.eventhub.automation.drivers.DriverFactory.createBrowserStackFirefoxDriver(DriverFactory.java:96)
	at com.eventhub.automation.drivers.DriverFactory.createDriver(DriverFactory.java:50)
	at com.eventhub.automation.drivers.DriverManager.initializeDriver(DriverManager.java:14)
	at com.eventhub.automation.hooks.CucumberHooks.startBrowser(CucumberHooks.java:36)

com.eventhub.automation.exceptions.FrameworkException: WebDriver was not initialized for this thread.
	at com.eventhub.automation.drivers.DriverManager.getDriver(DriverManager.java:21)
	at com.eventhub.automation.utils.ScreenshotUtils.captureBytes(ScreenshotUtils.java:39)
	at com.eventhub.automation.hooks.CucumberHooks.stopBrowser(CucumberHooks.java:43)

org.openqa.selenium.SessionNotCreatedException: Could not start a new session. Handshake response does not match any supported protocol. Response payload: {"value":{"message":"Automate testing time expired."},"sessionId":"","status":13} 
Host info: host: 'runnervmvrwv9', ip: '10.1.0.17'
Build info: version: '4.45.0', revision: 'cd6a3cd cd6a3cdfca6970f62e5bc8344109d0fe0e2af05e'
System info: os.name: 'Linux', os.arch: 'amd64', os.version: '6.17.0-1020-azure', java.version: '17.0.19'
Driver info: org.openqa.selenium.remote.RemoteWebDriver
Command: [null, newSession {capabilities=[Capabilities {acceptInsecureCerts: true, browserName: firefox, bstack:options: {buildName: EventHub Selenium BDD-30816..., debug: true, local: false, networkLogs: true, os: Windows, osVersion: 11, projectName: EventHub Selenium BDD, sessionName: selected-firefox-all-parall...}, moz:firefoxOptions: {prefs: {dom.webnotifications.enabled: false, remote.active-protocols: 1, signon.rememberSignons: false}}}]}]
Capabilities {acceptInsecureCerts: true, browserName: firefox, bstack:options: {buildName: EventHub Selenium BDD-30816..., debug: true, local: false, networkLogs: true, os: Windows, osVersion: 11, projectName: EventHub Selenium BDD, sessionName: selected-firefox-all-parall...}, moz:firefoxOptions: {prefs: {dom.webnotifications.enabled: false, remote.active-protocols: 1, signon.rememberSignons: false}}}
	at org.openqa.selenium.remote.ProtocolHandshake.lambda$createSession$1(ProtocolHandshake.java:129)
	at java.base/java.util.Optional.orElseGet(Optional.java:364)
	at org.openqa.selenium.remote.ProtocolHandshake.createSession(ProtocolHandshake.java:125)
	at org.openqa.selenium.remote.ProtocolHandshake.createSession(ProtocolHandshake.java:76)
	at org.openqa.selenium.remote.ProtocolHandshake.createSession(ProtocolHandshake.java:62)
	at org.openqa.selenium.remote.HttpCommandExecutor.execute(HttpCommandExecutor.java:171)
	at org.openqa.selenium.remote.TracedCommandExecutor.execute(TracedCommandExecutor.java:51)
	at org.openqa.selenium.remote.RemoteWebDriver.execute(RemoteWebDriver.java:575)
	at org.openqa.selenium.remote.RemoteWebDriver.startSession(RemoteWebDriver.java:259)
	at org.openqa.selenium.remote.RemoteWebDriver.<init>(RemoteWebDriver.java:204)
	at org.openqa.selenium.remote.RemoteWebDriver.<init>(RemoteWebDriver.java:169)
	at org.openqa.selenium.remote.RemoteWebDriver.<init>(RemoteWebDriver.java:165)
	at com.eventhub.automation.drivers.DriverFactory.createBrowserStackFirefoxDriver(DriverFactory.java:96)
	at com.eventhub.automation.drivers.DriverFactory.createDriver(DriverFactory.java:50)
	at com.eventhub.automation.drivers.DriverManager.initializeDriver(DriverManager.java:14)
	at com.eventhub.automation.hooks.CucumberHooks.startBrowser(CucumberHooks.java:36)

com.eventhub.automation.exceptions.FrameworkException: WebDriver was not initialized for this thread.
	at com.eventhub.automation.drivers.DriverManager.getDriver(DriverManager.java:21)
	at com.eventhub.automation.utils.ScreenshotUtils.captureBytes(ScreenshotUtils.java:39)
	at com.eventhub.automation.hooks.CucumberHooks.stopBrowser(CucumberHooks.java:43)


[ERROR] Tests run: 73, Failures: 19, Errors: 0, Skipped: 0, Time elapsed: 427.0 s <<< FAILURE! -- in TestSuite
[ERROR] com.eventhub.automation.runners.ParallelCucumberTestRunner.runScenario["Event cards expose business-critical details", "Event discovery"](53) -- Time elapsed: 0.825 s <<< FAILURE!
org.openqa.selenium.SessionNotCreatedException: 
Could not start a new session. Possible causes are invalid address of the remote server or browser start-up failure. 
Host info: host: 'runnervmvrwv9', ip: '10.1.0.17'
	at org.openqa.selenium.remote.RemoteWebDriver.execute(RemoteWebDriver.java:596)
	at org.openqa.selenium.remote.RemoteWebDriver.startSession(RemoteWebDriver.java:259)
	at org.openqa.selenium.remote.RemoteWebDriver.<init>(RemoteWebDriver.java:204)
	at org.openqa.selenium.remote.RemoteWebDriver.<init>(RemoteWebDriver.java:169)
	at org.openqa.selenium.remote.RemoteWebDriver.<init>(RemoteWebDriver.java:165)
	at com.eventhub.automation.drivers.DriverFactory.createBrowserStackFirefoxDriver(DriverFactory.java:96)
	at com.eventhub.automation.drivers.DriverFactory.createDriver(DriverFactory.java:50)
	at com.eventhub.automation.drivers.DriverManager.initializeDriver(DriverManager.java:14)
	at com.eventhub.automation.hooks.CucumberHooks.startBrowser(CucumberHooks.java:36)
Caused by: org.openqa.selenium.WebDriverException: Automate testing time expired.
Build info: version: '4.45.0', revision: 'cd6a3cd cd6a3cdfca6970f62e5bc8344109d0fe0e2af05e'
System info: os.name: 'Linux', os.arch: 'amd64', os.version: '6.17.0-1020-azure', java.version: '17.0.19'
Driver info: driver.version: RemoteWebDriver
remote stacktrace: 
	at java.base/jdk.internal.reflect.NativeConstructorAccessorImpl.newInstance0(Native Method)
	at java.base/jdk.internal.reflect.NativeConstructorAccessorImpl.newInstance(NativeConstructorAccessorImpl.java:77)
	at java.base/jdk.internal.reflect.DelegatingConstructorAccessorImpl.newInstance(DelegatingConstructorAccessorImpl.java:45)
	at java.base/java.lang.reflect.Constructor.newInstanceWithCaller(Constructor.java:500)
	at java.base/java.lang.reflect.Constructor.newInstance(Constructor.java:481)
	at org.openqa.selenium.remote.W3CHandshakeResponse.lambda$errorHandler$0(W3CHandshakeResponse.java:60)
	at org.openqa.selenium.remote.HandshakeResponse.lambda$getResponseFunction$0(HandshakeResponse.java:33)
	at org.openqa.selenium.remote.ProtocolHandshake.lambda$createSession$0(ProtocolHandshake.java:121)
	at java.base/java.util.stream.ReferencePipeline$3$1.accept(ReferencePipeline.java:197)
	at java.base/java.util.stream.Streams$StreamBuilderImpl.tryAdvance(Streams.java:397)
	at java.base/java.util.stream.ReferencePipeline.forEachWithCancel(ReferencePipeline.java:129)
	at java.base/java.util.stream.AbstractPipeline.copyIntoWithCancel(AbstractPipeline.java:527)
	at java.base/java.util.stream.AbstractPipeline.copyInto(AbstractPipeline.java:513)
	at java.base/java.util.stream.AbstractPipeline.wrapAndCopyInto(AbstractPipeline.java:499)
	at java.base/java.util.stream.FindOps$FindOp.evaluateSequential(FindOps.java:150)
	at java.base/java.util.stream.AbstractPipeline.evaluate(AbstractPipeline.java:234)
	at java.base/java.util.stream.ReferencePipeline.findFirst(ReferencePipeline.java:647)
	at org.openqa.selenium.remote.ProtocolHandshake.createSession(ProtocolHandshake.java:123)
	at org.openqa.selenium.remote.ProtocolHandshake.createSession(ProtocolHandshake.java:76)
	at org.openqa.selenium.remote.ProtocolHandshake.createSession(ProtocolHandshake.java:62)
	at org.openqa.selenium.remote.HttpCommandExecutor.execute(HttpCommandExecutor.java:171)
	at org.openqa.selenium.remote.TracedCommandExecutor.execute(TracedCommandExecutor.java:51)
	at org.openqa.selenium.remote.RemoteWebDriver.execute(RemoteWebDriver.java:575)
	at org.openqa.selenium.remote.RemoteWebDriver.startSession(RemoteWebDriver.java:259)
	at org.openqa.selenium.remote.RemoteWebDriver.<init>(RemoteWebDriver.java:204)
	at org.openqa.selenium.remote.RemoteWebDriver.<init>(RemoteWebDriver.java:169)
	at org.openqa.selenium.remote.RemoteWebDriver.<init>(RemoteWebDriver.java:165)
	at com.eventhub.automation.drivers.DriverFactory.createBrowserStackFirefoxDriver(DriverFactory.java:96)
	at com.eventhub.automation.drivers.DriverFactory.createDriver(DriverFactory.java:50)
	at com.eventhub.automation.drivers.DriverManager.initializeDriver(DriverManager.java:14)
	at com.eventhub.automation.hooks.CucumberHooks.startBrowser(CucumberHooks.java:36)
	at jdk.internal.reflect.GeneratedMethodAccessor342.invoke(Unknown Source)
	at java.base/jdk.internal.reflect.DelegatingMethodAccessorImpl.invoke(DelegatingMethodAccessorImpl.java:43)
	at java.base/java.lang.reflect.Method.invoke(Method.java:569)
	at io.cucumber.java.Invoker.doInvoke(Invoker.java:66)
	at io.cucumber.java.Invoker.invoke(Invoker.java:24)
	at io.cucumber.java.AbstractGlueDefinition.invokeMethod(AbstractGlueDefinition.java:47)
	at io.cucumber.java.JavaHookDefinition.execute(JavaHookDefinition.java:64)
	at io.cucumber.core.runner.CoreHookDefinition.execute(CoreHookDefinition.java:46)
	at io.cucumber.core.runner.HookDefinitionMatch.runStep(HookDefinitionMatch.java:21)
	at io.cucumber.core.runner.ExecutionMode$1.execute(ExecutionMode.java:10)
	at io.cucumber.core.runner.TestStep.executeStep(TestStep.java:81)
	at io.cucumber.core.runner.TestStep.run(TestStep.java:53)
	at io.cucumber.core.runner.TestCase.run(TestCase.java:78)
	at io.cucumber.core.runner.Runner.runPickle(Runner.java:75)
	at io.cucumber.testng.TestNGCucumberRunner.lambda$runScenario$1(TestNGCucumberRunner.java:132)
	at io.cucumber.core.runtime.CucumberExecutionContext.lambda$runTestCase$5(CucumberExecutionContext.java:136)
	at io.cucumber.core.runtime.RethrowingThrowableCollector.executeAndThrow(RethrowingThrowableCollector.java:23)
	at io.cucumber.core.runtime.CucumberExecutionContext.runTestCase(CucumberExecutionContext.java:136)
	at io.cucumber.testng.TestNGCucumberRunner.runScenario(TestNGCucumberRunner.java:129)
	at io.cucumber.testng.AbstractTestNGCucumberTests.runScenario(AbstractTestNGCucumberTests.java:35)
	at com.eventhub.automation.runners.ParallelCucumberTestRunner.runScenario(ParallelCucumberTestRunner.java:35)
	at jdk.internal.reflect.GeneratedMethodAccessor282.invoke(Unknown Source)
	at java.base/jdk.internal.reflect.DelegatingMethodAccessorImpl.invoke(DelegatingMethodAccessorImpl.java:43)
	at java.base/java.lang.reflect.Method.invoke(Method.java:569)
	at org.testng.internal.invokers.MethodInvocationHelper.invokeMethod(MethodInvocationHelper.java:141)
	at org.testng.internal.invokers.TestInvoker.invokeMethod(TestInvoker.java:686)
	at org.testng.internal.invokers.TestInvoker.invokeTestMethod(TestInvoker.java:230)
	at org.testng.internal.invokers.TestMethodWithDataProviderMethodWorker.call(TestMethodWithDataProviderMethodWorker.java:81)
	at org.testng.internal.thread.Async$AsyncTask.run(Async.java:34)
	at java.base/java.util.concurrent.ThreadPoolExecutor.runWorker(ThreadPoolExecutor.java:1136)
	at java.base/java.util.concurrent.ThreadPoolExecutor$Worker.run(ThreadPoolExecutor.java:635)
	at java.base/java.lang.Thread.run(Thread.java:840)

[ERROR] com.eventhub.automation.runners.ParallelCucumberTestRunner.runScenario["User can open event details", "Event discovery"](54) -- Time elapsed: 1.768 s <<< FAILURE!
org.openqa.selenium.SessionNotCreatedException: 
Could not start a new session. Handshake response does not match any supported protocol. Response payload: {"value":{"message":"Automate testing time expired."},"sessionId":"","status":13} 
Host info: host: 'runnervmvrwv9', ip: '10.1.0.17'
Build info: version: '4.45.0', revision: 'cd6a3cd cd6a3cdfca6970f62e5bc8344109d0fe0e2af05e'
System info: os.name: 'Linux', os.arch: 'amd64', os.version: '6.17.0-1020-azure', java.version: '17.0.19'
Driver info: org.openqa.selenium.remote.RemoteWebDriver
Command: [null, newSession {capabilities=[Capabilities {acceptInsecureCerts: true, browserName: firefox, bstack:options: {buildName: EventHub Selenium BDD-30816..., debug: true, local: false, networkLogs: true, os: Windows, osVersion: 11, projectName: EventHub Selenium BDD, sessionName: selected-firefox-all-parall...}, moz:firefoxOptions: {prefs: {dom.webnotifications.enabled: false, remote.active-protocols: 1, signon.rememberSignons: false}}}]}]
Capabilities {acceptInsecureCerts: true, browserName: firefox, bstack:options: {buildName: EventHub Selenium BDD-30816..., debug: true, local: false, networkLogs: true, os: Windows, osVersion: 11, projectName: EventHub Selenium BDD, sessionName: selected-firefox-all-parall...}, moz:firefoxOptions: {prefs: {dom.webnotifications.enabled: false, remote.active-protocols: 1, signon.rememberSignons: false}}}
	at org.openqa.selenium.remote.ProtocolHandshake.lambda$createSession$1(ProtocolHandshake.java:129)
	at java.base/java.util.Optional.orElseGet(Optional.java:364)
	at org.openqa.selenium.remote.ProtocolHandshake.createSession(ProtocolHandshake.java:125)
	at org.openqa.selenium.remote.ProtocolHandshake.createSession(ProtocolHandshake.java:76)
	at org.openqa.selenium.remote.ProtocolHandshake.createSession(ProtocolHandshake.java:62)
	at org.openqa.selenium.remote.HttpCommandExecutor.execute(HttpCommandExecutor.java:171)
	at org.openqa.selenium.remote.TracedCommandExecutor.execute(TracedCommandExecutor.java:51)
	at org.openqa.selenium.remote.RemoteWebDriver.execute(RemoteWebDriver.java:575)
	at org.openqa.selenium.remote.RemoteWebDriver.startSession(RemoteWebDriver.java:259)
	at org.openqa.selenium.remote.RemoteWebDriver.<init>(RemoteWebDriver.java:204)
	at org.openqa.selenium.remote.RemoteWebDriver.<init>(RemoteWebDriver.java:169)
	at org.openqa.selenium.remote.RemoteWebDriver.<init>(RemoteWebDriver.java:165)
	at com.eventhub.automation.drivers.DriverFactory.createBrowserStackFirefoxDriver(DriverFactory.java:96)
	at com.eventhub.automation.drivers.DriverFactory.createDriver(DriverFactory.java:50)
	at com.eventhub.automation.drivers.DriverManager.initializeDriver(DriverManager.java:14)
	at com.eventhub.automation.hooks.CucumberHooks.startBrowser(CucumberHooks.java:36)

[ERROR] com.eventhub.automation.runners.ParallelCucumberTestRunner.runScenario["Event detail deep link loads correct metadata", "Event discovery"](55) -- Time elapsed: 1.761 s <<< FAILURE!
org.openqa.selenium.SessionNotCreatedException: 
Could not start a new session. Handshake response does not match any supported protocol. Response payload: {"value":{"message":"Automate testing time expired."},"sessionId":"","status":13} 
Host info: host: 'runnervmvrwv9', ip: '10.1.0.17'
Build info: version: '4.45.0', revision: 'cd6a3cd cd6a3cdfca6970f62e5bc8344109d0fe0e2af05e'
System info: os.name: 'Linux', os.arch: 'amd64', os.version: '6.17.0-1020-azure', java.version: '17.0.19'
Driver info: org.openqa.selenium.remote.RemoteWebDriver
Command: [null, newSession {capabilities=[Capabilities {acceptInsecureCerts: true, browserName: firefox, bstack:options: {buildName: EventHub Selenium BDD-30816..., debug: true, local: false, networkLogs: true, os: Windows, osVersion: 11, projectName: EventHub Selenium BDD, sessionName: selected-firefox-all-parall...}, moz:firefoxOptions: {prefs: {dom.webnotifications.enabled: false, remote.active-protocols: 1, signon.rememberSignons: false}}}]}]
Capabilities {acceptInsecureCerts: true, browserName: firefox, bstack:options: {buildName: EventHub Selenium BDD-30816..., debug: true, local: false, networkLogs: true, os: Windows, osVersion: 11, projectName: EventHub Selenium BDD, sessionName: selected-firefox-all-parall...}, moz:firefoxOptions: {prefs: {dom.webnotifications.enabled: false, remote.active-protocols: 1, signon.rememberSignons: false}}}
	at org.openqa.selenium.remote.ProtocolHandshake.lambda$createSession$1(ProtocolHandshake.java:129)
	at java.base/java.util.Optional.orElseGet(Optional.java:364)
	at org.openqa.selenium.remote.ProtocolHandshake.createSession(ProtocolHandshake.java:125)
	at org.openqa.selenium.remote.ProtocolHandshake.createSession(ProtocolHandshake.java:76)
	at org.openqa.selenium.remote.ProtocolHandshake.createSession(ProtocolHandshake.java:62)
	at org.openqa.selenium.remote.HttpCommandExecutor.execute(HttpCommandExecutor.java:171)
	at org.openqa.selenium.remote.TracedCommandExecutor.execute(TracedCommandExecutor.java:51)
	at org.openqa.selenium.remote.RemoteWebDriver.execute(RemoteWebDriver.java:575)
	at org.openqa.selenium.remote.RemoteWebDriver.startSession(RemoteWebDriver.java:259)
	at org.openqa.selenium.remote.RemoteWebDriver.<init>(RemoteWebDriver.java:204)
	at org.openqa.selenium.remote.RemoteWebDriver.<init>(RemoteWebDriver.java:169)
	at org.openqa.selenium.remote.RemoteWebDriver.<init>(RemoteWebDriver.java:165)
	at com.eventhub.automation.drivers.DriverFactory.createBrowserStackFirefoxDriver(DriverFactory.java:96)
	at com.eventhub.automation.drivers.DriverFactory.createDriver(DriverFactory.java:50)
	at com.eventhub.automation.drivers.DriverManager.initializeDriver(DriverManager.java:14)
	at com.eventhub.automation.hooks.CucumberHooks.startBrowser(CucumberHooks.java:36)

[ERROR] com.eventhub.automation.runners.ParallelCucumberTestRunner.runScenario["User can open a bookable event detail page from Book Now", "Event discovery"](56) -- Time elapsed: 1.762 s <<< FAILURE!
org.openqa.selenium.SessionNotCreatedException: 
Could not start a new session. Handshake response does not match any supported protocol. Response payload: {"value":{"message":"Automate testing time expired."},"sessionId":"","status":13} 
Host info: host: 'runnervmvrwv9', ip: '10.1.0.17'
Build info: version: '4.45.0', revision: 'cd6a3cd cd6a3cdfca6970f62e5bc8344109d0fe0e2af05e'
System info: os.name: 'Linux', os.arch: 'amd64', os.version: '6.17.0-1020-azure', java.version: '17.0.19'
Driver info: org.openqa.selenium.remote.RemoteWebDriver
Command: [null, newSession {capabilities=[Capabilities {acceptInsecureCerts: true, browserName: firefox, bstack:options: {buildName: EventHub Selenium BDD-30816..., debug: true, local: false, networkLogs: true, os: Windows, osVersion: 11, projectName: EventHub Selenium BDD, sessionName: selected-firefox-all-parall...}, moz:firefoxOptions: {prefs: {dom.webnotifications.enabled: false, remote.active-protocols: 1, signon.rememberSignons: false}}}]}]
Capabilities {acceptInsecureCerts: true, browserName: firefox, bstack:options: {buildName: EventHub Selenium BDD-30816..., debug: true, local: false, networkLogs: true, os: Windows, osVersion: 11, projectName: EventHub Selenium BDD, sessionName: selected-firefox-all-parall...}, moz:firefoxOptions: {prefs: {dom.webnotifications.enabled: false, remote.active-protocols: 1, signon.rememberSignons: false}}}
	at org.openqa.selenium.remote.ProtocolHandshake.lambda$createSession$1(ProtocolHandshake.java:129)
	at java.base/java.util.Optional.orElseGet(Optional.java:364)
	at org.openqa.selenium.remote.ProtocolHandshake.createSession(ProtocolHandshake.java:125)
	at org.openqa.selenium.remote.ProtocolHandshake.createSession(ProtocolHandshake.java:76)
	at org.openqa.selenium.remote.ProtocolHandshake.createSession(ProtocolHandshake.java:62)
	at org.openqa.selenium.remote.HttpCommandExecutor.execute(HttpCommandExecutor.java:171)
	at org.openqa.selenium.remote.TracedCommandExecutor.execute(TracedCommandExecutor.java:51)
	at org.openqa.selenium.remote.RemoteWebDriver.execute(RemoteWebDriver.java:575)
	at org.openqa.selenium.remote.RemoteWebDriver.startSession(RemoteWebDriver.java:259)
	at org.openqa.selenium.remote.RemoteWebDriver.<init>(RemoteWebDriver.java:204)
	at org.openqa.selenium.remote.RemoteWebDriver.<init>(RemoteWebDriver.java:169)
	at org.openqa.selenium.remote.RemoteWebDriver.<init>(RemoteWebDriver.java:165)
	at com.eventhub.automation.drivers.DriverFactory.createBrowserStackFirefoxDriver(DriverFactory.java:96)
	at com.eventhub.automation.drivers.DriverFactory.createDriver(DriverFactory.java:50)
	at com.eventhub.automation.drivers.DriverManager.initializeDriver(DriverManager.java:14)
	at com.eventhub.automation.hooks.CucumberHooks.startBrowser(CucumberHooks.java:36)

[ERROR] com.eventhub.automation.runners.ParallelCucumberTestRunner.runScenario["Authenticated user can move across primary navigation", "EventHub navigation"](57) -- Time elapsed: 1.759 s <<< FAILURE!
org.openqa.selenium.SessionNotCreatedException: 
Could not start a new session. Handshake response does not match any supported protocol. Response payload: {"value":{"message":"Automate testing time expired."},"sessionId":"","status":13} 
Host info: host: 'runnervmvrwv9', ip: '10.1.0.17'
Build info: version: '4.45.0', revision: 'cd6a3cd cd6a3cdfca6970f62e5bc8344109d0fe0e2af05e'
System info: os.name: 'Linux', os.arch: 'amd64', os.version: '6.17.0-1020-azure', java.version: '17.0.19'
Driver info: org.openqa.selenium.remote.RemoteWebDriver
Command: [null, newSession {capabilities=[Capabilities {acceptInsecureCerts: true, browserName: firefox, bstack:options: {buildName: EventHub Selenium BDD-30816..., debug: true, local: false, networkLogs: true, os: Windows, osVersion: 11, projectName: EventHub Selenium BDD, sessionName: selected-firefox-all-parall...}, moz:firefoxOptions: {prefs: {dom.webnotifications.enabled: false, remote.active-protocols: 1, signon.rememberSignons: false}}}]}]
Capabilities {acceptInsecureCerts: true, browserName: firefox, bstack:options: {buildName: EventHub Selenium BDD-30816..., debug: true, local: false, networkLogs: true, os: Windows, osVersion: 11, projectName: EventHub Selenium BDD, sessionName: selected-firefox-all-parall...}, moz:firefoxOptions: {prefs: {dom.webnotifications.enabled: false, remote.active-protocols: 1, signon.rememberSignons: false}}}
	at org.openqa.selenium.remote.ProtocolHandshake.lambda$createSession$1(ProtocolHandshake.java:129)
	at java.base/java.util.Optional.orElseGet(Optional.java:364)
	at org.openqa.selenium.remote.ProtocolHandshake.createSession(ProtocolHandshake.java:125)
	at org.openqa.selenium.remote.ProtocolHandshake.createSession(ProtocolHandshake.java:76)
	at org.openqa.selenium.remote.ProtocolHandshake.createSession(ProtocolHandshake.java:62)
	at org.openqa.selenium.remote.HttpCommandExecutor.execute(HttpCommandExecutor.java:171)
	at org.openqa.selenium.remote.TracedCommandExecutor.execute(TracedCommandExecutor.java:51)
	at org.openqa.selenium.remote.RemoteWebDriver.execute(RemoteWebDriver.java:575)
	at org.openqa.selenium.remote.RemoteWebDriver.startSession(RemoteWebDriver.java:259)
	at org.openqa.selenium.remote.RemoteWebDriver.<init>(RemoteWebDriver.java:204)
	at org.openqa.selenium.remote.RemoteWebDriver.<init>(RemoteWebDriver.java:169)
	at org.openqa.selenium.remote.RemoteWebDriver.<init>(RemoteWebDriver.java:165)
	at com.eventhub.automation.drivers.DriverFactory.createBrowserStackFirefoxDriver(DriverFactory.java:96)
	at com.eventhub.automation.drivers.DriverFactory.createDriver(DriverFactory.java:50)
	at com.eventhub.automation.drivers.DriverManager.initializeDriver(DriverManager.java:14)
	at com.eventhub.automation.hooks.CucumberHooks.startBrowser(CucumberHooks.java:36)

[ERROR] com.eventhub.automation.runners.ParallelCucumberTestRunner.runScenario["Key pages expose basic accessibility semantics", "Accessibility smoke"](58) -- Time elapsed: 1.753 s <<< FAILURE!
org.openqa.selenium.SessionNotCreatedException: 
Could not start a new session. Handshake response does not match any supported protocol. Response payload: {"value":{"message":"Automate testing time expired."},"sessionId":"","status":13} 
Host info: host: 'runnervmvrwv9', ip: '10.1.0.17'
Build info: version: '4.45.0', revision: 'cd6a3cd cd6a3cdfca6970f62e5bc8344109d0fe0e2af05e'
System info: os.name: 'Linux', os.arch: 'amd64', os.version: '6.17.0-1020-azure', java.version: '17.0.19'
Driver info: org.openqa.selenium.remote.RemoteWebDriver
Command: [null, newSession {capabilities=[Capabilities {acceptInsecureCerts: true, browserName: firefox, bstack:options: {buildName: EventHub Selenium BDD-30816..., debug: true, local: false, networkLogs: true, os: Windows, osVersion: 11, projectName: EventHub Selenium BDD, sessionName: selected-firefox-all-parall...}, moz:firefoxOptions: {prefs: {dom.webnotifications.enabled: false, remote.active-protocols: 1, signon.rememberSignons: false}}}]}]
Capabilities {acceptInsecureCerts: true, browserName: firefox, bstack:options: {buildName: EventHub Selenium BDD-30816..., debug: true, local: false, networkLogs: true, os: Windows, osVersion: 11, projectName: EventHub Selenium BDD, sessionName: selected-firefox-all-parall...}, moz:firefoxOptions: {prefs: {dom.webnotifications.enabled: false, remote.active-protocols: 1, signon.rememberSignons: false}}}
	at org.openqa.selenium.remote.ProtocolHandshake.lambda$createSession$1(ProtocolHandshake.java:129)
	at java.base/java.util.Optional.orElseGet(Optional.java:364)
	at org.openqa.selenium.remote.ProtocolHandshake.createSession(ProtocolHandshake.java:125)
	at org.openqa.selenium.remote.ProtocolHandshake.createSession(ProtocolHandshake.java:76)
	at org.openqa.selenium.remote.ProtocolHandshake.createSession(ProtocolHandshake.java:62)
	at org.openqa.selenium.remote.HttpCommandExecutor.execute(HttpCommandExecutor.java:171)
	at org.openqa.selenium.remote.TracedCommandExecutor.execute(TracedCommandExecutor.java:51)
	at org.openqa.selenium.remote.RemoteWebDriver.execute(RemoteWebDriver.java:575)
	at org.openqa.selenium.remote.RemoteWebDriver.startSession(RemoteWebDriver.java:259)
	at org.openqa.selenium.remote.RemoteWebDriver.<init>(RemoteWebDriver.java:204)
	at org.openqa.selenium.remote.RemoteWebDriver.<init>(RemoteWebDriver.java:169)
	at org.openqa.selenium.remote.RemoteWebDriver.<init>(RemoteWebDriver.java:165)
	at com.eventhub.automation.drivers.DriverFactory.createBrowserStackFirefoxDriver(DriverFactory.java:96)
	at com.eventhub.automation.drivers.DriverFactory.createDriver(DriverFactory.java:50)
	at com.eventhub.automation.drivers.DriverManager.initializeDriver(DriverManager.java:14)
	at com.eventhub.automation.hooks.CucumberHooks.startBrowser(CucumberHooks.java:36)

[ERROR] com.eventhub.automation.runners.ParallelCucumberTestRunner.runScenario["Key pages expose basic accessibility semantics", "Accessibility smoke"](59) -- Time elapsed: 1.761 s <<< FAILURE!
org.openqa.selenium.SessionNotCreatedException: 
Could not start a new session. Handshake response does not match any supported protocol. Response payload: {"value":{"message":"Automate testing time expired."},"sessionId":"","status":13} 
Host info: host: 'runnervmvrwv9', ip: '10.1.0.17'
Build info: version: '4.45.0', revision: 'cd6a3cd cd6a3cdfca6970f62e5bc8344109d0fe0e2af05e'
System info: os.name: 'Linux', os.arch: 'amd64', os.version: '6.17.0-1020-azure', java.version: '17.0.19'
Driver info: org.openqa.selenium.remote.RemoteWebDriver
Command: [null, newSession {capabilities=[Capabilities {acceptInsecureCerts: true, browserName: firefox, bstack:options: {buildName: EventHub Selenium BDD-30816..., debug: true, local: false, networkLogs: true, os: Windows, osVersion: 11, projectName: EventHub Selenium BDD, sessionName: selected-firefox-all-parall...}, moz:firefoxOptions: {prefs: {dom.webnotifications.enabled: false, remote.active-protocols: 1, signon.rememberSignons: false}}}]}]
Capabilities {acceptInsecureCerts: true, browserName: firefox, bstack:options: {buildName: EventHub Selenium BDD-30816..., debug: true, local: false, networkLogs: true, os: Windows, osVersion: 11, projectName: EventHub Selenium BDD, sessionName: selected-firefox-all-parall...}, moz:firefoxOptions: {prefs: {dom.webnotifications.enabled: false, remote.active-protocols: 1, signon.rememberSignons: false}}}
	at org.openqa.selenium.remote.ProtocolHandshake.lambda$createSession$1(ProtocolHandshake.java:129)
	at java.base/java.util.Optional.orElseGet(Optional.java:364)
	at org.openqa.selenium.remote.ProtocolHandshake.createSession(ProtocolHandshake.java:125)
	at org.openqa.selenium.remote.ProtocolHandshake.createSession(ProtocolHandshake.java:76)
	at org.openqa.selenium.remote.ProtocolHandshake.createSession(ProtocolHandshake.java:62)
	at org.openqa.selenium.remote.HttpCommandExecutor.execute(HttpCommandExecutor.java:171)
	at org.openqa.selenium.remote.TracedCommandExecutor.execute(TracedCommandExecutor.java:51)
	at org.openqa.selenium.remote.RemoteWebDriver.execute(RemoteWebDriver.java:575)
	at org.openqa.selenium.remote.RemoteWebDriver.startSession(RemoteWebDriver.java:259)
	at org.openqa.selenium.remote.RemoteWebDriver.<init>(RemoteWebDriver.java:204)
	at org.openqa.selenium.remote.RemoteWebDriver.<init>(RemoteWebDriver.java:169)
	at org.openqa.selenium.remote.RemoteWebDriver.<init>(RemoteWebDriver.java:165)
	at com.eventhub.automation.drivers.DriverFactory.createBrowserStackFirefoxDriver(DriverFactory.java:96)
	at com.eventhub.automation.drivers.DriverFactory.createDriver(DriverFactory.java:50)
	at com.eventhub.automation.drivers.DriverManager.initializeDriver(DriverManager.java:14)
	at com.eventhub.automation.hooks.CucumberHooks.startBrowser(CucumberHooks.java:36)

[ERROR] com.eventhub.automation.runners.ParallelCucumberTestRunner.runScenario["Key pages expose basic accessibility semantics", "Accessibility smoke"](60) -- Time elapsed: 1.762 s <<< FAILURE!
org.openqa.selenium.SessionNotCreatedException: 
Could not start a new session. Handshake response does not match any supported protocol. Response payload: {"value":{"message":"Automate testing time expired."},"sessionId":"","status":13} 
Host info: host: 'runnervmvrwv9', ip: '10.1.0.17'
Build info: version: '4.45.0', revision: 'cd6a3cd cd6a3cdfca6970f62e5bc8344109d0fe0e2af05e'
System info: os.name: 'Linux', os.arch: 'amd64', os.version: '6.17.0-1020-azure', java.version: '17.0.19'
Driver info: org.openqa.selenium.remote.RemoteWebDriver
Command: [null, newSession {capabilities=[Capabilities {acceptInsecureCerts: true, browserName: firefox, bstack:options: {buildName: EventHub Selenium BDD-30816..., debug: true, local: false, networkLogs: true, os: Windows, osVersion: 11, projectName: EventHub Selenium BDD, sessionName: selected-firefox-all-parall...}, moz:firefoxOptions: {prefs: {dom.webnotifications.enabled: false, remote.active-protocols: 1, signon.rememberSignons: false}}}]}]
Capabilities {acceptInsecureCerts: true, browserName: firefox, bstack:options: {buildName: EventHub Selenium BDD-30816..., debug: true, local: false, networkLogs: true, os: Windows, osVersion: 11, projectName: EventHub Selenium BDD, sessionName: selected-firefox-all-parall...}, moz:firefoxOptions: {prefs: {dom.webnotifications.enabled: false, remote.active-protocols: 1, signon.rememberSignons: false}}}
	at org.openqa.selenium.remote.ProtocolHandshake.lambda$createSession$1(ProtocolHandshake.java:129)
	at java.base/java.util.Optional.orElseGet(Optional.java:364)
	at org.openqa.selenium.remote.ProtocolHandshake.createSession(ProtocolHandshake.java:125)
	at org.openqa.selenium.remote.ProtocolHandshake.createSession(ProtocolHandshake.java:76)
	at org.openqa.selenium.remote.ProtocolHandshake.createSession(ProtocolHandshake.java:62)
	at org.openqa.selenium.remote.HttpCommandExecutor.execute(HttpCommandExecutor.java:171)
	at org.openqa.selenium.remote.TracedCommandExecutor.execute(TracedCommandExecutor.java:51)
	at org.openqa.selenium.remote.RemoteWebDriver.execute(RemoteWebDriver.java:575)
	at org.openqa.selenium.remote.RemoteWebDriver.startSession(RemoteWebDriver.java:259)
	at org.openqa.selenium.remote.RemoteWebDriver.<init>(RemoteWebDriver.java:204)
	at org.openqa.selenium.remote.RemoteWebDriver.<init>(RemoteWebDriver.java:169)
	at org.openqa.selenium.remote.RemoteWebDriver.<init>(RemoteWebDriver.java:165)
	at com.eventhub.automation.drivers.DriverFactory.createBrowserStackFirefoxDriver(DriverFactory.java:96)
	at com.eventhub.automation.drivers.DriverFactory.createDriver(DriverFactory.java:50)
	at com.eventhub.automation.drivers.DriverManager.initializeDriver(DriverManager.java:14)
	at com.eventhub.automation.hooks.CucumberHooks.startBrowser(CucumberHooks.java:36)

[ERROR] com.eventhub.automation.runners.ParallelCucumberTestRunner.runScenario["Key pages expose basic accessibility semantics", "Accessibility smoke"](61) -- Time elapsed: 1.753 s <<< FAILURE!
org.openqa.selenium.SessionNotCreatedException: 
Could not start a new session. Handshake response does not match any supported protocol. Response payload: {"value":{"message":"Automate testing time expired."},"sessionId":"","status":13} 
Host info: host: 'runnervmvrwv9', ip: '10.1.0.17'
Build info: version: '4.45.0', revision: 'cd6a3cd cd6a3cdfca6970f62e5bc8344109d0fe0e2af05e'
System info: os.name: 'Linux', os.arch: 'amd64', os.version: '6.17.0-1020-azure', java.version: '17.0.19'
Driver info: org.openqa.selenium.remote.RemoteWebDriver
Command: [null, newSession {capabilities=[Capabilities {acceptInsecureCerts: true, browserName: firefox, bstack:options: {buildName: EventHub Selenium BDD-30816..., debug: true, local: false, networkLogs: true, os: Windows, osVersion: 11, projectName: EventHub Selenium BDD, sessionName: selected-firefox-all-parall...}, moz:firefoxOptions: {prefs: {dom.webnotifications.enabled: false, remote.active-protocols: 1, signon.rememberSignons: false}}}]}]
Capabilities {acceptInsecureCerts: true, browserName: firefox, bstack:options: {buildName: EventHub Selenium BDD-30816..., debug: true, local: false, networkLogs: true, os: Windows, osVersion: 11, projectName: EventHub Selenium BDD, sessionName: selected-firefox-all-parall...}, moz:firefoxOptions: {prefs: {dom.webnotifications.enabled: false, remote.active-protocols: 1, signon.rememberSignons: false}}}
	at org.openqa.selenium.remote.ProtocolHandshake.lambda$createSession$1(ProtocolHandshake.java:129)
	at java.base/java.util.Optional.orElseGet(Optional.java:364)
	at org.openqa.selenium.remote.ProtocolHandshake.createSession(ProtocolHandshake.java:125)
	at org.openqa.selenium.remote.ProtocolHandshake.createSession(ProtocolHandshake.java:76)
	at org.openqa.selenium.remote.ProtocolHandshake.createSession(ProtocolHandshake.java:62)
	at org.openqa.selenium.remote.HttpCommandExecutor.execute(HttpCommandExecutor.java:171)
	at org.openqa.selenium.remote.TracedCommandExecutor.execute(TracedCommandExecutor.java:51)
	at org.openqa.selenium.remote.RemoteWebDriver.execute(RemoteWebDriver.java:575)
	at org.openqa.selenium.remote.RemoteWebDriver.startSession(RemoteWebDriver.java:259)
	at org.openqa.selenium.remote.RemoteWebDriver.<init>(RemoteWebDriver.java:204)
	at org.openqa.selenium.remote.RemoteWebDriver.<init>(RemoteWebDriver.java:169)
	at org.openqa.selenium.remote.RemoteWebDriver.<init>(RemoteWebDriver.java:165)
	at com.eventhub.automation.drivers.DriverFactory.createBrowserStackFirefoxDriver(DriverFactory.java:96)
	at com.eventhub.automation.drivers.DriverFactory.createDriver(DriverFactory.java:50)
	at com.eventhub.automation.drivers.DriverManager.initializeDriver(DriverManager.java:14)
	at com.eventhub.automation.hooks.CucumberHooks.startBrowser(CucumberHooks.java:36)

[ERROR] com.eventhub.automation.runners.ParallelCucumberTestRunner.runScenario["Event filters reset after refresh", "Event discovery"](62) -- Time elapsed: 0.007 s <<< FAILURE!
java.lang.AssertionError: 

Expecting blank but was: "Dilli Diwali Mela"
	at com.eventhub.automation.pages.EventsPage.assertFiltersReset(EventsPage.java:51)
	at com.eventhub.automation.steps.EventSteps.eventFiltersShouldBeReset(EventSteps.java:122)
	at ✽.event filters should be reset(file:///home/runner/work/EventHub-Selenium-BDD/EventHub-Selenium-BDD/src/test/resources/features/events/event_discovery.feature:51)

[ERROR] com.eventhub.automation.runners.ParallelCucumberTestRunner.runScenario["Key authenticated pages fit common viewport sizes", "Responsive smoke"](63) -- Time elapsed: 1.813 s <<< FAILURE!
org.openqa.selenium.SessionNotCreatedException: 
Could not start a new session. Handshake response does not match any supported protocol. Response payload: {"value":{"message":"Automate testing time expired."},"sessionId":"","status":13} 
Host info: host: 'runnervmvrwv9', ip: '10.1.0.17'
Build info: version: '4.45.0', revision: 'cd6a3cd cd6a3cdfca6970f62e5bc8344109d0fe0e2af05e'
System info: os.name: 'Linux', os.arch: 'amd64', os.version: '6.17.0-1020-azure', java.version: '17.0.19'
Driver info: org.openqa.selenium.remote.RemoteWebDriver
Command: [null, newSession {capabilities=[Capabilities {acceptInsecureCerts: true, browserName: firefox, bstack:options: {buildName: EventHub Selenium BDD-30816..., debug: true, local: false, networkLogs: true, os: Windows, osVersion: 11, projectName: EventHub Selenium BDD, sessionName: selected-firefox-all-parall...}, moz:firefoxOptions: {prefs: {dom.webnotifications.enabled: false, remote.active-protocols: 1, signon.rememberSignons: false}}}]}]
Capabilities {acceptInsecureCerts: true, browserName: firefox, bstack:options: {buildName: EventHub Selenium BDD-30816..., debug: true, local: false, networkLogs: true, os: Windows, osVersion: 11, projectName: EventHub Selenium BDD, sessionName: selected-firefox-all-parall...}, moz:firefoxOptions: {prefs: {dom.webnotifications.enabled: false, remote.active-protocols: 1, signon.rememberSignons: false}}}
	at org.openqa.selenium.remote.ProtocolHandshake.lambda$createSession$1(ProtocolHandshake.java:129)
	at java.base/java.util.Optional.orElseGet(Optional.java:364)
	at org.openqa.selenium.remote.ProtocolHandshake.createSession(ProtocolHandshake.java:125)
	at org.openqa.selenium.remote.ProtocolHandshake.createSession(ProtocolHandshake.java:76)
	at org.openqa.selenium.remote.ProtocolHandshake.createSession(ProtocolHandshake.java:62)
	at org.openqa.selenium.remote.HttpCommandExecutor.execute(HttpCommandExecutor.java:171)
	at org.openqa.selenium.remote.TracedCommandExecutor.execute(TracedCommandExecutor.java:51)
	at org.openqa.selenium.remote.RemoteWebDriver.execute(RemoteWebDriver.java:575)
	at org.openqa.selenium.remote.RemoteWebDriver.startSession(RemoteWebDriver.java:259)
	at org.openqa.selenium.remote.RemoteWebDriver.<init>(RemoteWebDriver.java:204)
	at org.openqa.selenium.remote.RemoteWebDriver.<init>(RemoteWebDriver.java:169)
	at org.openqa.selenium.remote.RemoteWebDriver.<init>(RemoteWebDriver.java:165)
	at com.eventhub.automation.drivers.DriverFactory.createBrowserStackFirefoxDriver(DriverFactory.java:96)
	at com.eventhub.automation.drivers.DriverFactory.createDriver(DriverFactory.java:50)
	at com.eventhub.automation.drivers.DriverManager.initializeDriver(DriverManager.java:14)
	at com.eventhub.automation.hooks.CucumberHooks.startBrowser(CucumberHooks.java:36)

[ERROR] com.eventhub.automation.runners.ParallelCucumberTestRunner.runScenario["Key authenticated pages fit common viewport sizes", "Responsive smoke"](64) -- Time elapsed: 0.306 s <<< FAILURE!
org.openqa.selenium.SessionNotCreatedException: 
Could not start a new session. Handshake response does not match any supported protocol. Response payload: {"value":{"message":"Automate testing time expired."},"sessionId":"","status":13} 
Host info: host: 'runnervmvrwv9', ip: '10.1.0.17'
Build info: version: '4.45.0', revision: 'cd6a3cd cd6a3cdfca6970f62e5bc8344109d0fe0e2af05e'
System info: os.name: 'Linux', os.arch: 'amd64', os.version: '6.17.0-1020-azure', java.version: '17.0.19'
Driver info: org.openqa.selenium.remote.RemoteWebDriver
Command: [null, newSession {capabilities=[Capabilities {acceptInsecureCerts: true, browserName: firefox, bstack:options: {buildName: EventHub Selenium BDD-30816..., debug: true, local: false, networkLogs: true, os: Windows, osVersion: 11, projectName: EventHub Selenium BDD, sessionName: selected-firefox-all-parall...}, moz:firefoxOptions: {prefs: {dom.webnotifications.enabled: false, remote.active-protocols: 1, signon.rememberSignons: false}}}]}]
Capabilities {acceptInsecureCerts: true, browserName: firefox, bstack:options: {buildName: EventHub Selenium BDD-30816..., debug: true, local: false, networkLogs: true, os: Windows, osVersion: 11, projectName: EventHub Selenium BDD, sessionName: selected-firefox-all-parall...}, moz:firefoxOptions: {prefs: {dom.webnotifications.enabled: false, remote.active-protocols: 1, signon.rememberSignons: false}}}
	at org.openqa.selenium.remote.ProtocolHandshake.lambda$createSession$1(ProtocolHandshake.java:129)
	at java.base/java.util.Optional.orElseGet(Optional.java:364)
	at org.openqa.selenium.remote.ProtocolHandshake.createSession(ProtocolHandshake.java:125)
	at org.openqa.selenium.remote.ProtocolHandshake.createSession(ProtocolHandshake.java:76)
	at org.openqa.selenium.remote.ProtocolHandshake.createSession(ProtocolHandshake.java:62)
	at org.openqa.selenium.remote.HttpCommandExecutor.execute(HttpCommandExecutor.java:171)
	at org.openqa.selenium.remote.TracedCommandExecutor.execute(TracedCommandExecutor.java:51)
	at org.openqa.selenium.remote.RemoteWebDriver.execute(RemoteWebDriver.java:575)
	at org.openqa.selenium.remote.RemoteWebDriver.startSession(RemoteWebDriver.java:259)
	at org.openqa.selenium.remote.RemoteWebDriver.<init>(RemoteWebDriver.java:204)
	at org.openqa.selenium.remote.RemoteWebDriver.<init>(RemoteWebDriver.java:169)
	at org.openqa.selenium.remote.RemoteWebDriver.<init>(RemoteWebDriver.java:165)
	at com.eventhub.automation.drivers.DriverFactory.createBrowserStackFirefoxDriver(DriverFactory.java:96)
	at com.eventhub.automation.drivers.DriverFactory.createDriver(DriverFactory.java:50)
	at com.eventhub.automation.drivers.DriverManager.initializeDriver(DriverManager.java:14)
	at com.eventhub.automation.hooks.CucumberHooks.startBrowser(CucumberHooks.java:36)

[ERROR] com.eventhub.automation.runners.ParallelCucumberTestRunner.runScenario["Key authenticated pages fit common viewport sizes", "Responsive smoke"](65) -- Time elapsed: 1.487 s <<< FAILURE!
org.openqa.selenium.SessionNotCreatedException: 
Could not start a new session. Handshake response does not match any supported protocol. Response payload: {"value":{"message":"Automate testing time expired."},"sessionId":"","status":13} 
Host info: host: 'runnervmvrwv9', ip: '10.1.0.17'
Build info: version: '4.45.0', revision: 'cd6a3cd cd6a3cdfca6970f62e5bc8344109d0fe0e2af05e'
System info: os.name: 'Linux', os.arch: 'amd64', os.version: '6.17.0-1020-azure', java.version: '17.0.19'
Driver info: org.openqa.selenium.remote.RemoteWebDriver
Command: [null, newSession {capabilities=[Capabilities {acceptInsecureCerts: true, browserName: firefox, bstack:options: {buildName: EventHub Selenium BDD-30816..., debug: true, local: false, networkLogs: true, os: Windows, osVersion: 11, projectName: EventHub Selenium BDD, sessionName: selected-firefox-all-parall...}, moz:firefoxOptions: {prefs: {dom.webnotifications.enabled: false, remote.active-protocols: 1, signon.rememberSignons: false}}}]}]
Capabilities {acceptInsecureCerts: true, browserName: firefox, bstack:options: {buildName: EventHub Selenium BDD-30816..., debug: true, local: false, networkLogs: true, os: Windows, osVersion: 11, projectName: EventHub Selenium BDD, sessionName: selected-firefox-all-parall...}, moz:firefoxOptions: {prefs: {dom.webnotifications.enabled: false, remote.active-protocols: 1, signon.rememberSignons: false}}}
	at org.openqa.selenium.remote.ProtocolHandshake.lambda$createSession$1(ProtocolHandshake.java:129)
	at java.base/java.util.Optional.orElseGet(Optional.java:364)
	at org.openqa.selenium.remote.ProtocolHandshake.createSession(ProtocolHandshake.java:125)
	at org.openqa.selenium.remote.ProtocolHandshake.createSession(ProtocolHandshake.java:76)
	at org.openqa.selenium.remote.ProtocolHandshake.createSession(ProtocolHandshake.java:62)
	at org.openqa.selenium.remote.HttpCommandExecutor.execute(HttpCommandExecutor.java:171)
	at org.openqa.selenium.remote.TracedCommandExecutor.execute(TracedCommandExecutor.java:51)
	at org.openqa.selenium.remote.RemoteWebDriver.execute(RemoteWebDriver.java:575)
	at org.openqa.selenium.remote.RemoteWebDriver.startSession(RemoteWebDriver.java:259)
	at org.openqa.selenium.remote.RemoteWebDriver.<init>(RemoteWebDriver.java:204)
	at org.openqa.selenium.remote.RemoteWebDriver.<init>(RemoteWebDriver.java:169)
	at org.openqa.selenium.remote.RemoteWebDriver.<init>(RemoteWebDriver.java:165)
	at com.eventhub.automation.drivers.DriverFactory.createBrowserStackFirefoxDriver(DriverFactory.java:96)
	at com.eventhub.automation.drivers.DriverFactory.createDriver(DriverFactory.java:50)
	at com.eventhub.automation.drivers.DriverManager.initializeDriver(DriverManager.java:14)
	at com.eventhub.automation.hooks.CucumberHooks.startBrowser(CucumberHooks.java:36)

[ERROR] com.eventhub.automation.runners.ParallelCucumberTestRunner.runScenario["Key authenticated pages fit common viewport sizes", "Responsive smoke"](66) -- Time elapsed: 0.304 s <<< FAILURE!
org.openqa.selenium.SessionNotCreatedException: 
Could not start a new session. Handshake response does not match any supported protocol. Response payload: {"value":{"message":"Automate testing time expired."},"sessionId":"","status":13} 
Host info: host: 'runnervmvrwv9', ip: '10.1.0.17'
Build info: version: '4.45.0', revision: 'cd6a3cd cd6a3cdfca6970f62e5bc8344109d0fe0e2af05e'
System info: os.name: 'Linux', os.arch: 'amd64', os.version: '6.17.0-1020-azure', java.version: '17.0.19'
Driver info: org.openqa.selenium.remote.RemoteWebDriver
Command: [null, newSession {capabilities=[Capabilities {acceptInsecureCerts: true, browserName: firefox, bstack:options: {buildName: EventHub Selenium BDD-30816..., debug: true, local: false, networkLogs: true, os: Windows, osVersion: 11, projectName: EventHub Selenium BDD, sessionName: selected-firefox-all-parall...}, moz:firefoxOptions: {prefs: {dom.webnotifications.enabled: false, remote.active-protocols: 1, signon.rememberSignons: false}}}]}]
Capabilities {acceptInsecureCerts: true, browserName: firefox, bstack:options: {buildName: EventHub Selenium BDD-30816..., debug: true, local: false, networkLogs: true, os: Windows, osVersion: 11, projectName: EventHub Selenium BDD, sessionName: selected-firefox-all-parall...}, moz:firefoxOptions: {prefs: {dom.webnotifications.enabled: false, remote.active-protocols: 1, signon.rememberSignons: false}}}
	at org.openqa.selenium.remote.ProtocolHandshake.lambda$createSession$1(ProtocolHandshake.java:129)
	at java.base/java.util.Optional.orElseGet(Optional.java:364)
	at org.openqa.selenium.remote.ProtocolHandshake.createSession(ProtocolHandshake.java:125)
	at org.openqa.selenium.remote.ProtocolHandshake.createSession(ProtocolHandshake.java:76)
	at org.openqa.selenium.remote.ProtocolHandshake.createSession(ProtocolHandshake.java:62)
	at org.openqa.selenium.remote.HttpCommandExecutor.execute(HttpCommandExecutor.java:171)
	at org.openqa.selenium.remote.TracedCommandExecutor.execute(TracedCommandExecutor.java:51)
	at org.openqa.selenium.remote.RemoteWebDriver.execute(RemoteWebDriver.java:575)
	at org.openqa.selenium.remote.RemoteWebDriver.startSession(RemoteWebDriver.java:259)
	at org.openqa.selenium.remote.RemoteWebDriver.<init>(RemoteWebDriver.java:204)
	at org.openqa.selenium.remote.RemoteWebDriver.<init>(RemoteWebDriver.java:169)
	at org.openqa.selenium.remote.RemoteWebDriver.<init>(RemoteWebDriver.java:165)
	at com.eventhub.automation.drivers.DriverFactory.createBrowserStackFirefoxDriver(DriverFactory.java:96)
	at com.eventhub.automation.drivers.DriverFactory.createDriver(DriverFactory.java:50)
	at com.eventhub.automation.drivers.DriverManager.initializeDriver(DriverManager.java:14)
	at com.eventhub.automation.hooks.CucumberHooks.startBrowser(CucumberHooks.java:36)

[ERROR] com.eventhub.automation.runners.ParallelCucumberTestRunner.runScenario["Key authenticated pages fit common viewport sizes", "Responsive smoke"](67) -- Time elapsed: 1.459 s <<< FAILURE!
org.openqa.selenium.SessionNotCreatedException: 
Could not start a new session. Handshake response does not match any supported protocol. Response payload: {"value":{"message":"Automate testing time expired."},"sessionId":"","status":13} 
Host info: host: 'runnervmvrwv9', ip: '10.1.0.17'
Build info: version: '4.45.0', revision: 'cd6a3cd cd6a3cdfca6970f62e5bc8344109d0fe0e2af05e'
System info: os.name: 'Linux', os.arch: 'amd64', os.version: '6.17.0-1020-azure', java.version: '17.0.19'
Driver info: org.openqa.selenium.remote.RemoteWebDriver
Command: [null, newSession {capabilities=[Capabilities {acceptInsecureCerts: true, browserName: firefox, bstack:options: {buildName: EventHub Selenium BDD-30816..., debug: true, local: false, networkLogs: true, os: Windows, osVersion: 11, projectName: EventHub Selenium BDD, sessionName: selected-firefox-all-parall...}, moz:firefoxOptions: {prefs: {dom.webnotifications.enabled: false, remote.active-protocols: 1, signon.rememberSignons: false}}}]}]
Capabilities {acceptInsecureCerts: true, browserName: firefox, bstack:options: {buildName: EventHub Selenium BDD-30816..., debug: true, local: false, networkLogs: true, os: Windows, osVersion: 11, projectName: EventHub Selenium BDD, sessionName: selected-firefox-all-parall...}, moz:firefoxOptions: {prefs: {dom.webnotifications.enabled: false, remote.active-protocols: 1, signon.rememberSignons: false}}}
	at org.openqa.selenium.remote.ProtocolHandshake.lambda$createSession$1(ProtocolHandshake.java:129)
	at java.base/java.util.Optional.orElseGet(Optional.java:364)
	at org.openqa.selenium.remote.ProtocolHandshake.createSession(ProtocolHandshake.java:125)
	at org.openqa.selenium.remote.ProtocolHandshake.createSession(ProtocolHandshake.java:76)
	at org.openqa.selenium.remote.ProtocolHandshake.createSession(ProtocolHandshake.java:62)
	at org.openqa.selenium.remote.HttpCommandExecutor.execute(HttpCommandExecutor.java:171)
	at org.openqa.selenium.remote.TracedCommandExecutor.execute(TracedCommandExecutor.java:51)
	at org.openqa.selenium.remote.RemoteWebDriver.execute(RemoteWebDriver.java:575)
	at org.openqa.selenium.remote.RemoteWebDriver.startSession(RemoteWebDriver.java:259)
	at org.openqa.selenium.remote.RemoteWebDriver.<init>(RemoteWebDriver.java:204)
	at org.openqa.selenium.remote.RemoteWebDriver.<init>(RemoteWebDriver.java:169)
	at org.openqa.selenium.remote.RemoteWebDriver.<init>(RemoteWebDriver.java:165)
	at com.eventhub.automation.drivers.DriverFactory.createBrowserStackFirefoxDriver(DriverFactory.java:96)
	at com.eventhub.automation.drivers.DriverFactory.createDriver(DriverFactory.java:50)
	at com.eventhub.automation.drivers.DriverManager.initializeDriver(DriverManager.java:14)
	at com.eventhub.automation.hooks.CucumberHooks.startBrowser(CucumberHooks.java:36)

[ERROR] com.eventhub.automation.runners.ParallelCucumberTestRunner.runScenario["Login page visual sanity screenshot is captured", "Visual sanity smoke"](68) -- Time elapsed: 0.309 s <<< FAILURE!
org.openqa.selenium.SessionNotCreatedException: 
Could not start a new session. Handshake response does not match any supported protocol. Response payload: {"value":{"message":"Automate testing time expired."},"sessionId":"","status":13} 
Host info: host: 'runnervmvrwv9', ip: '10.1.0.17'
Build info: version: '4.45.0', revision: 'cd6a3cd cd6a3cdfca6970f62e5bc8344109d0fe0e2af05e'
System info: os.name: 'Linux', os.arch: 'amd64', os.version: '6.17.0-1020-azure', java.version: '17.0.19'
Driver info: org.openqa.selenium.remote.RemoteWebDriver
Command: [null, newSession {capabilities=[Capabilities {acceptInsecureCerts: true, browserName: firefox, bstack:options: {buildName: EventHub Selenium BDD-30816..., debug: true, local: false, networkLogs: true, os: Windows, osVersion: 11, projectName: EventHub Selenium BDD, sessionName: selected-firefox-all-parall...}, moz:firefoxOptions: {prefs: {dom.webnotifications.enabled: false, remote.active-protocols: 1, signon.rememberSignons: false}}}]}]
Capabilities {acceptInsecureCerts: true, browserName: firefox, bstack:options: {buildName: EventHub Selenium BDD-30816..., debug: true, local: false, networkLogs: true, os: Windows, osVersion: 11, projectName: EventHub Selenium BDD, sessionName: selected-firefox-all-parall...}, moz:firefoxOptions: {prefs: {dom.webnotifications.enabled: false, remote.active-protocols: 1, signon.rememberSignons: false}}}
	at org.openqa.selenium.remote.ProtocolHandshake.lambda$createSession$1(ProtocolHandshake.java:129)
	at java.base/java.util.Optional.orElseGet(Optional.java:364)
	at org.openqa.selenium.remote.ProtocolHandshake.createSession(ProtocolHandshake.java:125)
	at org.openqa.selenium.remote.ProtocolHandshake.createSession(ProtocolHandshake.java:76)
	at org.openqa.selenium.remote.ProtocolHandshake.createSession(ProtocolHandshake.java:62)
	at org.openqa.selenium.remote.HttpCommandExecutor.execute(HttpCommandExecutor.java:171)
	at org.openqa.selenium.remote.TracedCommandExecutor.execute(TracedCommandExecutor.java:51)
	at org.openqa.selenium.remote.RemoteWebDriver.execute(RemoteWebDriver.java:575)
	at org.openqa.selenium.remote.RemoteWebDriver.startSession(RemoteWebDriver.java:259)
	at org.openqa.selenium.remote.RemoteWebDriver.<init>(RemoteWebDriver.java:204)
	at org.openqa.selenium.remote.RemoteWebDriver.<init>(RemoteWebDriver.java:169)
	at org.openqa.selenium.remote.RemoteWebDriver.<init>(RemoteWebDriver.java:165)
	at com.eventhub.automation.drivers.DriverFactory.createBrowserStackFirefoxDriver(DriverFactory.java:96)
	at com.eventhub.automation.drivers.DriverFactory.createDriver(DriverFactory.java:50)
	at com.eventhub.automation.drivers.DriverManager.initializeDriver(DriverManager.java:14)
	at com.eventhub.automation.hooks.CucumberHooks.startBrowser(CucumberHooks.java:36)

[ERROR] com.eventhub.automation.runners.ParallelCucumberTestRunner.runScenario["Authenticated key pages have visual sanity screenshots", "Visual sanity smoke"](70) -- Time elapsed: 0.041 s <<< FAILURE!
org.openqa.selenium.SessionNotCreatedException: 
Could not start a new session. Handshake response does not match any supported protocol. Response payload: {"value":{"message":"Automate testing time expired."},"sessionId":"","status":13} 
Host info: host: 'runnervmvrwv9', ip: '10.1.0.17'
Build info: version: '4.45.0', revision: 'cd6a3cd cd6a3cdfca6970f62e5bc8344109d0fe0e2af05e'
System info: os.name: 'Linux', os.arch: 'amd64', os.version: '6.17.0-1020-azure', java.version: '17.0.19'
Driver info: org.openqa.selenium.remote.RemoteWebDriver
Command: [null, newSession {capabilities=[Capabilities {acceptInsecureCerts: true, browserName: firefox, bstack:options: {buildName: EventHub Selenium BDD-30816..., debug: true, local: false, networkLogs: true, os: Windows, osVersion: 11, projectName: EventHub Selenium BDD, sessionName: selected-firefox-all-parall...}, moz:firefoxOptions: {prefs: {dom.webnotifications.enabled: false, remote.active-protocols: 1, signon.rememberSignons: false}}}]}]
Capabilities {acceptInsecureCerts: true, browserName: firefox, bstack:options: {buildName: EventHub Selenium BDD-30816..., debug: true, local: false, networkLogs: true, os: Windows, osVersion: 11, projectName: EventHub Selenium BDD, sessionName: selected-firefox-all-parall...}, moz:firefoxOptions: {prefs: {dom.webnotifications.enabled: false, remote.active-protocols: 1, signon.rememberSignons: false}}}
	at org.openqa.selenium.remote.ProtocolHandshake.lambda$createSession$1(ProtocolHandshake.java:129)
	at java.base/java.util.Optional.orElseGet(Optional.java:364)
	at org.openqa.selenium.remote.ProtocolHandshake.createSession(ProtocolHandshake.java:125)
	at org.openqa.selenium.remote.ProtocolHandshake.createSession(ProtocolHandshake.java:76)
	at org.openqa.selenium.remote.ProtocolHandshake.createSession(ProtocolHandshake.java:62)
	at org.openqa.selenium.remote.HttpCommandExecutor.execute(HttpCommandExecutor.java:171)
	at org.openqa.selenium.remote.TracedCommandExecutor.execute(TracedCommandExecutor.java:51)
	at org.openqa.selenium.remote.RemoteWebDriver.execute(RemoteWebDriver.java:575)
	at org.openqa.selenium.remote.RemoteWebDriver.startSession(RemoteWebDriver.java:259)
	at org.openqa.selenium.remote.RemoteWebDriver.<init>(RemoteWebDriver.java:204)
	at org.openqa.selenium.remote.RemoteWebDriver.<init>(RemoteWebDriver.java:169)
	at org.openqa.selenium.remote.RemoteWebDriver.<init>(RemoteWebDriver.java:165)
	at com.eventhub.automation.drivers.DriverFactory.createBrowserStackFirefoxDriver(DriverFactory.java:96)
	at com.eventhub.automation.drivers.DriverFactory.createDriver(DriverFactory.java:50)
	at com.eventhub.automation.drivers.DriverManager.initializeDriver(DriverManager.java:14)
	at com.eventhub.automation.hooks.CucumberHooks.startBrowser(CucumberHooks.java:36)

[ERROR] com.eventhub.automation.runners.ParallelCucumberTestRunner.runScenario["Authenticated key pages have visual sanity screenshots", "Visual sanity smoke"](71) -- Time elapsed: 0.337 s <<< FAILURE!
org.openqa.selenium.SessionNotCreatedException: 
Could not start a new session. Handshake response does not match any supported protocol. Response payload: {"value":{"message":"Automate testing time expired."},"sessionId":"","status":13} 
Host info: host: 'runnervmvrwv9', ip: '10.1.0.17'
Build info: version: '4.45.0', revision: 'cd6a3cd cd6a3cdfca6970f62e5bc8344109d0fe0e2af05e'
System info: os.name: 'Linux', os.arch: 'amd64', os.version: '6.17.0-1020-azure', java.version: '17.0.19'
Driver info: org.openqa.selenium.remote.RemoteWebDriver
Command: [null, newSession {capabilities=[Capabilities {acceptInsecureCerts: true, browserName: firefox, bstack:options: {buildName: EventHub Selenium BDD-30816..., debug: true, local: false, networkLogs: true, os: Windows, osVersion: 11, projectName: EventHub Selenium BDD, sessionName: selected-firefox-all-parall...}, moz:firefoxOptions: {prefs: {dom.webnotifications.enabled: false, remote.active-protocols: 1, signon.rememberSignons: false}}}]}]
Capabilities {acceptInsecureCerts: true, browserName: firefox, bstack:options: {buildName: EventHub Selenium BDD-30816..., debug: true, local: false, networkLogs: true, os: Windows, osVersion: 11, projectName: EventHub Selenium BDD, sessionName: selected-firefox-all-parall...}, moz:firefoxOptions: {prefs: {dom.webnotifications.enabled: false, remote.active-protocols: 1, signon.rememberSignons: false}}}
	at org.openqa.selenium.remote.ProtocolHandshake.lambda$createSession$1(ProtocolHandshake.java:129)
	at java.base/java.util.Optional.orElseGet(Optional.java:364)
	at org.openqa.selenium.remote.ProtocolHandshake.createSession(ProtocolHandshake.java:125)
	at org.openqa.selenium.remote.ProtocolHandshake.createSession(ProtocolHandshake.java:76)
	at org.openqa.selenium.remote.ProtocolHandshake.createSession(ProtocolHandshake.java:62)
	at org.openqa.selenium.remote.HttpCommandExecutor.execute(HttpCommandExecutor.java:171)
	at org.openqa.selenium.remote.TracedCommandExecutor.execute(TracedCommandExecutor.java:51)
	at org.openqa.selenium.remote.RemoteWebDriver.execute(RemoteWebDriver.java:575)
	at org.openqa.selenium.remote.RemoteWebDriver.startSession(RemoteWebDriver.java:259)
	at org.openqa.selenium.remote.RemoteWebDriver.<init>(RemoteWebDriver.java:204)
	at org.openqa.selenium.remote.RemoteWebDriver.<init>(RemoteWebDriver.java:169)
	at org.openqa.selenium.remote.RemoteWebDriver.<init>(RemoteWebDriver.java:165)
	at com.eventhub.automation.drivers.DriverFactory.createBrowserStackFirefoxDriver(DriverFactory.java:96)
	at com.eventhub.automation.drivers.DriverFactory.createDriver(DriverFactory.java:50)
	at com.eventhub.automation.drivers.DriverManager.initializeDriver(DriverManager.java:14)
	at com.eventhub.automation.hooks.CucumberHooks.startBrowser(CucumberHooks.java:36)

[ERROR] com.eventhub.automation.runners.ParallelCucumberTestRunner.runScenario["Authenticated key pages have visual sanity screenshots", "Visual sanity smoke"](72) -- Time elapsed: 1.774 s <<< FAILURE!
org.openqa.selenium.SessionNotCreatedException: 
Could not start a new session. Handshake response does not match any supported protocol. Response payload: {"value":{"message":"Automate testing time expired."},"sessionId":"","status":13} 
Host info: host: 'runnervmvrwv9', ip: '10.1.0.17'
Build info: version: '4.45.0', revision: 'cd6a3cd cd6a3cdfca6970f62e5bc8344109d0fe0e2af05e'
System info: os.name: 'Linux', os.arch: 'amd64', os.version: '6.17.0-1020-azure', java.version: '17.0.19'
Driver info: org.openqa.selenium.remote.RemoteWebDriver
Command: [null, newSession {capabilities=[Capabilities {acceptInsecureCerts: true, browserName: firefox, bstack:options: {buildName: EventHub Selenium BDD-30816..., debug: true, local: false, networkLogs: true, os: Windows, osVersion: 11, projectName: EventHub Selenium BDD, sessionName: selected-firefox-all-parall...}, moz:firefoxOptions: {prefs: {dom.webnotifications.enabled: false, remote.active-protocols: 1, signon.rememberSignons: false}}}]}]
Capabilities {acceptInsecureCerts: true, browserName: firefox, bstack:options: {buildName: EventHub Selenium BDD-30816..., debug: true, local: false, networkLogs: true, os: Windows, osVersion: 11, projectName: EventHub Selenium BDD, sessionName: selected-firefox-all-parall...}, moz:firefoxOptions: {prefs: {dom.webnotifications.enabled: false, remote.active-protocols: 1, signon.rememberSignons: false}}}
	at org.openqa.selenium.remote.ProtocolHandshake.lambda$createSession$1(ProtocolHandshake.java:129)
	at java.base/java.util.Optional.orElseGet(Optional.java:364)
	at org.openqa.selenium.remote.ProtocolHandshake.createSession(ProtocolHandshake.java:125)
	at org.openqa.selenium.remote.ProtocolHandshake.createSession(ProtocolHandshake.java:76)
	at org.openqa.selenium.remote.ProtocolHandshake.createSession(ProtocolHandshake.java:62)
	at org.openqa.selenium.remote.HttpCommandExecutor.execute(HttpCommandExecutor.java:171)
	at org.openqa.selenium.remote.TracedCommandExecutor.execute(TracedCommandExecutor.java:51)
	at org.openqa.selenium.remote.RemoteWebDriver.execute(RemoteWebDriver.java:575)
	at org.openqa.selenium.remote.RemoteWebDriver.startSession(RemoteWebDriver.java:259)
	at org.openqa.selenium.remote.RemoteWebDriver.<init>(RemoteWebDriver.java:204)
	at org.openqa.selenium.remote.RemoteWebDriver.<init>(RemoteWebDriver.java:169)
	at org.openqa.selenium.remote.RemoteWebDriver.<init>(RemoteWebDriver.java:165)
	at com.eventhub.automation.drivers.DriverFactory.createBrowserStackFirefoxDriver(DriverFactory.java:96)
	at com.eventhub.automation.drivers.DriverFactory.createDriver(DriverFactory.java:50)
	at com.eventhub.automation.drivers.DriverManager.initializeDriver(DriverManager.java:14)
	at com.eventhub.automation.hooks.CucumberHooks.startBrowser(CucumberHooks.java:36)

[INFO] 
[INFO] Results:
[INFO] 
[ERROR] Failures: 
[ERROR]   ParallelCucumberTestRunner.runScenario » SessionNotCreated Could not start a new session. Handshake response does not match any supported protocol. Response payload: {"value":{"message":"Automate testing time expired."},"sessionId":"","status":13} 
Host info: host: 'runnervmvrwv9', ip: '10.1.0.17'
Build info: version: '4.45.0', revision: 'cd6a3cd cd6a3cdfca6970f62e5bc8344109d0fe0e2af05e'
System info: os.name: 'Linux', os.arch: 'amd64', os.version: '6.17.0-1020-azure', java.version: '17.0.19'
Driver info: org.openqa.selenium.remote.RemoteWebDriver
Command: [null, newSession {capabilities=[Capabilities {acceptInsecureCerts: true, browserName: firefox, bstack:options: {buildName: EventHub Selenium BDD-30816..., debug: true, local: false, networkLogs: true, os: Windows, osVersion: 11, projectName: EventHub Selenium BDD, sessionName: selected-firefox-all-parall...}, moz:firefoxOptions: {prefs: {dom.webnotifications.enabled: false, remote.active-protocols: 1, signon.rememberSignons: false}}}]}]
Capabilities {acceptInsecureCerts: true, browserName: firefox, bstack:options: {buildName: EventHub Selenium BDD-30816..., debug: true, local: false, networkLogs: true, os: Windows, osVersion: 11, projectName: EventHub Selenium BDD, sessionName: selected-firefox-all-parall...}, moz:firefoxOptions: {prefs: {dom.webnotifications.enabled: false, remote.active-protocols: 1, signon.rememberSignons: false}}}
[ERROR]   ParallelCucumberTestRunner.runScenario » SessionNotCreated Could not start a new session. Handshake response does not match any supported protocol. Response payload: {"value":{"message":"Automate testing time expired."},"sessionId":"","status":13} 
Host info: host: 'runnervmvrwv9', ip: '10.1.0.17'
Build info: version: '4.45.0', revision: 'cd6a3cd cd6a3cdfca6970f62e5bc8344109d0fe0e2af05e'
System info: os.name: 'Linux', os.arch: 'amd64', os.version: '6.17.0-1020-azure', java.version: '17.0.19'
Driver info: org.openqa.selenium.remote.RemoteWebDriver
Command: [null, newSession {capabilities=[Capabilities {acceptInsecureCerts: true, browserName: firefox, bstack:options: {buildName: EventHub Selenium BDD-30816..., debug: true, local: false, networkLogs: true, os: Windows, osVersion: 11, projectName: EventHub Selenium BDD, sessionName: selected-firefox-all-parall...}, moz:firefoxOptions: {prefs: {dom.webnotifications.enabled: false, remote.active-protocols: 1, signon.rememberSignons: false}}}]}]
Capabilities {acceptInsecureCerts: true, browserName: firefox, bstack:options: {buildName: EventHub Selenium BDD-30816..., debug: true, local: false, networkLogs: true, os: Windows, osVersion: 11, projectName: EventHub Selenium BDD, sessionName: selected-firefox-all-parall...}, moz:firefoxOptions: {prefs: {dom.webnotifications.enabled: false, remote.active-protocols: 1, signon.rememberSignons: false}}}
[ERROR]   ParallelCucumberTestRunner.runScenario » SessionNotCreated Could not start a new session. Handshake response does not match any supported protocol. Response payload: {"value":{"message":"Automate testing time expired."},"sessionId":"","status":13} 
Host info: host: 'runnervmvrwv9', ip: '10.1.0.17'
Build info: version: '4.45.0', revision: 'cd6a3cd cd6a3cdfca6970f62e5bc8344109d0fe0e2af05e'
System info: os.name: 'Linux', os.arch: 'amd64', os.version: '6.17.0-1020-azure', java.version: '17.0.19'
Driver info: org.openqa.selenium.remote.RemoteWebDriver
Command: [null, newSession {capabilities=[Capabilities {acceptInsecureCerts: true, browserName: firefox, bstack:options: {buildName: EventHub Selenium BDD-30816..., debug: true, local: false, networkLogs: true, os: Windows, osVersion: 11, projectName: EventHub Selenium BDD, sessionName: selected-firefox-all-parall...}, moz:firefoxOptions: {prefs: {dom.webnotifications.enabled: false, remote.active-protocols: 1, signon.rememberSignons: false}}}]}]
Capabilities {acceptInsecureCerts: true, browserName: firefox, bstack:options: {buildName: EventHub Selenium BDD-30816..., debug: true, local: false, networkLogs: true, os: Windows, osVersion: 11, projectName: EventHub Selenium BDD, sessionName: selected-firefox-all-parall...}, moz:firefoxOptions: {prefs: {dom.webnotifications.enabled: false, remote.active-protocols: 1, signon.rememberSignons: false}}}
[ERROR]   ParallelCucumberTestRunner.runScenario » SessionNotCreated Could not start a new session. Handshake response does not match any supported protocol. Response payload: {"value":{"message":"Automate testing time expired."},"sessionId":"","status":13} 
Host info: host: 'runnervmvrwv9', ip: '10.1.0.17'
Build info: version: '4.45.0', revision: 'cd6a3cd cd6a3cdfca6970f62e5bc8344109d0fe0e2af05e'
System info: os.name: 'Linux', os.arch: 'amd64', os.version: '6.17.0-1020-azure', java.version: '17.0.19'
Driver info: org.openqa.selenium.remote.RemoteWebDriver
Command: [null, newSession {capabilities=[Capabilities {acceptInsecureCerts: true, browserName: firefox, bstack:options: {buildName: EventHub Selenium BDD-30816..., debug: true, local: false, networkLogs: true, os: Windows, osVersion: 11, projectName: EventHub Selenium BDD, sessionName: selected-firefox-all-parall...}, moz:firefoxOptions: {prefs: {dom.webnotifications.enabled: false, remote.active-protocols: 1, signon.rememberSignons: false}}}]}]
Capabilities {acceptInsecureCerts: true, browserName: firefox, bstack:options: {buildName: EventHub Selenium BDD-30816..., debug: true, local: false, networkLogs: true, os: Windows, osVersion: 11, projectName: EventHub Selenium BDD, sessionName: selected-firefox-all-parall...}, moz:firefoxOptions: {prefs: {dom.webnotifications.enabled: false, remote.active-protocols: 1, signon.rememberSignons: false}}}
[ERROR]   ParallelCucumberTestRunner.runScenario » SessionNotCreated Could not start a new session. Possible causes are invalid address of the remote server or browser start-up failure. 
Host info: host: 'runnervmvrwv9', ip: '10.1.0.17'
[ERROR]   ParallelCucumberTestRunner.runScenario » SessionNotCreated Could not start a new session. Handshake response does not match any supported protocol. Response payload: {"value":{"message":"Automate testing time expired."},"sessionId":"","status":13} 
Host info: host: 'runnervmvrwv9', ip: '10.1.0.17'
Build info: version: '4.45.0', revision: 'cd6a3cd cd6a3cdfca6970f62e5bc8344109d0fe0e2af05e'
System info: os.name: 'Linux', os.arch: 'amd64', os.version: '6.17.0-1020-azure', java.version: '17.0.19'
Driver info: org.openqa.selenium.remote.RemoteWebDriver
Command: [null, newSession {capabilities=[Capabilities {acceptInsecureCerts: true, browserName: firefox, bstack:options: {buildName: EventHub Selenium BDD-30816..., debug: true, local: false, networkLogs: true, os: Windows, osVersion: 11, projectName: EventHub Selenium BDD, sessionName: selected-firefox-all-parall...}, moz:firefoxOptions: {prefs: {dom.webnotifications.enabled: false, remote.active-protocols: 1, signon.rememberSignons: false}}}]}]
Capabilities {acceptInsecureCerts: true, browserName: firefox, bstack:options: {buildName: EventHub Selenium BDD-30816..., debug: true, local: false, networkLogs: true, os: Windows, osVersion: 11, projectName: EventHub Selenium BDD, sessionName: selected-firefox-all-parall...}, moz:firefoxOptions: {prefs: {dom.webnotifications.enabled: false, remote.active-protocols: 1, signon.rememberSignons: false}}}
[ERROR]   ParallelCucumberTestRunner.runScenario 
Expecting blank but was: "Dilli Diwali Mela"
[ERROR]   ParallelCucumberTestRunner.runScenario » SessionNotCreated Could not start a new session. Handshake response does not match any supported protocol. Response payload: {"value":{"message":"Automate testing time expired."},"sessionId":"","status":13} 
Host info: host: 'runnervmvrwv9', ip: '10.1.0.17'
Build info: version: '4.45.0', revision: 'cd6a3cd cd6a3cdfca6970f62e5bc8344109d0fe0e2af05e'
System info: os.name: 'Linux', os.arch: 'amd64', os.version: '6.17.0-1020-azure', java.version: '17.0.19'
Driver info: org.openqa.selenium.remote.RemoteWebDriver
Command: [null, newSession {capabilities=[Capabilities {acceptInsecureCerts: true, browserName: firefox, bstack:options: {buildName: EventHub Selenium BDD-30816..., debug: true, local: false, networkLogs: true, os: Windows, osVersion: 11, projectName: EventHub Selenium BDD, sessionName: selected-firefox-all-parall...}, moz:firefoxOptions: {prefs: {dom.webnotifications.enabled: false, remote.active-protocols: 1, signon.rememberSignons: false}}}]}]
Capabilities {acceptInsecureCerts: true, browserName: firefox, bstack:options: {buildName: EventHub Selenium BDD-30816..., debug: true, local: false, networkLogs: true, os: Windows, osVersion: 11, projectName: EventHub Selenium BDD, sessionName: selected-firefox-all-parall...}, moz:firefoxOptions: {prefs: {dom.webnotifications.enabled: false, remote.active-protocols: 1, signon.rememberSignons: false}}}
[ERROR]   ParallelCucumberTestRunner.runScenario » SessionNotCreated Could not start a new session. Handshake response does not match any supported protocol. Response payload: {"value":{"message":"Automate testing time expired."},"sessionId":"","status":13} 
Host info: host: 'runnervmvrwv9', ip: '10.1.0.17'
Build info: version: '4.45.0', revision: 'cd6a3cd cd6a3cdfca6970f62e5bc8344109d0fe0e2af05e'
System info: os.name: 'Linux', os.arch: 'amd64', os.version: '6.17.0-1020-azure', java.version: '17.0.19'
Driver info: org.openqa.selenium.remote.RemoteWebDriver
Command: [null, newSession {capabilities=[Capabilities {acceptInsecureCerts: true, browserName: firefox, bstack:options: {buildName: EventHub Selenium BDD-30816..., debug: true, local: false, networkLogs: true, os: Windows, osVersion: 11, projectName: EventHub Selenium BDD, sessionName: selected-firefox-all-parall...}, moz:firefoxOptions: {prefs: {dom.webnotifications.enabled: false, remote.active-protocols: 1, signon.rememberSignons: false}}}]}]
Capabilities {acceptInsecureCerts: true, browserName: firefox, bstack:options: {buildName: EventHub Selenium BDD-30816..., debug: true, local: false, networkLogs: true, os: Windows, osVersion: 11, projectName: EventHub Selenium BDD, sessionName: selected-firefox-all-parall...}, moz:firefoxOptions: {prefs: {dom.webnotifications.enabled: false, remote.active-protocols: 1, signon.rememberSignons: false}}}
[ERROR]   ParallelCucumberTestRunner.runScenario » SessionNotCreated Could not start a new session. Handshake response does not match any supported protocol. Response payload: {"value":{"message":"Automate testing time expired."},"sessionId":"","status":13} 
Host info: host: 'runnervmvrwv9', ip: '10.1.0.17'
Build info: version: '4.45.0', revision: 'cd6a3cd cd6a3cdfca6970f62e5bc8344109d0fe0e2af05e'
System info: os.name: 'Linux', os.arch: 'amd64', os.version: '6.17.0-1020-azure', java.version: '17.0.19'
Driver info: org.openqa.selenium.remote.RemoteWebDriver
Command: [null, newSession {capabilities=[Capabilities {acceptInsecureCerts: true, browserName: firefox, bstack:options: {buildName: EventHub Selenium BDD-30816..., debug: true, local: false, networkLogs: true, os: Windows, osVersion: 11, projectName: EventHub Selenium BDD, sessionName: selected-firefox-all-parall...}, moz:firefoxOptions: {prefs: {dom.webnotifications.enabled: false, remote.active-protocols: 1, signon.rememberSignons: false}}}]}]
Capabilities {acceptInsecureCerts: true, browserName: firefox, bstack:options: {buildName: EventHub Selenium BDD-30816..., debug: true, local: false, networkLogs: true, os: Windows, osVersion: 11, projectName: EventHub Selenium BDD, sessionName: selected-firefox-all-parall...}, moz:firefoxOptions: {prefs: {dom.webnotifications.enabled: false, remote.active-protocols: 1, signon.rememberSignons: false}}}
[ERROR]   ParallelCucumberTestRunner.runScenario » SessionNotCreated Could not start a new session. Handshake response does not match any supported protocol. Response payload: {"value":{"message":"Automate testing time expired."},"sessionId":"","status":13} 
Host info: host: 'runnervmvrwv9', ip: '10.1.0.17'
Build info: version: '4.45.0', revision: 'cd6a3cd cd6a3cdfca6970f62e5bc8344109d0fe0e2af05e'
System info: os.name: 'Linux', os.arch: 'amd64', os.version: '6.17.0-1020-azure', java.version: '17.0.19'
Driver info: org.openqa.selenium.remote.RemoteWebDriver
Command: [null, newSession {capabilities=[Capabilities {acceptInsecureCerts: true, browserName: firefox, bstack:options: {buildName: EventHub Selenium BDD-30816..., debug: true, local: false, networkLogs: true, os: Windows, osVersion: 11, projectName: EventHub Selenium BDD, sessionName: selected-firefox-all-parall...}, moz:firefoxOptions: {prefs: {dom.webnotifications.enabled: false, remote.active-protocols: 1, signon.rememberSignons: false}}}]}]
Capabilities {acceptInsecureCerts: true, browserName: firefox, bstack:options: {buildName: EventHub Selenium BDD-30816..., debug: true, local: false, networkLogs: true, os: Windows, osVersion: 11, projectName: EventHub Selenium BDD, sessionName: selected-firefox-all-parall...}, moz:firefoxOptions: {prefs: {dom.webnotifications.enabled: false, remote.active-protocols: 1, signon.rememberSignons: false}}}
[ERROR]   ParallelCucumberTestRunner.runScenario » SessionNotCreated Could not start a new session. Handshake response does not match any supported protocol. Response payload: {"value":{"message":"Automate testing time expired."},"sessionId":"","status":13} 
Host info: host: 'runnervmvrwv9', ip: '10.1.0.17'
Build info: version: '4.45.0', revision: 'cd6a3cd cd6a3cdfca6970f62e5bc8344109d0fe0e2af05e'
System info: os.name: 'Linux', os.arch: 'amd64', os.version: '6.17.0-1020-azure', java.version: '17.0.19'
Driver info: org.openqa.selenium.remote.RemoteWebDriver
Command: [null, newSession {capabilities=[Capabilities {acceptInsecureCerts: true, browserName: firefox, bstack:options: {buildName: EventHub Selenium BDD-30816..., debug: true, local: false, networkLogs: true, os: Windows, osVersion: 11, projectName: EventHub Selenium BDD, sessionName: selected-firefox-all-parall...}, moz:firefoxOptions: {prefs: {dom.webnotifications.enabled: false, remote.active-protocols: 1, signon.rememberSignons: false}}}]}]
Capabilities {acceptInsecureCerts: true, browserName: firefox, bstack:options: {buildName: EventHub Selenium BDD-30816..., debug: true, local: false, networkLogs: true, os: Windows, osVersion: 11, projectName: EventHub Selenium BDD, sessionName: selected-firefox-all-parall...}, moz:firefoxOptions: {prefs: {dom.webnotifications.enabled: false, remote.active-protocols: 1, signon.rememberSignons: false}}}
[ERROR]   ParallelCucumberTestRunner.runScenario » SessionNotCreated Could not start a new session. Handshake response does not match any supported protocol. Response payload: {"value":{"message":"Automate testing time expired."},"sessionId":"","status":13} 
Host info: host: 'runnervmvrwv9', ip: '10.1.0.17'
Build info: version: '4.45.0', revision: 'cd6a3cd cd6a3cdfca6970f62e5bc8344109d0fe0e2af05e'
System info: os.name: 'Linux', os.arch: 'amd64', os.version: '6.17.0-1020-azure', java.version: '17.0.19'
Driver info: org.openqa.selenium.remote.RemoteWebDriver
Command: [null, newSession {capabilities=[Capabilities {acceptInsecureCerts: true, browserName: firefox, bstack:options: {buildName: EventHub Selenium BDD-30816..., debug: true, local: false, networkLogs: true, os: Windows, osVersion: 11, projectName: EventHub Selenium BDD, sessionName: selected-firefox-all-parall...}, moz:firefoxOptions: {prefs: {dom.webnotifications.enabled: false, remote.active-protocols: 1, signon.rememberSignons: false}}}]}]
Capabilities {acceptInsecureCerts: true, browserName: firefox, bstack:options: {buildName: EventHub Selenium BDD-30816..., debug: true, local: false, networkLogs: true, os: Windows, osVersion: 11, projectName: EventHub Selenium BDD, sessionName: selected-firefox-all-parall...}, moz:firefoxOptions: {prefs: {dom.webnotifications.enabled: false, remote.active-protocols: 1, signon.rememberSignons: false}}}
[ERROR]   ParallelCucumberTestRunner.runScenario » SessionNotCreated Could not start a new session. Handshake response does not match any supported protocol. Response payload: {"value":{"message":"Automate testing time expired."},"sessionId":"","status":13} 
Host info: host: 'runnervmvrwv9', ip: '10.1.0.17'
Build info: version: '4.45.0', revision: 'cd6a3cd cd6a3cdfca6970f62e5bc8344109d0fe0e2af05e'
System info: os.name: 'Linux', os.arch: 'amd64', os.version: '6.17.0-1020-azure', java.version: '17.0.19'
Driver info: org.openqa.selenium.remote.RemoteWebDriver
Command: [null, newSession {capabilities=[Capabilities {acceptInsecureCerts: true, browserName: firefox, bstack:options: {buildName: EventHub Selenium BDD-30816..., debug: true, local: false, networkLogs: true, os: Windows, osVersion: 11, projectName: EventHub Selenium BDD, sessionName: selected-firefox-all-parall...}, moz:firefoxOptions: {prefs: {dom.webnotifications.enabled: false, remote.active-protocols: 1, signon.rememberSignons: false}}}]}]
Capabilities {acceptInsecureCerts: true, browserName: firefox, bstack:options: {buildName: EventHub Selenium BDD-30816..., debug: true, local: false, networkLogs: true, os: Windows, osVersion: 11, projectName: EventHub Selenium BDD, sessionName: selected-firefox-all-parall...}, moz:firefoxOptions: {prefs: {dom.webnotifications.enabled: false, remote.active-protocols: 1, signon.rememberSignons: false}}}
[ERROR]   ParallelCucumberTestRunner.runScenario » SessionNotCreated Could not start a new session. Handshake response does not match any supported protocol. Response payload: {"value":{"message":"Automate testing time expired."},"sessionId":"","status":13} 
Host info: host: 'runnervmvrwv9', ip: '10.1.0.17'
Build info: version: '4.45.0', revision: 'cd6a3cd cd6a3cdfca6970f62e5bc8344109d0fe0e2af05e'
System info: os.name: 'Linux', os.arch: 'amd64', os.version: '6.17.0-1020-azure', java.version: '17.0.19'
Driver info: org.openqa.selenium.remote.RemoteWebDriver
Command: [null, newSession {capabilities=[Capabilities {acceptInsecureCerts: true, browserName: firefox, bstack:options: {buildName: EventHub Selenium BDD-30816..., debug: true, local: false, networkLogs: true, os: Windows, osVersion: 11, projectName: EventHub Selenium BDD, sessionName: selected-firefox-all-parall...}, moz:firefoxOptions: {prefs: {dom.webnotifications.enabled: false, remote.active-protocols: 1, signon.rememberSignons: false}}}]}]
Capabilities {acceptInsecureCerts: true, browserName: firefox, bstack:options: {buildName: EventHub Selenium BDD-30816..., debug: true, local: false, networkLogs: true, os: Windows, osVersion: 11, projectName: EventHub Selenium BDD, sessionName: selected-firefox-all-parall...}, moz:firefoxOptions: {prefs: {dom.webnotifications.enabled: false, remote.active-protocols: 1, signon.rememberSignons: false}}}
[ERROR]   ParallelCucumberTestRunner.runScenario » SessionNotCreated Could not start a new session. Handshake response does not match any supported protocol. Response payload: {"value":{"message":"Automate testing time expired."},"sessionId":"","status":13} 
Host info: host: 'runnervmvrwv9', ip: '10.1.0.17'
Build info: version: '4.45.0', revision: 'cd6a3cd cd6a3cdfca6970f62e5bc8344109d0fe0e2af05e'
System info: os.name: 'Linux', os.arch: 'amd64', os.version: '6.17.0-1020-azure', java.version: '17.0.19'
Driver info: org.openqa.selenium.remote.RemoteWebDriver
Command: [null, newSession {capabilities=[Capabilities {acceptInsecureCerts: true, browserName: firefox, bstack:options: {buildName: EventHub Selenium BDD-30816..., debug: true, local: false, networkLogs: true, os: Windows, osVersion: 11, projectName: EventHub Selenium BDD, sessionName: selected-firefox-all-parall...}, moz:firefoxOptions: {prefs: {dom.webnotifications.enabled: false, remote.active-protocols: 1, signon.rememberSignons: false}}}]}]
Capabilities {acceptInsecureCerts: true, browserName: firefox, bstack:options: {buildName: EventHub Selenium BDD-30816..., debug: true, local: false, networkLogs: true, os: Windows, osVersion: 11, projectName: EventHub Selenium BDD, sessionName: selected-firefox-all-parall...}, moz:firefoxOptions: {prefs: {dom.webnotifications.enabled: false, remote.active-protocols: 1, signon.rememberSignons: false}}}
[ERROR]   ParallelCucumberTestRunner.runScenario » SessionNotCreated Could not start a new session. Handshake response does not match any supported protocol. Response payload: {"value":{"message":"Automate testing time expired."},"sessionId":"","status":13} 
Host info: host: 'runnervmvrwv9', ip: '10.1.0.17'
Build info: version: '4.45.0', revision: 'cd6a3cd cd6a3cdfca6970f62e5bc8344109d0fe0e2af05e'
System info: os.name: 'Linux', os.arch: 'amd64', os.version: '6.17.0-1020-azure', java.version: '17.0.19'
Driver info: org.openqa.selenium.remote.RemoteWebDriver
Command: [null, newSession {capabilities=[Capabilities {acceptInsecureCerts: true, browserName: firefox, bstack:options: {buildName: EventHub Selenium BDD-30816..., debug: true, local: false, networkLogs: true, os: Windows, osVersion: 11, projectName: EventHub Selenium BDD, sessionName: selected-firefox-all-parall...}, moz:firefoxOptions: {prefs: {dom.webnotifications.enabled: false, remote.active-protocols: 1, signon.rememberSignons: false}}}]}]
Capabilities {acceptInsecureCerts: true, browserName: firefox, bstack:options: {buildName: EventHub Selenium BDD-30816..., debug: true, local: false, networkLogs: true, os: Windows, osVersion: 11, projectName: EventHub Selenium BDD, sessionName: selected-firefox-all-parall...}, moz:firefoxOptions: {prefs: {dom.webnotifications.enabled: false, remote.active-protocols: 1, signon.rememberSignons: false}}}
[ERROR]   ParallelCucumberTestRunner.runScenario » SessionNotCreated Could not start a new session. Handshake response does not match any supported protocol. Response payload: {"value":{"message":"Automate testing time expired."},"sessionId":"","status":13} 
Host info: host: 'runnervmvrwv9', ip: '10.1.0.17'
Build info: version: '4.45.0', revision: 'cd6a3cd cd6a3cdfca6970f62e5bc8344109d0fe0e2af05e'
System info: os.name: 'Linux', os.arch: 'amd64', os.version: '6.17.0-1020-azure', java.version: '17.0.19'
Driver info: org.openqa.selenium.remote.RemoteWebDriver
Command: [null, newSession {capabilities=[Capabilities {acceptInsecureCerts: true, browserName: firefox, bstack:options: {buildName: EventHub Selenium BDD-30816..., debug: true, local: false, networkLogs: true, os: Windows, osVersion: 11, projectName: EventHub Selenium BDD, sessionName: selected-firefox-all-parall...}, moz:firefoxOptions: {prefs: {dom.webnotifications.enabled: false, remote.active-protocols: 1, signon.rememberSignons: false}}}]}]
Capabilities {acceptInsecureCerts: true, browserName: firefox, bstack:options: {buildName: EventHub Selenium BDD-30816..., debug: true, local: false, networkLogs: true, os: Windows, osVersion: 11, projectName: EventHub Selenium BDD, sessionName: selected-firefox-all-parall...}, moz:firefoxOptions: {prefs: {dom.webnotifications.enabled: false, remote.active-protocols: 1, signon.rememberSignons: false}}}
[ERROR]   ParallelCucumberTestRunner.runScenario » SessionNotCreated Could not start a new session. Handshake response does not match any supported protocol. Response payload: {"value":{"message":"Automate testing time expired."},"sessionId":"","status":13} 
Host info: host: 'runnervmvrwv9', ip: '10.1.0.17'
Build info: version: '4.45.0', revision: 'cd6a3cd cd6a3cdfca6970f62e5bc8344109d0fe0e2af05e'
System info: os.name: 'Linux', os.arch: 'amd64', os.version: '6.17.0-1020-azure', java.version: '17.0.19'
Driver info: org.openqa.selenium.remote.RemoteWebDriver
Command: [null, newSession {capabilities=[Capabilities {acceptInsecureCerts: true, browserName: firefox, bstack:options: {buildName: EventHub Selenium BDD-30816..., debug: true, local: false, networkLogs: true, os: Windows, osVersion: 11, projectName: EventHub Selenium BDD, sessionName: selected-firefox-all-parall...}, moz:firefoxOptions: {prefs: {dom.webnotifications.enabled: false, remote.active-protocols: 1, signon.rememberSignons: false}}}]}]
Capabilities {acceptInsecureCerts: true, browserName: firefox, bstack:options: {buildName: EventHub Selenium BDD-30816..., debug: true, local: false, networkLogs: true, os: Windows, osVersion: 11, projectName: EventHub Selenium BDD, sessionName: selected-firefox-all-parall...}, moz:firefoxOptions: {prefs: {dom.webnotifications.enabled: false, remote.active-protocols: 1, signon.rememberSignons: false}}}
[INFO] 
[ERROR] Tests run: 73, Failures: 19, Errors: 0, Skipped: 0
[INFO] 
[INFO] ------------------------------------------------------------------------
[INFO] BUILD FAILURE
[INFO] ------------------------------------------------------------------------
[INFO] Total time:  07:13 min
[INFO] Finished at: 2026-08-03T13:13:17Z
[INFO] ------------------------------------------------------------------------
[ERROR] Failed to execute goal org.apache.maven.plugins:maven-surefire-plugin:3.3.1:test (default-test) on project eventhub-selenium-bdd: There are test failures.
[ERROR] 
[ERROR] Please refer to /home/runner/work/EventHub-Selenium-BDD/EventHub-Selenium-BDD/target/surefire-reports for the individual test results.
[ERROR] Please refer to dump files (if any exist) [date].dump, [date]-jvmRun[N].dump and [date].dumpstream.
[ERROR] -> [Help 1]
[ERROR] 
[ERROR] To see the full stack trace of the errors, re-run Maven with the -e switch.
[ERROR] Re-run Maven using the -X switch to enable full debug logging.
[ERROR] 
[ERROR] For more information about the errors and possible solutions, please read the following articles:
[ERROR] [Help 1] http://cwiki.apache.org/confluence/display/MAVEN/MojoFailureException
