[INFO] Scanning for projects...
[INFO] 
[INFO] -----------------< com.eventhub:eventhub-selenium-bdd >-----------------
[INFO] Building EventHub Selenium Java BDD Framework 1.0.0-SNAPSHOT
[INFO]   from pom.xml
[INFO] --------------------------------[ jar ]---------------------------------
[INFO] 
[INFO] --- resources:3.4.0:resources (default-resources) @ eventhub-selenium-bdd ---
[INFO] skip non existing resourceDirectory /home/runner/work/EventHub-Selenium-BDD/EventHub-Selenium-BDD/src/main/resources
[INFO] 
[INFO] --- compiler:3.13.0:compile (default-compile) @ eventhub-selenium-bdd ---
[INFO] Recompiling the module because of changed source code.
[INFO] Compiling 1 source file with javac [debug release 17] to target/classes
[INFO] 
[INFO] --- resources:3.4.0:testResources (default-testResources) @ eventhub-selenium-bdd ---
[INFO] Copying 34 resources from src/test/resources to target/test-classes
[INFO] 
[INFO] --- compiler:3.13.0:testCompile (default-testCompile) @ eventhub-selenium-bdd ---
[INFO] Recompiling the module because of changed dependency.
[INFO] Compiling 50 source files with javac [debug release 17] to target/test-classes
[INFO] 
[INFO] --- surefire:3.3.1:test (default-test) @ eventhub-selenium-bdd ---
[INFO] Using auto detected provider org.apache.maven.surefire.testng.TestNGProvider
[INFO] 
[INFO] -------------------------------------------------------
[INFO]  T E S T S
[INFO] -------------------------------------------------------
[INFO] Running TestSuite

@events @ui @owner-platform @risk-discovery @intent-discovery @impact-events @p0 @smoke @parallel-safe @critical
Scenario: User can view upcoming events    # src/test/resources/features/events/event_discovery.feature:8

@events @ui @owner-platform @risk-discovery @intent-discovery @impact-events @p1 @regression @parallel-safe
Scenario Outline: User can search for events by keyword # src/test/resources/features/events/event_discovery.feature:20
Aug 03, 2026 11:37:18 AM org.openqa.selenium.remote.tracing.opentelemetry.OpenTelemetryTracer createTracer
INFO: Using OpenTelemetry for tracing
      org.openqa.selenium.SessionNotCreatedException: Could not start a new session. Possible causes are invalid address of the remote server or browser start-up failure. 
Host info: host: 'runnervmvrwv9', ip: '10.1.0.223'
	at org.openqa.selenium.remote.RemoteWebDriver.execute(RemoteWebDriver.java:563)
	at org.openqa.selenium.remote.RemoteWebDriver.startSession(RemoteWebDriver.java:245)
	at org.openqa.selenium.remote.RemoteWebDriver.<init>(RemoteWebDriver.java:174)
	at org.openqa.selenium.remote.RemoteWebDriver.<init>(RemoteWebDriver.java:152)
	at com.eventhub.automation.drivers.DriverFactory.createBrowserStackChromeDriver(DriverFactory.java:90)
	at com.eventhub.automation.drivers.DriverFactory.createDriver(DriverFactory.java:41)
	at com.eventhub.automation.drivers.DriverManager.initializeDriver(DriverManager.java:14)
	at com.eventhub.automation.hooks.CucumberHooks.startBrowser(CucumberHooks.java:36)
Caused by: org.openqa.selenium.WebDriverException: selenium jar version is either invalid, wrongly formatted, or not supported. Please refer to http://bit.ly/automate-capabilities
Build info: version: '4.23.1', revision: '656257d8e9'
System info: os.name: 'Linux', os.arch: 'amd64', os.version: '6.17.0-1020-azure', java.version: '17.0.19'
Driver info: driver.version: RemoteWebDriver
remote stacktrace: 
	at java.base/jdk.internal.reflect.NativeConstructorAccessorImpl.newInstance0(Native Method)
	at java.base/jdk.internal.reflect.NativeConstructorAccessorImpl.newInstance(NativeConstructorAccessorImpl.java:77)
	at java.base/jdk.internal.reflect.DelegatingConstructorAccessorImpl.newInstance(DelegatingConstructorAccessorImpl.java:45)
	at java.base/java.lang.reflect.Constructor.newInstanceWithCaller(Constructor.java:500)
	at java.base/java.lang.reflect.Constructor.newInstance(Constructor.java:481)
	at org.openqa.selenium.remote.W3CHandshakeResponse.lambda$errorHandler$0(W3CHandshakeResponse.java:59)
	at org.openqa.selenium.remote.HandshakeResponse.lambda$getResponseFunction$0(HandshakeResponse.java:31)
	at org.openqa.selenium.remote.ProtocolHandshake.lambda$createSession$0(ProtocolHandshake.java:120)
	at java.base/java.util.stream.ReferencePipeline$3$1.accept(ReferencePipeline.java:197)
	at java.base/java.util.stream.Streams$StreamBuilderImpl.tryAdvance(Streams.java:397)
	at java.base/java.util.stream.ReferencePipeline.forEachWithCancel(ReferencePipeline.java:129)
	at java.base/java.util.stream.AbstractPipeline.copyIntoWithCancel(AbstractPipeline.java:527)
	at java.base/java.util.stream.AbstractPipeline.copyInto(AbstractPipeline.java:513)
	at java.base/java.util.stream.AbstractPipeline.wrapAndCopyInto(AbstractPipeline.java:499)
	at java.base/java.util.stream.FindOps$FindOp.evaluateSequential(FindOps.java:150)
	at java.base/java.util.stream.AbstractPipeline.evaluate(AbstractPipeline.java:234)
	at java.base/java.util.stream.ReferencePipeline.findFirst(ReferencePipeline.java:647)
	at org.openqa.selenium.remote.ProtocolHandshake.createSession(ProtocolHandshake.java:122)
	at org.openqa.selenium.remote.ProtocolHandshake.createSession(ProtocolHandshake.java:75)
	at org.openqa.selenium.remote.ProtocolHandshake.createSession(ProtocolHandshake.java:61)
	at org.openqa.selenium.remote.HttpCommandExecutor.execute(HttpCommandExecutor.java:162)
	at org.openqa.selenium.remote.TracedCommandExecutor.execute(TracedCommandExecutor.java:53)
	at org.openqa.selenium.remote.RemoteWebDriver.execute(RemoteWebDriver.java:545)
	at org.openqa.selenium.remote.RemoteWebDriver.startSession(RemoteWebDriver.java:245)
	at org.openqa.selenium.remote.RemoteWebDriver.<init>(RemoteWebDriver.java:174)
	at org.openqa.selenium.remote.RemoteWebDriver.<init>(RemoteWebDriver.java:152)
	at com.eventhub.automation.drivers.DriverFactory.createBrowserStackChromeDriver(DriverFactory.java:90)
	at com.eventhub.automation.drivers.DriverFactory.createDriver(DriverFactory.java:41)
	at com.eventhub.automation.drivers.DriverManager.initializeDriver(DriverManager.java:14)
	at com.eventhub.automation.hooks.CucumberHooks.startBrowser(CucumberHooks.java:36)
	at java.base/jdk.internal.reflect.NativeMethodAccessorImpl.invoke0(Native Method)
	at java.base/jdk.internal.reflect.NativeMethodAccessorImpl.invoke(NativeMethodAccessorImpl.java:77)
	at java.base/jdk.internal.reflect.DelegatingMethodAccessorImpl.invoke(DelegatingMethodAccessorImpl.java:43)
	at java.base/java.lang.reflect.Method.invoke(Method.java:569)
	at io.cucumber.java.Invoker.doInvoke(Invoker.java:66)
	at io.cucumber.java.Invoker.invoke(Invoker.java:24)
	at io.cucumber.java.AbstractGlueDefinition.invokeMethod(AbstractGlueDefinition.java:47)
	at io.cucumber.java.JavaHookDefinition.execute(JavaHookDefinition.java:64)
	at io.cucumber.core.runner.CoreHookDefinition.execute(CoreHookDefinition.java:46)
	at io.cucumber.core.runner.HookDefinitionMatch.runStep(HookDefinitionMatch.java:21)
	at io.cucumber.core.runner.ExecutionMode$1.execute(ExecutionMode.java:10)
	at io.cucumber.core.runner.TestStep.executeStep(TestStep.java:81)
	at io.cucumber.core.runner.TestStep.run(TestStep.java:53)
	at io.cucumber.core.runner.TestCase.run(TestCase.java:78)
	at io.cucumber.core.runner.Runner.runPickle(Runner.java:75)
	at io.cucumber.testng.TestNGCucumberRunner.lambda$runScenario$1(TestNGCucumberRunner.java:132)
	at io.cucumber.core.runtime.CucumberExecutionContext.lambda$runTestCase$5(CucumberExecutionContext.java:136)
	at io.cucumber.core.runtime.RethrowingThrowableCollector.executeAndThrow(RethrowingThrowableCollector.java:23)
	at io.cucumber.core.runtime.CucumberExecutionContext.runTestCase(CucumberExecutionContext.java:136)
	at io.cucumber.testng.TestNGCucumberRunner.runScenario(TestNGCucumberRunner.java:129)
	at io.cucumber.testng.AbstractTestNGCucumberTests.runScenario(AbstractTestNGCucumberTests.java:35)
	at com.eventhub.automation.runners.ParallelCucumberTestRunner.runScenario(ParallelCucumberTestRunner.java:35)
	at java.base/jdk.internal.reflect.NativeMethodAccessorImpl.invoke0(Native Method)
	at java.base/jdk.internal.reflect.NativeMethodAccessorImpl.invoke(NativeMethodAccessorImpl.java:77)
	at java.base/jdk.internal.reflect.DelegatingMethodAccessorImpl.invoke(DelegatingMethodAccessorImpl.java:43)
	at java.base/java.lang.reflect.Method.invoke(Method.java:569)
	at org.testng.internal.invokers.MethodInvocationHelper.invokeMethod(MethodInvocationHelper.java:141)
	at org.testng.internal.invokers.TestInvoker.invokeMethod(TestInvoker.java:686)
	at org.testng.internal.invokers.TestInvoker.invokeTestMethod(TestInvoker.java:230)
	at org.testng.internal.invokers.TestMethodWithDataProviderMethodWorker.call(TestMethodWithDataProviderMethodWorker.java:81)
	at org.testng.internal.thread.Async$AsyncTask.run(Async.java:34)
	at java.base/java.util.concurrent.ThreadPoolExecutor.runWorker(ThreadPoolExecutor.java:1136)
	at java.base/java.util.concurrent.ThreadPoolExecutor$Worker.run(ThreadPoolExecutor.java:635)
	at java.base/java.lang.Thread.run(Thread.java:840)

      org.openqa.selenium.SessionNotCreatedException: Could not start a new session. Possible causes are invalid address of the remote server or browser start-up failure. 
Host info: host: 'runnervmvrwv9', ip: '10.1.0.223'
	at org.openqa.selenium.remote.RemoteWebDriver.execute(RemoteWebDriver.java:563)
	at org.openqa.selenium.remote.RemoteWebDriver.startSession(RemoteWebDriver.java:245)
	at org.openqa.selenium.remote.RemoteWebDriver.<init>(RemoteWebDriver.java:174)
	at org.openqa.selenium.remote.RemoteWebDriver.<init>(RemoteWebDriver.java:152)
	at com.eventhub.automation.drivers.DriverFactory.createBrowserStackChromeDriver(DriverFactory.java:90)
	at com.eventhub.automation.drivers.DriverFactory.createDriver(DriverFactory.java:41)
	at com.eventhub.automation.drivers.DriverManager.initializeDriver(DriverManager.java:14)
	at com.eventhub.automation.hooks.CucumberHooks.startBrowser(CucumberHooks.java:36)
Caused by: org.openqa.selenium.WebDriverException: selenium jar version is either invalid, wrongly formatted, or not supported. Please refer to http://bit.ly/automate-capabilities
Build info: version: '4.23.1', revision: '656257d8e9'
System info: os.name: 'Linux', os.arch: 'amd64', os.version: '6.17.0-1020-azure', java.version: '17.0.19'
Driver info: driver.version: RemoteWebDriver
remote stacktrace: 
	at java.base/jdk.internal.reflect.NativeConstructorAccessorImpl.newInstance0(Native Method)
	at java.base/jdk.internal.reflect.NativeConstructorAccessorImpl.newInstance(NativeConstructorAccessorImpl.java:77)
	at java.base/jdk.internal.reflect.DelegatingConstructorAccessorImpl.newInstance(DelegatingConstructorAccessorImpl.java:45)
	at java.base/java.lang.reflect.Constructor.newInstanceWithCaller(Constructor.java:500)
	at java.base/java.lang.reflect.Constructor.newInstance(Constructor.java:481)
	at org.openqa.selenium.remote.W3CHandshakeResponse.lambda$errorHandler$0(W3CHandshakeResponse.java:59)
	at org.openqa.selenium.remote.HandshakeResponse.lambda$getResponseFunction$0(HandshakeResponse.java:31)
	at org.openqa.selenium.remote.ProtocolHandshake.lambda$createSession$0(ProtocolHandshake.java:120)
	at java.base/java.util.stream.ReferencePipeline$3$1.accept(ReferencePipeline.java:197)
	at java.base/java.util.stream.Streams$StreamBuilderImpl.tryAdvance(Streams.java:397)
	at java.base/java.util.stream.ReferencePipeline.forEachWithCancel(ReferencePipeline.java:129)
	at java.base/java.util.stream.AbstractPipeline.copyIntoWithCancel(AbstractPipeline.java:527)
	at java.base/java.util.stream.AbstractPipeline.copyInto(AbstractPipeline.java:513)
	at java.base/java.util.stream.AbstractPipeline.wrapAndCopyInto(AbstractPipeline.java:499)
	at java.base/java.util.stream.FindOps$FindOp.evaluateSequential(FindOps.java:150)
	at java.base/java.util.stream.AbstractPipeline.evaluate(AbstractPipeline.java:234)
	at java.base/java.util.stream.ReferencePipeline.findFirst(ReferencePipeline.java:647)
	at org.openqa.selenium.remote.ProtocolHandshake.createSession(ProtocolHandshake.java:122)
	at org.openqa.selenium.remote.ProtocolHandshake.createSession(ProtocolHandshake.java:75)
	at org.openqa.selenium.remote.ProtocolHandshake.createSession(ProtocolHandshake.java:61)
	at org.openqa.selenium.remote.HttpCommandExecutor.execute(HttpCommandExecutor.java:162)
	at org.openqa.selenium.remote.TracedCommandExecutor.execute(TracedCommandExecutor.java:53)
	at org.openqa.selenium.remote.RemoteWebDriver.execute(RemoteWebDriver.java:545)
	at org.openqa.selenium.remote.RemoteWebDriver.startSession(RemoteWebDriver.java:245)
	at org.openqa.selenium.remote.RemoteWebDriver.<init>(RemoteWebDriver.java:174)
	at org.openqa.selenium.remote.RemoteWebDriver.<init>(RemoteWebDriver.java:152)
	at com.eventhub.automation.drivers.DriverFactory.createBrowserStackChromeDriver(DriverFactory.java:90)
	at com.eventhub.automation.drivers.DriverFactory.createDriver(DriverFactory.java:41)
	at com.eventhub.automation.drivers.DriverManager.initializeDriver(DriverManager.java:14)
	at com.eventhub.automation.hooks.CucumberHooks.startBrowser(CucumberHooks.java:36)
	at java.base/jdk.internal.reflect.NativeMethodAccessorImpl.invoke0(Native Method)
	at java.base/jdk.internal.reflect.NativeMethodAccessorImpl.invoke(NativeMethodAccessorImpl.java:77)
	at java.base/jdk.internal.reflect.DelegatingMethodAccessorImpl.invoke(DelegatingMethodAccessorImpl.java:43)
	at java.base/java.lang.reflect.Method.invoke(Method.java:569)
	at io.cucumber.java.Invoker.doInvoke(Invoker.java:66)
	at io.cucumber.java.Invoker.invoke(Invoker.java:24)
	at io.cucumber.java.AbstractGlueDefinition.invokeMethod(AbstractGlueDefinition.java:47)
	at io.cucumber.java.JavaHookDefinition.execute(JavaHookDefinition.java:64)
	at io.cucumber.core.runner.CoreHookDefinition.execute(CoreHookDefinition.java:46)
	at io.cucumber.core.runner.HookDefinitionMatch.runStep(HookDefinitionMatch.java:21)
	at io.cucumber.core.runner.ExecutionMode$1.execute(ExecutionMode.java:10)
	at io.cucumber.core.runner.TestStep.executeStep(TestStep.java:81)
	at io.cucumber.core.runner.TestStep.run(TestStep.java:53)
	at io.cucumber.core.runner.TestCase.run(TestCase.java:78)
	at io.cucumber.core.runner.Runner.runPickle(Runner.java:75)
	at io.cucumber.testng.TestNGCucumberRunner.lambda$runScenario$1(TestNGCucumberRunner.java:132)
	at io.cucumber.core.runtime.CucumberExecutionContext.lambda$runTestCase$5(CucumberExecutionContext.java:136)
	at io.cucumber.core.runtime.RethrowingThrowableCollector.executeAndThrow(RethrowingThrowableCollector.java:23)
	at io.cucumber.core.runtime.CucumberExecutionContext.runTestCase(CucumberExecutionContext.java:136)
	at io.cucumber.testng.TestNGCucumberRunner.runScenario(TestNGCucumberRunner.java:129)
	at io.cucumber.testng.AbstractTestNGCucumberTests.runScenario(AbstractTestNGCucumberTests.java:35)
	at com.eventhub.automation.runners.ParallelCucumberTestRunner.runScenario(ParallelCucumberTestRunner.java:35)
	at java.base/jdk.internal.reflect.NativeMethodAccessorImpl.invoke0(Native Method)
	at java.base/jdk.internal.reflect.NativeMethodAccessorImpl.invoke(NativeMethodAccessorImpl.java:77)
	at java.base/jdk.internal.reflect.DelegatingMethodAccessorImpl.invoke(DelegatingMethodAccessorImpl.java:43)
	at java.base/java.lang.reflect.Method.invoke(Method.java:569)
	at org.testng.internal.invokers.MethodInvocationHelper.invokeMethod(MethodInvocationHelper.java:141)
	at org.testng.internal.invokers.TestInvoker.invokeMethod(TestInvoker.java:686)
	at org.testng.internal.invokers.TestInvoker.invokeTestMethod(TestInvoker.java:230)
	at org.testng.internal.invokers.TestMethodWithDataProviderMethodWorker.call(TestMethodWithDataProviderMethodWorker.java:81)
	at org.testng.internal.thread.Async$AsyncTask.run(Async.java:34)
	at java.base/java.util.concurrent.ThreadPoolExecutor.runWorker(ThreadPoolExecutor.java:1136)
	at java.base/java.util.concurrent.ThreadPoolExecutor$Worker.run(ThreadPoolExecutor.java:635)
	at java.base/java.lang.Thread.run(Thread.java:840)

  Given I am signed in to EventHub         # com.eventhub.automation.steps.AuthSteps.iAmSignedInToEventHub()
  When I open the Events page              # com.eventhub.automation.steps.EventSteps.iOpenTheEventsPage()
  Then I should see seeded upcoming events # com.eventhub.automation.steps.EventSteps.iShouldSeeSeededUpcomingEvents()
  Given I am signed in to EventHub                      # com.eventhub.automation.steps.AuthSteps.iAmSignedInToEventHub()
  When I open the Events page                           # com.eventhub.automation.steps.EventSteps.iOpenTheEventsPage()
  And I search events for "Dilli Diwali Mela"           # com.eventhub.automation.steps.EventSteps.iSearchEventsFor(java.lang.String)
      com.eventhub.automation.exceptions.FrameworkException: WebDriver was not initialized for this thread.
	at com.eventhub.automation.drivers.DriverManager.getDriver(DriverManager.java:21)
	at com.eventhub.automation.utils.ScreenshotUtils.captureBytes(ScreenshotUtils.java:39)
	at com.eventhub.automation.hooks.CucumberHooks.stopBrowser(CucumberHooks.java:43)

  Then I should see event "Dilli Diwali Mela"           # com.eventhub.automation.steps.EventSteps.iShouldSeeEvent(java.lang.String)
      com.eventhub.automation.exceptions.FrameworkException: WebDriver was not initialized for this thread.
	at com.eventhub.automation.drivers.DriverManager.getDriver(DriverManager.java:21)
	at com.eventhub.automation.utils.ScreenshotUtils.captureBytes(ScreenshotUtils.java:39)
	at com.eventhub.automation.hooks.CucumberHooks.stopBrowser(CucumberHooks.java:43)


@events @ui @owner-platform @risk-discovery @intent-discovery @impact-events @p1 @regression @parallel-safe
Scenario Outline: User can search for events by keyword # src/test/resources/features/events/event_discovery.feature:21

@events @ui @owner-platform @risk-discovery @intent-discovery @impact-events @p1 @regression @parallel-safe
Scenario Outline: User can search for events by keyword # src/test/resources/features/events/event_discovery.feature:22
      org.openqa.selenium.SessionNotCreatedException: Could not start a new session. Possible causes are invalid address of the remote server or browser start-up failure. 
Host info: host: 'runnervmvrwv9', ip: '10.1.0.223'
	at org.openqa.selenium.remote.RemoteWebDriver.execute(RemoteWebDriver.java:563)
	at org.openqa.selenium.remote.RemoteWebDriver.startSession(RemoteWebDriver.java:245)
	at org.openqa.selenium.remote.RemoteWebDriver.<init>(RemoteWebDriver.java:174)
	at org.openqa.selenium.remote.RemoteWebDriver.<init>(RemoteWebDriver.java:152)
	at com.eventhub.automation.drivers.DriverFactory.createBrowserStackChromeDriver(DriverFactory.java:90)
	at com.eventhub.automation.drivers.DriverFactory.createDriver(DriverFactory.java:41)
	at com.eventhub.automation.drivers.DriverManager.initializeDriver(DriverManager.java:14)
	at com.eventhub.automation.hooks.CucumberHooks.startBrowser(CucumberHooks.java:36)
Caused by: org.openqa.selenium.WebDriverException: selenium jar version is either invalid, wrongly formatted, or not supported. Please refer to http://bit.ly/automate-capabilities
Build info: version: '4.23.1', revision: '656257d8e9'
System info: os.name: 'Linux', os.arch: 'amd64', os.version: '6.17.0-1020-azure', java.version: '17.0.19'
Driver info: driver.version: RemoteWebDriver
remote stacktrace: 
	at java.base/jdk.internal.reflect.NativeConstructorAccessorImpl.newInstance0(Native Method)
	at java.base/jdk.internal.reflect.NativeConstructorAccessorImpl.newInstance(NativeConstructorAccessorImpl.java:77)
	at java.base/jdk.internal.reflect.DelegatingConstructorAccessorImpl.newInstance(DelegatingConstructorAccessorImpl.java:45)
	at java.base/java.lang.reflect.Constructor.newInstanceWithCaller(Constructor.java:500)
	at java.base/java.lang.reflect.Constructor.newInstance(Constructor.java:481)
	at org.openqa.selenium.remote.W3CHandshakeResponse.lambda$errorHandler$0(W3CHandshakeResponse.java:59)
	at org.openqa.selenium.remote.HandshakeResponse.lambda$getResponseFunction$0(HandshakeResponse.java:31)
	at org.openqa.selenium.remote.ProtocolHandshake.lambda$createSession$0(ProtocolHandshake.java:120)
	at java.base/java.util.stream.ReferencePipeline$3$1.accept(ReferencePipeline.java:197)
	at java.base/java.util.stream.Streams$StreamBuilderImpl.tryAdvance(Streams.java:397)
	at java.base/java.util.stream.ReferencePipeline.forEachWithCancel(ReferencePipeline.java:129)
	at java.base/java.util.stream.AbstractPipeline.copyIntoWithCancel(AbstractPipeline.java:527)
	at java.base/java.util.stream.AbstractPipeline.copyInto(AbstractPipeline.java:513)
	at java.base/java.util.stream.AbstractPipeline.wrapAndCopyInto(AbstractPipeline.java:499)
	at java.base/java.util.stream.FindOps$FindOp.evaluateSequential(FindOps.java:150)
	at java.base/java.util.stream.AbstractPipeline.evaluate(AbstractPipeline.java:234)
	at java.base/java.util.stream.ReferencePipeline.findFirst(ReferencePipeline.java:647)
	at org.openqa.selenium.remote.ProtocolHandshake.createSession(ProtocolHandshake.java:122)
	at org.openqa.selenium.remote.ProtocolHandshake.createSession(ProtocolHandshake.java:75)
	at org.openqa.selenium.remote.ProtocolHandshake.createSession(ProtocolHandshake.java:61)
	at org.openqa.selenium.remote.HttpCommandExecutor.execute(HttpCommandExecutor.java:162)
	at org.openqa.selenium.remote.TracedCommandExecutor.execute(TracedCommandExecutor.java:53)
	at org.openqa.selenium.remote.RemoteWebDriver.execute(RemoteWebDriver.java:545)
	at org.openqa.selenium.remote.RemoteWebDriver.startSession(RemoteWebDriver.java:245)
	at org.openqa.selenium.remote.RemoteWebDriver.<init>(RemoteWebDriver.java:174)
	at org.openqa.selenium.remote.RemoteWebDriver.<init>(RemoteWebDriver.java:152)
	at com.eventhub.automation.drivers.DriverFactory.createBrowserStackChromeDriver(DriverFactory.java:90)
	at com.eventhub.automation.drivers.DriverFactory.createDriver(DriverFactory.java:41)
	at com.eventhub.automation.drivers.DriverManager.initializeDriver(DriverManager.java:14)
	at com.eventhub.automation.hooks.CucumberHooks.startBrowser(CucumberHooks.java:36)
	at java.base/jdk.internal.reflect.NativeMethodAccessorImpl.invoke0(Native Method)
	at java.base/jdk.internal.reflect.NativeMethodAccessorImpl.invoke(NativeMethodAccessorImpl.java:77)
	at java.base/jdk.internal.reflect.DelegatingMethodAccessorImpl.invoke(DelegatingMethodAccessorImpl.java:43)
	at java.base/java.lang.reflect.Method.invoke(Method.java:569)
	at io.cucumber.java.Invoker.doInvoke(Invoker.java:66)
	at io.cucumber.java.Invoker.invoke(Invoker.java:24)
	at io.cucumber.java.AbstractGlueDefinition.invokeMethod(AbstractGlueDefinition.java:47)
	at io.cucumber.java.JavaHookDefinition.execute(JavaHookDefinition.java:64)
	at io.cucumber.core.runner.CoreHookDefinition.execute(CoreHookDefinition.java:46)
	at io.cucumber.core.runner.HookDefinitionMatch.runStep(HookDefinitionMatch.java:21)
	at io.cucumber.core.runner.ExecutionMode$1.execute(ExecutionMode.java:10)
	at io.cucumber.core.runner.TestStep.executeStep(TestStep.java:81)
	at io.cucumber.core.runner.TestStep.run(TestStep.java:53)
	at io.cucumber.core.runner.TestCase.run(TestCase.java:78)
	at io.cucumber.core.runner.Runner.runPickle(Runner.java:75)
	at io.cucumber.testng.TestNGCucumberRunner.lambda$runScenario$1(TestNGCucumberRunner.java:132)
	at io.cucumber.core.runtime.CucumberExecutionContext.lambda$runTestCase$5(CucumberExecutionContext.java:136)
	at io.cucumber.core.runtime.RethrowingThrowableCollector.executeAndThrow(RethrowingThrowableCollector.java:23)
	at io.cucumber.core.runtime.CucumberExecutionContext.runTestCase(CucumberExecutionContext.java:136)
	at io.cucumber.testng.TestNGCucumberRunner.runScenario(TestNGCucumberRunner.java:129)
	at io.cucumber.testng.AbstractTestNGCucumberTests.runScenario(AbstractTestNGCucumberTests.java:35)
	at com.eventhub.automation.runners.ParallelCucumberTestRunner.runScenario(ParallelCucumberTestRunner.java:35)
	at java.base/jdk.internal.reflect.NativeMethodAccessorImpl.invoke0(Native Method)
	at java.base/jdk.internal.reflect.NativeMethodAccessorImpl.invoke(NativeMethodAccessorImpl.java:77)
	at java.base/jdk.internal.reflect.DelegatingMethodAccessorImpl.invoke(DelegatingMethodAccessorImpl.java:43)
	at java.base/java.lang.reflect.Method.invoke(Method.java:569)
	at org.testng.internal.invokers.MethodInvocationHelper.invokeMethod(MethodInvocationHelper.java:141)
	at org.testng.internal.invokers.TestInvoker.invokeMethod(TestInvoker.java:686)
	at org.testng.internal.invokers.TestInvoker.invokeTestMethod(TestInvoker.java:230)
	at org.testng.internal.invokers.TestMethodWithDataProviderMethodWorker.call(TestMethodWithDataProviderMethodWorker.java:81)
	at org.testng.internal.thread.Async$AsyncTask.run(Async.java:34)
	at java.base/java.util.concurrent.ThreadPoolExecutor.runWorker(ThreadPoolExecutor.java:1136)
	at java.base/java.util.concurrent.ThreadPoolExecutor$Worker.run(ThreadPoolExecutor.java:635)
	at java.base/java.lang.Thread.run(Thread.java:840)

  Given I am signed in to EventHub                      # com.eventhub.automation.steps.AuthSteps.iAmSignedInToEventHub()
  When I open the Events page                           # com.eventhub.automation.steps.EventSteps.iOpenTheEventsPage()
  And I search events for "Pragati Maidan"              # com.eventhub.automation.steps.EventSteps.iSearchEventsFor(java.lang.String)
  Then I should see event "Dilli Diwali Mela"           # com.eventhub.automation.steps.EventSteps.iShouldSeeEvent(java.lang.String)
      com.eventhub.automation.exceptions.FrameworkException: WebDriver was not initialized for this thread.
	at com.eventhub.automation.drivers.DriverManager.getDriver(DriverManager.java:21)
	at com.eventhub.automation.utils.ScreenshotUtils.captureBytes(ScreenshotUtils.java:39)
	at com.eventhub.automation.hooks.CucumberHooks.stopBrowser(CucumberHooks.java:43)


@events @ui @owner-platform @risk-discovery @intent-discovery @impact-events @p1 @regression @parallel-safe
Scenario: User can search for an event by title and exclude unrelated cards # src/test/resources/features/events/event_discovery.feature:25
      org.openqa.selenium.SessionNotCreatedException: Could not start a new session. Possible causes are invalid address of the remote server or browser start-up failure. 
Host info: host: 'runnervmvrwv9', ip: '10.1.0.223'
	at org.openqa.selenium.remote.RemoteWebDriver.execute(RemoteWebDriver.java:563)
	at org.openqa.selenium.remote.RemoteWebDriver.startSession(RemoteWebDriver.java:245)
	at org.openqa.selenium.remote.RemoteWebDriver.<init>(RemoteWebDriver.java:174)
	at org.openqa.selenium.remote.RemoteWebDriver.<init>(RemoteWebDriver.java:152)
	at com.eventhub.automation.drivers.DriverFactory.createBrowserStackChromeDriver(DriverFactory.java:90)
	at com.eventhub.automation.drivers.DriverFactory.createDriver(DriverFactory.java:41)
	at com.eventhub.automation.drivers.DriverManager.initializeDriver(DriverManager.java:14)
	at com.eventhub.automation.hooks.CucumberHooks.startBrowser(CucumberHooks.java:36)
Caused by: org.openqa.selenium.WebDriverException: selenium jar version is either invalid, wrongly formatted, or not supported. Please refer to http://bit.ly/automate-capabilities
Build info: version: '4.23.1', revision: '656257d8e9'
System info: os.name: 'Linux', os.arch: 'amd64', os.version: '6.17.0-1020-azure', java.version: '17.0.19'
Driver info: driver.version: RemoteWebDriver
remote stacktrace: 
	at java.base/jdk.internal.reflect.NativeConstructorAccessorImpl.newInstance0(Native Method)
	at java.base/jdk.internal.reflect.NativeConstructorAccessorImpl.newInstance(NativeConstructorAccessorImpl.java:77)
	at java.base/jdk.internal.reflect.DelegatingConstructorAccessorImpl.newInstance(DelegatingConstructorAccessorImpl.java:45)
	at java.base/java.lang.reflect.Constructor.newInstanceWithCaller(Constructor.java:500)
	at java.base/java.lang.reflect.Constructor.newInstance(Constructor.java:481)
	at org.openqa.selenium.remote.W3CHandshakeResponse.lambda$errorHandler$0(W3CHandshakeResponse.java:59)
	at org.openqa.selenium.remote.HandshakeResponse.lambda$getResponseFunction$0(HandshakeResponse.java:31)
	at org.openqa.selenium.remote.ProtocolHandshake.lambda$createSession$0(ProtocolHandshake.java:120)
	at java.base/java.util.stream.ReferencePipeline$3$1.accept(ReferencePipeline.java:197)
	at java.base/java.util.stream.Streams$StreamBuilderImpl.tryAdvance(Streams.java:397)
	at java.base/java.util.stream.ReferencePipeline.forEachWithCancel(ReferencePipeline.java:129)
	at java.base/java.util.stream.AbstractPipeline.copyIntoWithCancel(AbstractPipeline.java:527)
	at java.base/java.util.stream.AbstractPipeline.copyInto(AbstractPipeline.java:513)
	at java.base/java.util.stream.AbstractPipeline.wrapAndCopyInto(AbstractPipeline.java:499)
	at java.base/java.util.stream.FindOps$FindOp.evaluateSequential(FindOps.java:150)
	at java.base/java.util.stream.AbstractPipeline.evaluate(AbstractPipeline.java:234)
	at java.base/java.util.stream.ReferencePipeline.findFirst(ReferencePipeline.java:647)
	at org.openqa.selenium.remote.ProtocolHandshake.createSession(ProtocolHandshake.java:122)
	at org.openqa.selenium.remote.ProtocolHandshake.createSession(ProtocolHandshake.java:75)
	at org.openqa.selenium.remote.ProtocolHandshake.createSession(ProtocolHandshake.java:61)
	at org.openqa.selenium.remote.HttpCommandExecutor.execute(HttpCommandExecutor.java:162)
	at org.openqa.selenium.remote.TracedCommandExecutor.execute(TracedCommandExecutor.java:53)
	at org.openqa.selenium.remote.RemoteWebDriver.execute(RemoteWebDriver.java:545)
	at org.openqa.selenium.remote.RemoteWebDriver.startSession(RemoteWebDriver.java:245)
	at org.openqa.selenium.remote.RemoteWebDriver.<init>(RemoteWebDriver.java:174)
	at org.openqa.selenium.remote.RemoteWebDriver.<init>(RemoteWebDriver.java:152)
	at com.eventhub.automation.drivers.DriverFactory.createBrowserStackChromeDriver(DriverFactory.java:90)
	at com.eventhub.automation.drivers.DriverFactory.createDriver(DriverFactory.java:41)
	at com.eventhub.automation.drivers.DriverManager.initializeDriver(DriverManager.java:14)
	at com.eventhub.automation.hooks.CucumberHooks.startBrowser(CucumberHooks.java:36)
	at java.base/jdk.internal.reflect.NativeMethodAccessorImpl.invoke0(Native Method)
	at java.base/jdk.internal.reflect.NativeMethodAccessorImpl.invoke(NativeMethodAccessorImpl.java:77)
	at java.base/jdk.internal.reflect.DelegatingMethodAccessorImpl.invoke(DelegatingMethodAccessorImpl.java:43)
	at java.base/java.lang.reflect.Method.invoke(Method.java:569)
	at io.cucumber.java.Invoker.doInvoke(Invoker.java:66)
	at io.cucumber.java.Invoker.invoke(Invoker.java:24)
	at io.cucumber.java.AbstractGlueDefinition.invokeMethod(AbstractGlueDefinition.java:47)
	at io.cucumber.java.JavaHookDefinition.execute(JavaHookDefinition.java:64)
	at io.cucumber.core.runner.CoreHookDefinition.execute(CoreHookDefinition.java:46)
	at io.cucumber.core.runner.HookDefinitionMatch.runStep(HookDefinitionMatch.java:21)
	at io.cucumber.core.runner.ExecutionMode$1.execute(ExecutionMode.java:10)
	at io.cucumber.core.runner.TestStep.executeStep(TestStep.java:81)
	at io.cucumber.core.runner.TestStep.run(TestStep.java:53)
	at io.cucumber.core.runner.TestCase.run(TestCase.java:78)
	at io.cucumber.core.runner.Runner.runPickle(Runner.java:75)
	at io.cucumber.testng.TestNGCucumberRunner.lambda$runScenario$1(TestNGCucumberRunner.java:132)
	at io.cucumber.core.runtime.CucumberExecutionContext.lambda$runTestCase$5(CucumberExecutionContext.java:136)
	at io.cucumber.core.runtime.RethrowingThrowableCollector.executeAndThrow(RethrowingThrowableCollector.java:23)
	at io.cucumber.core.runtime.CucumberExecutionContext.runTestCase(CucumberExecutionContext.java:136)
	at io.cucumber.testng.TestNGCucumberRunner.runScenario(TestNGCucumberRunner.java:129)
	at io.cucumber.testng.AbstractTestNGCucumberTests.runScenario(AbstractTestNGCucumberTests.java:35)
	at com.eventhub.automation.runners.ParallelCucumberTestRunner.runScenario(ParallelCucumberTestRunner.java:35)
	at java.base/jdk.internal.reflect.NativeMethodAccessorImpl.invoke0(Native Method)
	at java.base/jdk.internal.reflect.NativeMethodAccessorImpl.invoke(NativeMethodAccessorImpl.java:77)
	at java.base/jdk.internal.reflect.DelegatingMethodAccessorImpl.invoke(DelegatingMethodAccessorImpl.java:43)
	at java.base/java.lang.reflect.Method.invoke(Method.java:569)
	at org.testng.internal.invokers.MethodInvocationHelper.invokeMethod(MethodInvocationHelper.java:141)
	at org.testng.internal.invokers.TestInvoker.invokeMethod(TestInvoker.java:686)
	at org.testng.internal.invokers.TestInvoker.invokeTestMethod(TestInvoker.java:230)
	at org.testng.internal.invokers.TestMethodWithDataProviderMethodWorker.call(TestMethodWithDataProviderMethodWorker.java:81)
	at org.testng.internal.thread.Async$AsyncTask.run(Async.java:34)
	at java.base/java.util.concurrent.ThreadPoolExecutor.runWorker(ThreadPoolExecutor.java:1136)
	at java.base/java.util.concurrent.ThreadPoolExecutor$Worker.run(ThreadPoolExecutor.java:635)
	at java.base/java.lang.Thread.run(Thread.java:840)

  Given I am signed in to EventHub                      # com.eventhub.automation.steps.AuthSteps.iAmSignedInToEventHub()
  When I open the Events page                           # com.eventhub.automation.steps.EventSteps.iOpenTheEventsPage()
  And I search events for "World Tech Summit"           # com.eventhub.automation.steps.EventSteps.iSearchEventsFor(java.lang.String)
  Then I should see event "World Tech Summit"           # com.eventhub.automation.steps.EventSteps.iShouldSeeEvent(java.lang.String)
      com.eventhub.automation.exceptions.FrameworkException: WebDriver was not initialized for this thread.
	at com.eventhub.automation.drivers.DriverManager.getDriver(DriverManager.java:21)
	at com.eventhub.automation.utils.ScreenshotUtils.captureBytes(ScreenshotUtils.java:39)
	at com.eventhub.automation.hooks.CucumberHooks.stopBrowser(CucumberHooks.java:43)


@events @ui @owner-platform @risk-discovery @intent-discovery @impact-events @p1 @regression @parallel-safe
Scenario: User can filter events by city and category # src/test/resources/features/events/event_discovery.feature:32
      org.openqa.selenium.SessionNotCreatedException: Could not start a new session. Possible causes are invalid address of the remote server or browser start-up failure. 
Host info: host: 'runnervmvrwv9', ip: '10.1.0.223'
	at org.openqa.selenium.remote.RemoteWebDriver.execute(RemoteWebDriver.java:563)
	at org.openqa.selenium.remote.RemoteWebDriver.startSession(RemoteWebDriver.java:245)
	at org.openqa.selenium.remote.RemoteWebDriver.<init>(RemoteWebDriver.java:174)
	at org.openqa.selenium.remote.RemoteWebDriver.<init>(RemoteWebDriver.java:152)
	at com.eventhub.automation.drivers.DriverFactory.createBrowserStackChromeDriver(DriverFactory.java:90)
	at com.eventhub.automation.drivers.DriverFactory.createDriver(DriverFactory.java:41)
	at com.eventhub.automation.drivers.DriverManager.initializeDriver(DriverManager.java:14)
	at com.eventhub.automation.hooks.CucumberHooks.startBrowser(CucumberHooks.java:36)
Caused by: org.openqa.selenium.WebDriverException: selenium jar version is either invalid, wrongly formatted, or not supported. Please refer to http://bit.ly/automate-capabilities
Build info: version: '4.23.1', revision: '656257d8e9'
System info: os.name: 'Linux', os.arch: 'amd64', os.version: '6.17.0-1020-azure', java.version: '17.0.19'
Driver info: driver.version: RemoteWebDriver
remote stacktrace: 
	at java.base/jdk.internal.reflect.NativeConstructorAccessorImpl.newInstance0(Native Method)
	at java.base/jdk.internal.reflect.NativeConstructorAccessorImpl.newInstance(NativeConstructorAccessorImpl.java:77)
	at java.base/jdk.internal.reflect.DelegatingConstructorAccessorImpl.newInstance(DelegatingConstructorAccessorImpl.java:45)
	at java.base/java.lang.reflect.Constructor.newInstanceWithCaller(Constructor.java:500)
	at java.base/java.lang.reflect.Constructor.newInstance(Constructor.java:481)
	at org.openqa.selenium.remote.W3CHandshakeResponse.lambda$errorHandler$0(W3CHandshakeResponse.java:59)
	at org.openqa.selenium.remote.HandshakeResponse.lambda$getResponseFunction$0(HandshakeResponse.java:31)
	at org.openqa.selenium.remote.ProtocolHandshake.lambda$createSession$0(ProtocolHandshake.java:120)
	at java.base/java.util.stream.ReferencePipeline$3$1.accept(ReferencePipeline.java:197)
	at java.base/java.util.stream.Streams$StreamBuilderImpl.tryAdvance(Streams.java:397)
	at java.base/java.util.stream.ReferencePipeline.forEachWithCancel(ReferencePipeline.java:129)
	at java.base/java.util.stream.AbstractPipeline.copyIntoWithCancel(AbstractPipeline.java:527)
	at java.base/java.util.stream.AbstractPipeline.copyInto(AbstractPipeline.java:513)
	at java.base/java.util.stream.AbstractPipeline.wrapAndCopyInto(AbstractPipeline.java:499)
	at java.base/java.util.stream.FindOps$FindOp.evaluateSequential(FindOps.java:150)
	at java.base/java.util.stream.AbstractPipeline.evaluate(AbstractPipeline.java:234)
	at java.base/java.util.stream.ReferencePipeline.findFirst(ReferencePipeline.java:647)
	at org.openqa.selenium.remote.ProtocolHandshake.createSession(ProtocolHandshake.java:122)
	at org.openqa.selenium.remote.ProtocolHandshake.createSession(ProtocolHandshake.java:75)
	at org.openqa.selenium.remote.ProtocolHandshake.createSession(ProtocolHandshake.java:61)
	at org.openqa.selenium.remote.HttpCommandExecutor.execute(HttpCommandExecutor.java:162)
	at org.openqa.selenium.remote.TracedCommandExecutor.execute(TracedCommandExecutor.java:53)
	at org.openqa.selenium.remote.RemoteWebDriver.execute(RemoteWebDriver.java:545)
	at org.openqa.selenium.remote.RemoteWebDriver.startSession(RemoteWebDriver.java:245)
	at org.openqa.selenium.remote.RemoteWebDriver.<init>(RemoteWebDriver.java:174)
	at org.openqa.selenium.remote.RemoteWebDriver.<init>(RemoteWebDriver.java:152)
	at com.eventhub.automation.drivers.DriverFactory.createBrowserStackChromeDriver(DriverFactory.java:90)
	at com.eventhub.automation.drivers.DriverFactory.createDriver(DriverFactory.java:41)
	at com.eventhub.automation.drivers.DriverManager.initializeDriver(DriverManager.java:14)
	at com.eventhub.automation.hooks.CucumberHooks.startBrowser(CucumberHooks.java:36)
	at java.base/jdk.internal.reflect.NativeMethodAccessorImpl.invoke0(Native Method)
	at java.base/jdk.internal.reflect.NativeMethodAccessorImpl.invoke(NativeMethodAccessorImpl.java:77)
	at java.base/jdk.internal.reflect.DelegatingMethodAccessorImpl.invoke(DelegatingMethodAccessorImpl.java:43)
	at java.base/java.lang.reflect.Method.invoke(Method.java:569)
	at io.cucumber.java.Invoker.doInvoke(Invoker.java:66)
	at io.cucumber.java.Invoker.invoke(Invoker.java:24)
	at io.cucumber.java.AbstractGlueDefinition.invokeMethod(AbstractGlueDefinition.java:47)
	at io.cucumber.java.JavaHookDefinition.execute(JavaHookDefinition.java:64)
	at io.cucumber.core.runner.CoreHookDefinition.execute(CoreHookDefinition.java:46)
	at io.cucumber.core.runner.HookDefinitionMatch.runStep(HookDefinitionMatch.java:21)
	at io.cucumber.core.runner.ExecutionMode$1.execute(ExecutionMode.java:10)
	at io.cucumber.core.runner.TestStep.executeStep(TestStep.java:81)
	at io.cucumber.core.runner.TestStep.run(TestStep.java:53)
	at io.cucumber.core.runner.TestCase.run(TestCase.java:78)
	at io.cucumber.core.runner.Runner.runPickle(Runner.java:75)
	at io.cucumber.testng.TestNGCucumberRunner.lambda$runScenario$1(TestNGCucumberRunner.java:132)
	at io.cucumber.core.runtime.CucumberExecutionContext.lambda$runTestCase$5(CucumberExecutionContext.java:136)
	at io.cucumber.core.runtime.RethrowingThrowableCollector.executeAndThrow(RethrowingThrowableCollector.java:23)
	at io.cucumber.core.runtime.CucumberExecutionContext.runTestCase(CucumberExecutionContext.java:136)
	at io.cucumber.testng.TestNGCucumberRunner.runScenario(TestNGCucumberRunner.java:129)
	at io.cucumber.testng.AbstractTestNGCucumberTests.runScenario(AbstractTestNGCucumberTests.java:35)
	at com.eventhub.automation.runners.ParallelCucumberTestRunner.runScenario(ParallelCucumberTestRunner.java:35)
	at java.base/jdk.internal.reflect.NativeMethodAccessorImpl.invoke0(Native Method)
	at java.base/jdk.internal.reflect.NativeMethodAccessorImpl.invoke(NativeMethodAccessorImpl.java:77)
	at java.base/jdk.internal.reflect.DelegatingMethodAccessorImpl.invoke(DelegatingMethodAccessorImpl.java:43)
	at java.base/java.lang.reflect.Method.invoke(Method.java:569)
	at org.testng.internal.invokers.MethodInvocationHelper.invokeMethod(MethodInvocationHelper.java:141)
	at org.testng.internal.invokers.TestInvoker.invokeMethod(TestInvoker.java:686)
	at org.testng.internal.invokers.TestInvoker.invokeTestMethod(TestInvoker.java:230)
	at org.testng.internal.invokers.TestMethodWithDataProviderMethodWorker.call(TestMethodWithDataProviderMethodWorker.java:81)
	at org.testng.internal.thread.Async$AsyncTask.run(Async.java:34)
	at java.base/java.util.concurrent.ThreadPoolExecutor.runWorker(ThreadPoolExecutor.java:1136)
	at java.base/java.util.concurrent.ThreadPoolExecutor$Worker.run(ThreadPoolExecutor.java:635)
	at java.base/java.lang.Thread.run(Thread.java:840)

  Given I am signed in to EventHub                                          # com.eventhub.automation.steps.AuthSteps.iAmSignedInToEventHub()
  When I open the Events page                                               # com.eventhub.automation.steps.EventSteps.iOpenTheEventsPage()
  And I search events for "Dilli Diwali Mela"                               # com.eventhub.automation.steps.EventSteps.iSearchEventsFor(java.lang.String)
  Then I should see event "Dilli Diwali Mela"                               # com.eventhub.automation.steps.EventSteps.iShouldSeeEvent(java.lang.String)
  And I should not see event "World Tech Summit"                            # com.eventhub.automation.steps.EventSteps.iShouldNotSeeEvent(java.lang.String)
      com.eventhub.automation.exceptions.FrameworkException: WebDriver was not initialized for this thread.
	at com.eventhub.automation.drivers.DriverManager.getDriver(DriverManager.java:21)
	at com.eventhub.automation.utils.ScreenshotUtils.captureBytes(ScreenshotUtils.java:39)
	at com.eventhub.automation.hooks.CucumberHooks.stopBrowser(CucumberHooks.java:43)


@events @ui @owner-platform @risk-discovery @intent-discovery @impact-events @p1 @regression @parallel-safe
Scenario: User can clear filters and restore the event list # src/test/resources/features/events/event_discovery.feature:39
      org.openqa.selenium.SessionNotCreatedException: Could not start a new session. Possible causes are invalid address of the remote server or browser start-up failure. 
Host info: host: 'runnervmvrwv9', ip: '10.1.0.223'
	at org.openqa.selenium.remote.RemoteWebDriver.execute(RemoteWebDriver.java:563)
	at org.openqa.selenium.remote.RemoteWebDriver.startSession(RemoteWebDriver.java:245)
	at org.openqa.selenium.remote.RemoteWebDriver.<init>(RemoteWebDriver.java:174)
	at org.openqa.selenium.remote.RemoteWebDriver.<init>(RemoteWebDriver.java:152)
	at com.eventhub.automation.drivers.DriverFactory.createBrowserStackChromeDriver(DriverFactory.java:90)
	at com.eventhub.automation.drivers.DriverFactory.createDriver(DriverFactory.java:41)
	at com.eventhub.automation.drivers.DriverManager.initializeDriver(DriverManager.java:14)
	at com.eventhub.automation.hooks.CucumberHooks.startBrowser(CucumberHooks.java:36)
Caused by: org.openqa.selenium.WebDriverException: selenium jar version is either invalid, wrongly formatted, or not supported. Please refer to http://bit.ly/automate-capabilities
Build info: version: '4.23.1', revision: '656257d8e9'
System info: os.name: 'Linux', os.arch: 'amd64', os.version: '6.17.0-1020-azure', java.version: '17.0.19'
Driver info: driver.version: RemoteWebDriver
remote stacktrace: 
	at java.base/jdk.internal.reflect.NativeConstructorAccessorImpl.newInstance0(Native Method)
	at java.base/jdk.internal.reflect.NativeConstructorAccessorImpl.newInstance(NativeConstructorAccessorImpl.java:77)
	at java.base/jdk.internal.reflect.DelegatingConstructorAccessorImpl.newInstance(DelegatingConstructorAccessorImpl.java:45)
	at java.base/java.lang.reflect.Constructor.newInstanceWithCaller(Constructor.java:500)
	at java.base/java.lang.reflect.Constructor.newInstance(Constructor.java:481)
	at org.openqa.selenium.remote.W3CHandshakeResponse.lambda$errorHandler$0(W3CHandshakeResponse.java:59)
	at org.openqa.selenium.remote.HandshakeResponse.lambda$getResponseFunction$0(HandshakeResponse.java:31)
	at org.openqa.selenium.remote.ProtocolHandshake.lambda$createSession$0(ProtocolHandshake.java:120)
	at java.base/java.util.stream.ReferencePipeline$3$1.accept(ReferencePipeline.java:197)
	at java.base/java.util.stream.Streams$StreamBuilderImpl.tryAdvance(Streams.java:397)
	at java.base/java.util.stream.ReferencePipeline.forEachWithCancel(ReferencePipeline.java:129)
	at java.base/java.util.stream.AbstractPipeline.copyIntoWithCancel(AbstractPipeline.java:527)
	at java.base/java.util.stream.AbstractPipeline.copyInto(AbstractPipeline.java:513)
	at java.base/java.util.stream.AbstractPipeline.wrapAndCopyInto(AbstractPipeline.java:499)
	at java.base/java.util.stream.FindOps$FindOp.evaluateSequential(FindOps.java:150)
	at java.base/java.util.stream.AbstractPipeline.evaluate(AbstractPipeline.java:234)
	at java.base/java.util.stream.ReferencePipeline.findFirst(ReferencePipeline.java:647)
	at org.openqa.selenium.remote.ProtocolHandshake.createSession(ProtocolHandshake.java:122)
	at org.openqa.selenium.remote.ProtocolHandshake.createSession(ProtocolHandshake.java:75)
	at org.openqa.selenium.remote.ProtocolHandshake.createSession(ProtocolHandshake.java:61)
	at org.openqa.selenium.remote.HttpCommandExecutor.execute(HttpCommandExecutor.java:162)
	at org.openqa.selenium.remote.TracedCommandExecutor.execute(TracedCommandExecutor.java:53)
	at org.openqa.selenium.remote.RemoteWebDriver.execute(RemoteWebDriver.java:545)
	at org.openqa.selenium.remote.RemoteWebDriver.startSession(RemoteWebDriver.java:245)
	at org.openqa.selenium.remote.RemoteWebDriver.<init>(RemoteWebDriver.java:174)
	at org.openqa.selenium.remote.RemoteWebDriver.<init>(RemoteWebDriver.java:152)
	at com.eventhub.automation.drivers.DriverFactory.createBrowserStackChromeDriver(DriverFactory.java:90)
	at com.eventhub.automation.drivers.DriverFactory.createDriver(DriverFactory.java:41)
	at com.eventhub.automation.drivers.DriverManager.initializeDriver(DriverManager.java:14)
	at com.eventhub.automation.hooks.CucumberHooks.startBrowser(CucumberHooks.java:36)
	at java.base/jdk.internal.reflect.NativeMethodAccessorImpl.invoke0(Native Method)
	at java.base/jdk.internal.reflect.NativeMethodAccessorImpl.invoke(NativeMethodAccessorImpl.java:77)
	at java.base/jdk.internal.reflect.DelegatingMethodAccessorImpl.invoke(DelegatingMethodAccessorImpl.java:43)
	at java.base/java.lang.reflect.Method.invoke(Method.java:569)
	at io.cucumber.java.Invoker.doInvoke(Invoker.java:66)
	at io.cucumber.java.Invoker.invoke(Invoker.java:24)
	at io.cucumber.java.AbstractGlueDefinition.invokeMethod(AbstractGlueDefinition.java:47)
	at io.cucumber.java.JavaHookDefinition.execute(JavaHookDefinition.java:64)
	at io.cucumber.core.runner.CoreHookDefinition.execute(CoreHookDefinition.java:46)
	at io.cucumber.core.runner.HookDefinitionMatch.runStep(HookDefinitionMatch.java:21)
	at io.cucumber.core.runner.ExecutionMode$1.execute(ExecutionMode.java:10)
	at io.cucumber.core.runner.TestStep.executeStep(TestStep.java:81)
	at io.cucumber.core.runner.TestStep.run(TestStep.java:53)
	at io.cucumber.core.runner.TestCase.run(TestCase.java:78)
	at io.cucumber.core.runner.Runner.runPickle(Runner.java:75)
	at io.cucumber.testng.TestNGCucumberRunner.lambda$runScenario$1(TestNGCucumberRunner.java:132)
	at io.cucumber.core.runtime.CucumberExecutionContext.lambda$runTestCase$5(CucumberExecutionContext.java:136)
	at io.cucumber.core.runtime.RethrowingThrowableCollector.executeAndThrow(RethrowingThrowableCollector.java:23)
	at io.cucumber.core.runtime.CucumberExecutionContext.runTestCase(CucumberExecutionContext.java:136)
	at io.cucumber.testng.TestNGCucumberRunner.runScenario(TestNGCucumberRunner.java:129)
	at io.cucumber.testng.AbstractTestNGCucumberTests.runScenario(AbstractTestNGCucumberTests.java:35)
	at com.eventhub.automation.runners.ParallelCucumberTestRunner.runScenario(ParallelCucumberTestRunner.java:35)
	at java.base/jdk.internal.reflect.NativeMethodAccessorImpl.invoke0(Native Method)
	at java.base/jdk.internal.reflect.NativeMethodAccessorImpl.invoke(NativeMethodAccessorImpl.java:77)
	at java.base/jdk.internal.reflect.DelegatingMethodAccessorImpl.invoke(DelegatingMethodAccessorImpl.java:43)
	at java.base/java.lang.reflect.Method.invoke(Method.java:569)
	at org.testng.internal.invokers.MethodInvocationHelper.invokeMethod(MethodInvocationHelper.java:141)
	at org.testng.internal.invokers.TestInvoker.invokeMethod(TestInvoker.java:686)
	at org.testng.internal.invokers.TestInvoker.invokeTestMethod(TestInvoker.java:230)
	at org.testng.internal.invokers.TestMethodWithDataProviderMethodWorker.call(TestMethodWithDataProviderMethodWorker.java:81)
	at org.testng.internal.thread.Async$AsyncTask.run(Async.java:34)
	at java.base/java.util.concurrent.ThreadPoolExecutor.runWorker(ThreadPoolExecutor.java:1136)
	at java.base/java.util.concurrent.ThreadPoolExecutor$Worker.run(ThreadPoolExecutor.java:635)
	at java.base/java.lang.Thread.run(Thread.java:840)

  Given I am signed in to EventHub                    # com.eventhub.automation.steps.AuthSteps.iAmSignedInToEventHub()
  When I open the Events page                         # com.eventhub.automation.steps.EventSteps.iOpenTheEventsPage()
  And I filter events by category "Festival"          # com.eventhub.automation.steps.EventSteps.iFilterEventsByCategory(java.lang.String)
  And I filter events by city "Delhi"                 # com.eventhub.automation.steps.EventSteps.iFilterEventsByCity(java.lang.String)
  Then I should see event "Dilli Diwali Mela"         # com.eventhub.automation.steps.EventSteps.iShouldSeeEvent(java.lang.String)
      com.eventhub.automation.exceptions.FrameworkException: WebDriver was not initialized for this thread.
	at com.eventhub.automation.drivers.DriverManager.getDriver(DriverManager.java:21)
	at com.eventhub.automation.utils.ScreenshotUtils.captureBytes(ScreenshotUtils.java:39)
	at com.eventhub.automation.hooks.CucumberHooks.stopBrowser(CucumberHooks.java:43)


@events @ui @owner-platform @risk-discovery @intent-discovery @impact-events @p1 @regression @parallel-safe
Scenario: Event filters reset after refresh   # src/test/resources/features/events/event_discovery.feature:47
      org.openqa.selenium.SessionNotCreatedException: Could not start a new session. Possible causes are invalid address of the remote server or browser start-up failure. 
Host info: host: 'runnervmvrwv9', ip: '10.1.0.223'
	at org.openqa.selenium.remote.RemoteWebDriver.execute(RemoteWebDriver.java:563)
	at org.openqa.selenium.remote.RemoteWebDriver.startSession(RemoteWebDriver.java:245)
	at org.openqa.selenium.remote.RemoteWebDriver.<init>(RemoteWebDriver.java:174)
	at org.openqa.selenium.remote.RemoteWebDriver.<init>(RemoteWebDriver.java:152)
	at com.eventhub.automation.drivers.DriverFactory.createBrowserStackChromeDriver(DriverFactory.java:90)
	at com.eventhub.automation.drivers.DriverFactory.createDriver(DriverFactory.java:41)
	at com.eventhub.automation.drivers.DriverManager.initializeDriver(DriverManager.java:14)
	at com.eventhub.automation.hooks.CucumberHooks.startBrowser(CucumberHooks.java:36)
Caused by: org.openqa.selenium.WebDriverException: selenium jar version is either invalid, wrongly formatted, or not supported. Please refer to http://bit.ly/automate-capabilities
Build info: version: '4.23.1', revision: '656257d8e9'
System info: os.name: 'Linux', os.arch: 'amd64', os.version: '6.17.0-1020-azure', java.version: '17.0.19'
Driver info: driver.version: RemoteWebDriver
remote stacktrace: 
	at java.base/jdk.internal.reflect.NativeConstructorAccessorImpl.newInstance0(Native Method)
	at java.base/jdk.internal.reflect.NativeConstructorAccessorImpl.newInstance(NativeConstructorAccessorImpl.java:77)
	at java.base/jdk.internal.reflect.DelegatingConstructorAccessorImpl.newInstance(DelegatingConstructorAccessorImpl.java:45)
	at java.base/java.lang.reflect.Constructor.newInstanceWithCaller(Constructor.java:500)
	at java.base/java.lang.reflect.Constructor.newInstance(Constructor.java:481)
	at org.openqa.selenium.remote.W3CHandshakeResponse.lambda$errorHandler$0(W3CHandshakeResponse.java:59)
	at org.openqa.selenium.remote.HandshakeResponse.lambda$getResponseFunction$0(HandshakeResponse.java:31)
	at org.openqa.selenium.remote.ProtocolHandshake.lambda$createSession$0(ProtocolHandshake.java:120)
	at java.base/java.util.stream.ReferencePipeline$3$1.accept(ReferencePipeline.java:197)
	at java.base/java.util.stream.Streams$StreamBuilderImpl.tryAdvance(Streams.java:397)
	at java.base/java.util.stream.ReferencePipeline.forEachWithCancel(ReferencePipeline.java:129)
	at java.base/java.util.stream.AbstractPipeline.copyIntoWithCancel(AbstractPipeline.java:527)
	at java.base/java.util.stream.AbstractPipeline.copyInto(AbstractPipeline.java:513)
	at java.base/java.util.stream.AbstractPipeline.wrapAndCopyInto(AbstractPipeline.java:499)
	at java.base/java.util.stream.FindOps$FindOp.evaluateSequential(FindOps.java:150)
	at java.base/java.util.stream.AbstractPipeline.evaluate(AbstractPipeline.java:234)
	at java.base/java.util.stream.ReferencePipeline.findFirst(ReferencePipeline.java:647)
	at org.openqa.selenium.remote.ProtocolHandshake.createSession(ProtocolHandshake.java:122)
	at org.openqa.selenium.remote.ProtocolHandshake.createSession(ProtocolHandshake.java:75)
	at org.openqa.selenium.remote.ProtocolHandshake.createSession(ProtocolHandshake.java:61)
	at org.openqa.selenium.remote.HttpCommandExecutor.execute(HttpCommandExecutor.java:162)
	at org.openqa.selenium.remote.TracedCommandExecutor.execute(TracedCommandExecutor.java:53)
	at org.openqa.selenium.remote.RemoteWebDriver.execute(RemoteWebDriver.java:545)
	at org.openqa.selenium.remote.RemoteWebDriver.startSession(RemoteWebDriver.java:245)
	at org.openqa.selenium.remote.RemoteWebDriver.<init>(RemoteWebDriver.java:174)
	at org.openqa.selenium.remote.RemoteWebDriver.<init>(RemoteWebDriver.java:152)
	at com.eventhub.automation.drivers.DriverFactory.createBrowserStackChromeDriver(DriverFactory.java:90)
	at com.eventhub.automation.drivers.DriverFactory.createDriver(DriverFactory.java:41)
	at com.eventhub.automation.drivers.DriverManager.initializeDriver(DriverManager.java:14)
	at com.eventhub.automation.hooks.CucumberHooks.startBrowser(CucumberHooks.java:36)
	at java.base/jdk.internal.reflect.NativeMethodAccessorImpl.invoke0(Native Method)
	at java.base/jdk.internal.reflect.NativeMethodAccessorImpl.invoke(NativeMethodAccessorImpl.java:77)
	at java.base/jdk.internal.reflect.DelegatingMethodAccessorImpl.invoke(DelegatingMethodAccessorImpl.java:43)
	at java.base/java.lang.reflect.Method.invoke(Method.java:569)
	at io.cucumber.java.Invoker.doInvoke(Invoker.java:66)
	at io.cucumber.java.Invoker.invoke(Invoker.java:24)
	at io.cucumber.java.AbstractGlueDefinition.invokeMethod(AbstractGlueDefinition.java:47)
	at io.cucumber.java.JavaHookDefinition.execute(JavaHookDefinition.java:64)
	at io.cucumber.core.runner.CoreHookDefinition.execute(CoreHookDefinition.java:46)
	at io.cucumber.core.runner.HookDefinitionMatch.runStep(HookDefinitionMatch.java:21)
	at io.cucumber.core.runner.ExecutionMode$1.execute(ExecutionMode.java:10)
	at io.cucumber.core.runner.TestStep.executeStep(TestStep.java:81)
	at io.cucumber.core.runner.TestStep.run(TestStep.java:53)
	at io.cucumber.core.runner.TestCase.run(TestCase.java:78)
	at io.cucumber.core.runner.Runner.runPickle(Runner.java:75)
	at io.cucumber.testng.TestNGCucumberRunner.lambda$runScenario$1(TestNGCucumberRunner.java:132)
	at io.cucumber.core.runtime.CucumberExecutionContext.lambda$runTestCase$5(CucumberExecutionContext.java:136)
	at io.cucumber.core.runtime.RethrowingThrowableCollector.executeAndThrow(RethrowingThrowableCollector.java:23)
	at io.cucumber.core.runtime.CucumberExecutionContext.runTestCase(CucumberExecutionContext.java:136)
	at io.cucumber.testng.TestNGCucumberRunner.runScenario(TestNGCucumberRunner.java:129)
	at io.cucumber.testng.AbstractTestNGCucumberTests.runScenario(AbstractTestNGCucumberTests.java:35)
	at com.eventhub.automation.runners.ParallelCucumberTestRunner.runScenario(ParallelCucumberTestRunner.java:35)
	at java.base/jdk.internal.reflect.NativeMethodAccessorImpl.invoke0(Native Method)
	at java.base/jdk.internal.reflect.NativeMethodAccessorImpl.invoke(NativeMethodAccessorImpl.java:77)
	at java.base/jdk.internal.reflect.DelegatingMethodAccessorImpl.invoke(DelegatingMethodAccessorImpl.java:43)
	at java.base/java.lang.reflect.Method.invoke(Method.java:569)
	at org.testng.internal.invokers.MethodInvocationHelper.invokeMethod(MethodInvocationHelper.java:141)
	at org.testng.internal.invokers.TestInvoker.invokeMethod(TestInvoker.java:686)
	at org.testng.internal.invokers.TestInvoker.invokeTestMethod(TestInvoker.java:230)
	at org.testng.internal.invokers.TestMethodWithDataProviderMethodWorker.call(TestMethodWithDataProviderMethodWorker.java:81)
	at org.testng.internal.thread.Async$AsyncTask.run(Async.java:34)
	at java.base/java.util.concurrent.ThreadPoolExecutor.runWorker(ThreadPoolExecutor.java:1136)
	at java.base/java.util.concurrent.ThreadPoolExecutor$Worker.run(ThreadPoolExecutor.java:635)
	at java.base/java.lang.Thread.run(Thread.java:840)

  Given I am signed in to EventHub                          # com.eventhub.automation.steps.AuthSteps.iAmSignedInToEventHub()
  When I open the Events page                               # com.eventhub.automation.steps.EventSteps.iOpenTheEventsPage()
  And I filter events by category "Festival"                # com.eventhub.automation.steps.EventSteps.iFilterEventsByCategory(java.lang.String)
  And I filter events by city "Delhi"                       # com.eventhub.automation.steps.EventSteps.iFilterEventsByCity(java.lang.String)
  And I clear event filters                                 # com.eventhub.automation.steps.EventSteps.iClearEventFilters()
  Then I should see seeded upcoming events                  # com.eventhub.automation.steps.EventSteps.iShouldSeeSeededUpcomingEvents()
      com.eventhub.automation.exceptions.FrameworkException: WebDriver was not initialized for this thread.
	at com.eventhub.automation.drivers.DriverManager.getDriver(DriverManager.java:21)
	at com.eventhub.automation.utils.ScreenshotUtils.captureBytes(ScreenshotUtils.java:39)
	at com.eventhub.automation.hooks.CucumberHooks.stopBrowser(CucumberHooks.java:43)


@events @ui @owner-platform @risk-discovery @intent-discovery @impact-events @p1 @regression @parallel-safe
Scenario: Event filters reset after navigating away and back # src/test/resources/features/events/event_discovery.feature:55
      org.openqa.selenium.SessionNotCreatedException: Could not start a new session. Possible causes are invalid address of the remote server or browser start-up failure. 
Host info: host: 'runnervmvrwv9', ip: '10.1.0.223'
	at org.openqa.selenium.remote.RemoteWebDriver.execute(RemoteWebDriver.java:563)
	at org.openqa.selenium.remote.RemoteWebDriver.startSession(RemoteWebDriver.java:245)
	at org.openqa.selenium.remote.RemoteWebDriver.<init>(RemoteWebDriver.java:174)
	at org.openqa.selenium.remote.RemoteWebDriver.<init>(RemoteWebDriver.java:152)
	at com.eventhub.automation.drivers.DriverFactory.createBrowserStackChromeDriver(DriverFactory.java:90)
	at com.eventhub.automation.drivers.DriverFactory.createDriver(DriverFactory.java:41)
	at com.eventhub.automation.drivers.DriverManager.initializeDriver(DriverManager.java:14)
	at com.eventhub.automation.hooks.CucumberHooks.startBrowser(CucumberHooks.java:36)
Caused by: org.openqa.selenium.WebDriverException: selenium jar version is either invalid, wrongly formatted, or not supported. Please refer to http://bit.ly/automate-capabilities
Build info: version: '4.23.1', revision: '656257d8e9'
System info: os.name: 'Linux', os.arch: 'amd64', os.version: '6.17.0-1020-azure', java.version: '17.0.19'
Driver info: driver.version: RemoteWebDriver
remote stacktrace: 
	at java.base/jdk.internal.reflect.NativeConstructorAccessorImpl.newInstance0(Native Method)
	at java.base/jdk.internal.reflect.NativeConstructorAccessorImpl.newInstance(NativeConstructorAccessorImpl.java:77)
	at java.base/jdk.internal.reflect.DelegatingConstructorAccessorImpl.newInstance(DelegatingConstructorAccessorImpl.java:45)
	at java.base/java.lang.reflect.Constructor.newInstanceWithCaller(Constructor.java:500)
	at java.base/java.lang.reflect.Constructor.newInstance(Constructor.java:481)
	at org.openqa.selenium.remote.W3CHandshakeResponse.lambda$errorHandler$0(W3CHandshakeResponse.java:59)
	at org.openqa.selenium.remote.HandshakeResponse.lambda$getResponseFunction$0(HandshakeResponse.java:31)
	at org.openqa.selenium.remote.ProtocolHandshake.lambda$createSession$0(ProtocolHandshake.java:120)
	at java.base/java.util.stream.ReferencePipeline$3$1.accept(ReferencePipeline.java:197)
	at java.base/java.util.stream.Streams$StreamBuilderImpl.tryAdvance(Streams.java:397)
	at java.base/java.util.stream.ReferencePipeline.forEachWithCancel(ReferencePipeline.java:129)
	at java.base/java.util.stream.AbstractPipeline.copyIntoWithCancel(AbstractPipeline.java:527)
	at java.base/java.util.stream.AbstractPipeline.copyInto(AbstractPipeline.java:513)
	at java.base/java.util.stream.AbstractPipeline.wrapAndCopyInto(AbstractPipeline.java:499)
	at java.base/java.util.stream.FindOps$FindOp.evaluateSequential(FindOps.java:150)
	at java.base/java.util.stream.AbstractPipeline.evaluate(AbstractPipeline.java:234)
	at java.base/java.util.stream.ReferencePipeline.findFirst(ReferencePipeline.java:647)
	at org.openqa.selenium.remote.ProtocolHandshake.createSession(ProtocolHandshake.java:122)
	at org.openqa.selenium.remote.ProtocolHandshake.createSession(ProtocolHandshake.java:75)
	at org.openqa.selenium.remote.ProtocolHandshake.createSession(ProtocolHandshake.java:61)
	at org.openqa.selenium.remote.HttpCommandExecutor.execute(HttpCommandExecutor.java:162)
	at org.openqa.selenium.remote.TracedCommandExecutor.execute(TracedCommandExecutor.java:53)
	at org.openqa.selenium.remote.RemoteWebDriver.execute(RemoteWebDriver.java:545)
	at org.openqa.selenium.remote.RemoteWebDriver.startSession(RemoteWebDriver.java:245)
	at org.openqa.selenium.remote.RemoteWebDriver.<init>(RemoteWebDriver.java:174)
	at org.openqa.selenium.remote.RemoteWebDriver.<init>(RemoteWebDriver.java:152)
	at com.eventhub.automation.drivers.DriverFactory.createBrowserStackChromeDriver(DriverFactory.java:90)
	at com.eventhub.automation.drivers.DriverFactory.createDriver(DriverFactory.java:41)
	at com.eventhub.automation.drivers.DriverManager.initializeDriver(DriverManager.java:14)
	at com.eventhub.automation.hooks.CucumberHooks.startBrowser(CucumberHooks.java:36)
	at java.base/jdk.internal.reflect.NativeMethodAccessorImpl.invoke0(Native Method)
	at java.base/jdk.internal.reflect.NativeMethodAccessorImpl.invoke(NativeMethodAccessorImpl.java:77)
	at java.base/jdk.internal.reflect.DelegatingMethodAccessorImpl.invoke(DelegatingMethodAccessorImpl.java:43)
	at java.base/java.lang.reflect.Method.invoke(Method.java:569)
	at io.cucumber.java.Invoker.doInvoke(Invoker.java:66)
	at io.cucumber.java.Invoker.invoke(Invoker.java:24)
	at io.cucumber.java.AbstractGlueDefinition.invokeMethod(AbstractGlueDefinition.java:47)
	at io.cucumber.java.JavaHookDefinition.execute(JavaHookDefinition.java:64)
	at io.cucumber.core.runner.CoreHookDefinition.execute(CoreHookDefinition.java:46)
	at io.cucumber.core.runner.HookDefinitionMatch.runStep(HookDefinitionMatch.java:21)
	at io.cucumber.core.runner.ExecutionMode$1.execute(ExecutionMode.java:10)
	at io.cucumber.core.runner.TestStep.executeStep(TestStep.java:81)
	at io.cucumber.core.runner.TestStep.run(TestStep.java:53)
	at io.cucumber.core.runner.TestCase.run(TestCase.java:78)
	at io.cucumber.core.runner.Runner.runPickle(Runner.java:75)
	at io.cucumber.testng.TestNGCucumberRunner.lambda$runScenario$1(TestNGCucumberRunner.java:132)
	at io.cucumber.core.runtime.CucumberExecutionContext.lambda$runTestCase$5(CucumberExecutionContext.java:136)
	at io.cucumber.core.runtime.RethrowingThrowableCollector.executeAndThrow(RethrowingThrowableCollector.java:23)
	at io.cucumber.core.runtime.CucumberExecutionContext.runTestCase(CucumberExecutionContext.java:136)
	at io.cucumber.testng.TestNGCucumberRunner.runScenario(TestNGCucumberRunner.java:129)
	at io.cucumber.testng.AbstractTestNGCucumberTests.runScenario(AbstractTestNGCucumberTests.java:35)
	at com.eventhub.automation.runners.ParallelCucumberTestRunner.runScenario(ParallelCucumberTestRunner.java:35)
	at java.base/jdk.internal.reflect.NativeMethodAccessorImpl.invoke0(Native Method)
	at java.base/jdk.internal.reflect.NativeMethodAccessorImpl.invoke(NativeMethodAccessorImpl.java:77)
	at java.base/jdk.internal.reflect.DelegatingMethodAccessorImpl.invoke(DelegatingMethodAccessorImpl.java:43)
	at java.base/java.lang.reflect.Method.invoke(Method.java:569)
	at org.testng.internal.invokers.MethodInvocationHelper.invokeMethod(MethodInvocationHelper.java:141)
	at org.testng.internal.invokers.TestInvoker.invokeMethod(TestInvoker.java:686)
	at org.testng.internal.invokers.TestInvoker.invokeTestMethod(TestInvoker.java:230)
	at org.testng.internal.invokers.TestMethodWithDataProviderMethodWorker.call(TestMethodWithDataProviderMethodWorker.java:81)
	at org.testng.internal.thread.Async$AsyncTask.run(Async.java:34)
	at java.base/java.util.concurrent.ThreadPoolExecutor.runWorker(ThreadPoolExecutor.java:1136)
	at java.base/java.util.concurrent.ThreadPoolExecutor$Worker.run(ThreadPoolExecutor.java:635)
	at java.base/java.lang.Thread.run(Thread.java:840)

  Given I am signed in to EventHub            # com.eventhub.automation.steps.AuthSteps.iAmSignedInToEventHub()
  When I open the Events page                 # com.eventhub.automation.steps.EventSteps.iOpenTheEventsPage()
  And I search events for "Dilli Diwali Mela" # com.eventhub.automation.steps.EventSteps.iSearchEventsFor(java.lang.String)
  And I refresh the current page              # com.eventhub.automation.steps.AuthSteps.iRefreshTheCurrentPage()
  Then event filters should be reset          # com.eventhub.automation.steps.EventSteps.eventFiltersShouldBeReset()
  And I should see seeded upcoming events     # com.eventhub.automation.steps.EventSteps.iShouldSeeSeededUpcomingEvents()
      com.eventhub.automation.exceptions.FrameworkException: WebDriver was not initialized for this thread.
	at com.eventhub.automation.drivers.DriverManager.getDriver(DriverManager.java:21)
	at com.eventhub.automation.utils.ScreenshotUtils.captureBytes(ScreenshotUtils.java:39)
	at com.eventhub.automation.hooks.CucumberHooks.stopBrowser(CucumberHooks.java:43)


@events @ui @owner-platform @risk-discovery @intent-discovery @impact-events @p1 @regression @parallel-safe @negative
Scenario: User sees an empty state for unmatched search         # src/test/resources/features/events/event_discovery.feature:64
      org.openqa.selenium.SessionNotCreatedException: Could not start a new session. Possible causes are invalid address of the remote server or browser start-up failure. 
Host info: host: 'runnervmvrwv9', ip: '10.1.0.223'
	at org.openqa.selenium.remote.RemoteWebDriver.execute(RemoteWebDriver.java:563)
	at org.openqa.selenium.remote.RemoteWebDriver.startSession(RemoteWebDriver.java:245)
	at org.openqa.selenium.remote.RemoteWebDriver.<init>(RemoteWebDriver.java:174)
	at org.openqa.selenium.remote.RemoteWebDriver.<init>(RemoteWebDriver.java:152)
	at com.eventhub.automation.drivers.DriverFactory.createBrowserStackChromeDriver(DriverFactory.java:90)
	at com.eventhub.automation.drivers.DriverFactory.createDriver(DriverFactory.java:41)
	at com.eventhub.automation.drivers.DriverManager.initializeDriver(DriverManager.java:14)
	at com.eventhub.automation.hooks.CucumberHooks.startBrowser(CucumberHooks.java:36)
Caused by: org.openqa.selenium.WebDriverException: selenium jar version is either invalid, wrongly formatted, or not supported. Please refer to http://bit.ly/automate-capabilities
Build info: version: '4.23.1', revision: '656257d8e9'
System info: os.name: 'Linux', os.arch: 'amd64', os.version: '6.17.0-1020-azure', java.version: '17.0.19'
Driver info: driver.version: RemoteWebDriver
remote stacktrace: 
	at java.base/jdk.internal.reflect.NativeConstructorAccessorImpl.newInstance0(Native Method)
	at java.base/jdk.internal.reflect.NativeConstructorAccessorImpl.newInstance(NativeConstructorAccessorImpl.java:77)
	at java.base/jdk.internal.reflect.DelegatingConstructorAccessorImpl.newInstance(DelegatingConstructorAccessorImpl.java:45)
	at java.base/java.lang.reflect.Constructor.newInstanceWithCaller(Constructor.java:500)
	at java.base/java.lang.reflect.Constructor.newInstance(Constructor.java:481)
	at org.openqa.selenium.remote.W3CHandshakeResponse.lambda$errorHandler$0(W3CHandshakeResponse.java:59)
	at org.openqa.selenium.remote.HandshakeResponse.lambda$getResponseFunction$0(HandshakeResponse.java:31)
	at org.openqa.selenium.remote.ProtocolHandshake.lambda$createSession$0(ProtocolHandshake.java:120)
	at java.base/java.util.stream.ReferencePipeline$3$1.accept(ReferencePipeline.java:197)
	at java.base/java.util.stream.Streams$StreamBuilderImpl.tryAdvance(Streams.java:397)
	at java.base/java.util.stream.ReferencePipeline.forEachWithCancel(ReferencePipeline.java:129)
	at java.base/java.util.stream.AbstractPipeline.copyIntoWithCancel(AbstractPipeline.java:527)
	at java.base/java.util.stream.AbstractPipeline.copyInto(AbstractPipeline.java:513)
	at java.base/java.util.stream.AbstractPipeline.wrapAndCopyInto(AbstractPipeline.java:499)
	at java.base/java.util.stream.FindOps$FindOp.evaluateSequential(FindOps.java:150)
	at java.base/java.util.stream.AbstractPipeline.evaluate(AbstractPipeline.java:234)
	at java.base/java.util.stream.ReferencePipeline.findFirst(ReferencePipeline.java:647)
	at org.openqa.selenium.remote.ProtocolHandshake.createSession(ProtocolHandshake.java:122)
	at org.openqa.selenium.remote.ProtocolHandshake.createSession(ProtocolHandshake.java:75)
	at org.openqa.selenium.remote.ProtocolHandshake.createSession(ProtocolHandshake.java:61)
	at org.openqa.selenium.remote.HttpCommandExecutor.execute(HttpCommandExecutor.java:162)
	at org.openqa.selenium.remote.TracedCommandExecutor.execute(TracedCommandExecutor.java:53)
	at org.openqa.selenium.remote.RemoteWebDriver.execute(RemoteWebDriver.java:545)
	at org.openqa.selenium.remote.RemoteWebDriver.startSession(RemoteWebDriver.java:245)
	at org.openqa.selenium.remote.RemoteWebDriver.<init>(RemoteWebDriver.java:174)
	at org.openqa.selenium.remote.RemoteWebDriver.<init>(RemoteWebDriver.java:152)
	at com.eventhub.automation.drivers.DriverFactory.createBrowserStackChromeDriver(DriverFactory.java:90)
	at com.eventhub.automation.drivers.DriverFactory.createDriver(DriverFactory.java:41)
	at com.eventhub.automation.drivers.DriverManager.initializeDriver(DriverManager.java:14)
	at com.eventhub.automation.hooks.CucumberHooks.startBrowser(CucumberHooks.java:36)
	at java.base/jdk.internal.reflect.NativeMethodAccessorImpl.invoke0(Native Method)
	at java.base/jdk.internal.reflect.NativeMethodAccessorImpl.invoke(NativeMethodAccessorImpl.java:77)
	at java.base/jdk.internal.reflect.DelegatingMethodAccessorImpl.invoke(DelegatingMethodAccessorImpl.java:43)
	at java.base/java.lang.reflect.Method.invoke(Method.java:569)
	at io.cucumber.java.Invoker.doInvoke(Invoker.java:66)
	at io.cucumber.java.Invoker.invoke(Invoker.java:24)
	at io.cucumber.java.AbstractGlueDefinition.invokeMethod(AbstractGlueDefinition.java:47)
	at io.cucumber.java.JavaHookDefinition.execute(JavaHookDefinition.java:64)
	at io.cucumber.core.runner.CoreHookDefinition.execute(CoreHookDefinition.java:46)
	at io.cucumber.core.runner.HookDefinitionMatch.runStep(HookDefinitionMatch.java:21)
	at io.cucumber.core.runner.ExecutionMode$1.execute(ExecutionMode.java:10)
	at io.cucumber.core.runner.TestStep.executeStep(TestStep.java:81)
	at io.cucumber.core.runner.TestStep.run(TestStep.java:53)
	at io.cucumber.core.runner.TestCase.run(TestCase.java:78)
	at io.cucumber.core.runner.Runner.runPickle(Runner.java:75)
	at io.cucumber.testng.TestNGCucumberRunner.lambda$runScenario$1(TestNGCucumberRunner.java:132)
	at io.cucumber.core.runtime.CucumberExecutionContext.lambda$runTestCase$5(CucumberExecutionContext.java:136)
	at io.cucumber.core.runtime.RethrowingThrowableCollector.executeAndThrow(RethrowingThrowableCollector.java:23)
	at io.cucumber.core.runtime.CucumberExecutionContext.runTestCase(CucumberExecutionContext.java:136)
	at io.cucumber.testng.TestNGCucumberRunner.runScenario(TestNGCucumberRunner.java:129)
	at io.cucumber.testng.AbstractTestNGCucumberTests.runScenario(AbstractTestNGCucumberTests.java:35)
	at com.eventhub.automation.runners.ParallelCucumberTestRunner.runScenario(ParallelCucumberTestRunner.java:35)
	at java.base/jdk.internal.reflect.NativeMethodAccessorImpl.invoke0(Native Method)
	at java.base/jdk.internal.reflect.NativeMethodAccessorImpl.invoke(NativeMethodAccessorImpl.java:77)
	at java.base/jdk.internal.reflect.DelegatingMethodAccessorImpl.invoke(DelegatingMethodAccessorImpl.java:43)
	at java.base/java.lang.reflect.Method.invoke(Method.java:569)
	at org.testng.internal.invokers.MethodInvocationHelper.invokeMethod(MethodInvocationHelper.java:141)
	at org.testng.internal.invokers.TestInvoker.invokeMethod(TestInvoker.java:686)
	at org.testng.internal.invokers.TestInvoker.invokeTestMethod(TestInvoker.java:230)
	at org.testng.internal.invokers.TestMethodWithDataProviderMethodWorker.call(TestMethodWithDataProviderMethodWorker.java:81)
	at org.testng.internal.thread.Async$AsyncTask.run(Async.java:34)
	at java.base/java.util.concurrent.ThreadPoolExecutor.runWorker(ThreadPoolExecutor.java:1136)
	at java.base/java.util.concurrent.ThreadPoolExecutor$Worker.run(ThreadPoolExecutor.java:635)
	at java.base/java.lang.Thread.run(Thread.java:840)

  Given I am signed in to EventHub                           # com.eventhub.automation.steps.AuthSteps.iAmSignedInToEventHub()
  When I open the Events page                                # com.eventhub.automation.steps.EventSteps.iOpenTheEventsPage()
  And I search events for "Dilli Diwali Mela"                # com.eventhub.automation.steps.EventSteps.iSearchEventsFor(java.lang.String)
  And I filter events by city "Delhi"                        # com.eventhub.automation.steps.EventSteps.iFilterEventsByCity(java.lang.String)
  And I navigate away from event discovery and return        # com.eventhub.automation.steps.EventSteps.iNavigateAwayFromEventDiscoveryAndReturn()
  Then event filters should be reset                         # com.eventhub.automation.steps.EventSteps.eventFiltersShouldBeReset()
  And I should see seeded upcoming events                    # com.eventhub.automation.steps.EventSteps.iShouldSeeSeededUpcomingEvents()
      com.eventhub.automation.exceptions.FrameworkException: WebDriver was not initialized for this thread.
	at com.eventhub.automation.drivers.DriverManager.getDriver(DriverManager.java:21)
	at com.eventhub.automation.utils.ScreenshotUtils.captureBytes(ScreenshotUtils.java:39)
	at com.eventhub.automation.hooks.CucumberHooks.stopBrowser(CucumberHooks.java:43)


@events @ui @owner-platform @risk-discovery @intent-discovery @impact-events @p1 @regression @parallel-safe
Scenario: Event cards expose business-critical details                                                                            # src/test/resources/features/events/event_discovery.feature:70
      org.openqa.selenium.SessionNotCreatedException: Could not start a new session. Possible causes are invalid address of the remote server or browser start-up failure. 
Host info: host: 'runnervmvrwv9', ip: '10.1.0.223'
	at org.openqa.selenium.remote.RemoteWebDriver.execute(RemoteWebDriver.java:563)
	at org.openqa.selenium.remote.RemoteWebDriver.startSession(RemoteWebDriver.java:245)
	at org.openqa.selenium.remote.RemoteWebDriver.<init>(RemoteWebDriver.java:174)
	at org.openqa.selenium.remote.RemoteWebDriver.<init>(RemoteWebDriver.java:152)
	at com.eventhub.automation.drivers.DriverFactory.createBrowserStackChromeDriver(DriverFactory.java:90)
	at com.eventhub.automation.drivers.DriverFactory.createDriver(DriverFactory.java:41)
	at com.eventhub.automation.drivers.DriverManager.initializeDriver(DriverManager.java:14)
	at com.eventhub.automation.hooks.CucumberHooks.startBrowser(CucumberHooks.java:36)
Caused by: org.openqa.selenium.WebDriverException: selenium jar version is either invalid, wrongly formatted, or not supported. Please refer to http://bit.ly/automate-capabilities
Build info: version: '4.23.1', revision: '656257d8e9'
System info: os.name: 'Linux', os.arch: 'amd64', os.version: '6.17.0-1020-azure', java.version: '17.0.19'
Driver info: driver.version: RemoteWebDriver
remote stacktrace: 
	at java.base/jdk.internal.reflect.NativeConstructorAccessorImpl.newInstance0(Native Method)
	at java.base/jdk.internal.reflect.NativeConstructorAccessorImpl.newInstance(NativeConstructorAccessorImpl.java:77)
	at java.base/jdk.internal.reflect.DelegatingConstructorAccessorImpl.newInstance(DelegatingConstructorAccessorImpl.java:45)
	at java.base/java.lang.reflect.Constructor.newInstanceWithCaller(Constructor.java:500)
	at java.base/java.lang.reflect.Constructor.newInstance(Constructor.java:481)
	at org.openqa.selenium.remote.W3CHandshakeResponse.lambda$errorHandler$0(W3CHandshakeResponse.java:59)
	at org.openqa.selenium.remote.HandshakeResponse.lambda$getResponseFunction$0(HandshakeResponse.java:31)
	at org.openqa.selenium.remote.ProtocolHandshake.lambda$createSession$0(ProtocolHandshake.java:120)
	at java.base/java.util.stream.ReferencePipeline$3$1.accept(ReferencePipeline.java:197)
	at java.base/java.util.stream.Streams$StreamBuilderImpl.tryAdvance(Streams.java:397)
	at java.base/java.util.stream.ReferencePipeline.forEachWithCancel(ReferencePipeline.java:129)
	at java.base/java.util.stream.AbstractPipeline.copyIntoWithCancel(AbstractPipeline.java:527)
	at java.base/java.util.stream.AbstractPipeline.copyInto(AbstractPipeline.java:513)
	at java.base/java.util.stream.AbstractPipeline.wrapAndCopyInto(AbstractPipeline.java:499)
	at java.base/java.util.stream.FindOps$FindOp.evaluateSequential(FindOps.java:150)
	at java.base/java.util.stream.AbstractPipeline.evaluate(AbstractPipeline.java:234)
	at java.base/java.util.stream.ReferencePipeline.findFirst(ReferencePipeline.java:647)
	at org.openqa.selenium.remote.ProtocolHandshake.createSession(ProtocolHandshake.java:122)
	at org.openqa.selenium.remote.ProtocolHandshake.createSession(ProtocolHandshake.java:75)
	at org.openqa.selenium.remote.ProtocolHandshake.createSession(ProtocolHandshake.java:61)
	at org.openqa.selenium.remote.HttpCommandExecutor.execute(HttpCommandExecutor.java:162)
	at org.openqa.selenium.remote.TracedCommandExecutor.execute(TracedCommandExecutor.java:53)
	at org.openqa.selenium.remote.RemoteWebDriver.execute(RemoteWebDriver.java:545)
	at org.openqa.selenium.remote.RemoteWebDriver.startSession(RemoteWebDriver.java:245)
	at org.openqa.selenium.remote.RemoteWebDriver.<init>(RemoteWebDriver.java:174)
	at org.openqa.selenium.remote.RemoteWebDriver.<init>(RemoteWebDriver.java:152)
	at com.eventhub.automation.drivers.DriverFactory.createBrowserStackChromeDriver(DriverFactory.java:90)
	at com.eventhub.automation.drivers.DriverFactory.createDriver(DriverFactory.java:41)
	at com.eventhub.automation.drivers.DriverManager.initializeDriver(DriverManager.java:14)
	at com.eventhub.automation.hooks.CucumberHooks.startBrowser(CucumberHooks.java:36)
	at java.base/jdk.internal.reflect.NativeMethodAccessorImpl.invoke0(Native Method)
	at java.base/jdk.internal.reflect.NativeMethodAccessorImpl.invoke(NativeMethodAccessorImpl.java:77)
	at java.base/jdk.internal.reflect.DelegatingMethodAccessorImpl.invoke(DelegatingMethodAccessorImpl.java:43)
	at java.base/java.lang.reflect.Method.invoke(Method.java:569)
	at io.cucumber.java.Invoker.doInvoke(Invoker.java:66)
	at io.cucumber.java.Invoker.invoke(Invoker.java:24)
	at io.cucumber.java.AbstractGlueDefinition.invokeMethod(AbstractGlueDefinition.java:47)
	at io.cucumber.java.JavaHookDefinition.execute(JavaHookDefinition.java:64)
	at io.cucumber.core.runner.CoreHookDefinition.execute(CoreHookDefinition.java:46)
	at io.cucumber.core.runner.HookDefinitionMatch.runStep(HookDefinitionMatch.java:21)
	at io.cucumber.core.runner.ExecutionMode$1.execute(ExecutionMode.java:10)
	at io.cucumber.core.runner.TestStep.executeStep(TestStep.java:81)
	at io.cucumber.core.runner.TestStep.run(TestStep.java:53)
	at io.cucumber.core.runner.TestCase.run(TestCase.java:78)
	at io.cucumber.core.runner.Runner.runPickle(Runner.java:75)
	at io.cucumber.testng.TestNGCucumberRunner.lambda$runScenario$1(TestNGCucumberRunner.java:132)
	at io.cucumber.core.runtime.CucumberExecutionContext.lambda$runTestCase$5(CucumberExecutionContext.java:136)
	at io.cucumber.core.runtime.RethrowingThrowableCollector.executeAndThrow(RethrowingThrowableCollector.java:23)
	at io.cucumber.core.runtime.CucumberExecutionContext.runTestCase(CucumberExecutionContext.java:136)
	at io.cucumber.testng.TestNGCucumberRunner.runScenario(TestNGCucumberRunner.java:129)
	at io.cucumber.testng.AbstractTestNGCucumberTests.runScenario(AbstractTestNGCucumberTests.java:35)
	at com.eventhub.automation.runners.ParallelCucumberTestRunner.runScenario(ParallelCucumberTestRunner.java:35)
	at java.base/jdk.internal.reflect.NativeMethodAccessorImpl.invoke0(Native Method)
	at java.base/jdk.internal.reflect.NativeMethodAccessorImpl.invoke(NativeMethodAccessorImpl.java:77)
	at java.base/jdk.internal.reflect.DelegatingMethodAccessorImpl.invoke(DelegatingMethodAccessorImpl.java:43)
	at java.base/java.lang.reflect.Method.invoke(Method.java:569)
	at org.testng.internal.invokers.MethodInvocationHelper.invokeMethod(MethodInvocationHelper.java:141)
	at org.testng.internal.invokers.TestInvoker.invokeMethod(TestInvoker.java:686)
	at org.testng.internal.invokers.TestInvoker.invokeTestMethod(TestInvoker.java:230)
	at org.testng.internal.invokers.TestMethodWithDataProviderMethodWorker.call(TestMethodWithDataProviderMethodWorker.java:81)
	at org.testng.internal.thread.Async$AsyncTask.run(Async.java:34)
	at java.base/java.util.concurrent.ThreadPoolExecutor.runWorker(ThreadPoolExecutor.java:1136)
	at java.base/java.util.concurrent.ThreadPoolExecutor$Worker.run(ThreadPoolExecutor.java:635)
	at java.base/java.lang.Thread.run(Thread.java:840)

  Given I am signed in to EventHub                              # com.eventhub.automation.steps.AuthSteps.iAmSignedInToEventHub()
  When I open the Events page                                   # com.eventhub.automation.steps.EventSteps.iOpenTheEventsPage()
  And I search events for "No Selenium Event Should Match This" # com.eventhub.automation.steps.EventSteps.iSearchEventsFor(java.lang.String)
  Then I should see the no events found message                 # com.eventhub.automation.steps.EventSteps.iShouldSeeTheNoEventsFoundMessage()
      com.eventhub.automation.exceptions.FrameworkException: WebDriver was not initialized for this thread.
	at com.eventhub.automation.drivers.DriverManager.getDriver(DriverManager.java:21)
	at com.eventhub.automation.utils.ScreenshotUtils.captureBytes(ScreenshotUtils.java:39)
	at com.eventhub.automation.hooks.CucumberHooks.stopBrowser(CucumberHooks.java:43)


@events @ui @owner-platform @risk-discovery @intent-discovery @impact-events @p1 @regression @parallel-safe
Scenario Outline: User can open event details                      # src/test/resources/features/events/event_discovery.feature:81
      org.openqa.selenium.SessionNotCreatedException: Could not start a new session. Possible causes are invalid address of the remote server or browser start-up failure. 
Host info: host: 'runnervmvrwv9', ip: '10.1.0.223'
	at org.openqa.selenium.remote.RemoteWebDriver.execute(RemoteWebDriver.java:563)
	at org.openqa.selenium.remote.RemoteWebDriver.startSession(RemoteWebDriver.java:245)
	at org.openqa.selenium.remote.RemoteWebDriver.<init>(RemoteWebDriver.java:174)
	at org.openqa.selenium.remote.RemoteWebDriver.<init>(RemoteWebDriver.java:152)
	at com.eventhub.automation.drivers.DriverFactory.createBrowserStackChromeDriver(DriverFactory.java:90)
	at com.eventhub.automation.drivers.DriverFactory.createDriver(DriverFactory.java:41)
	at com.eventhub.automation.drivers.DriverManager.initializeDriver(DriverManager.java:14)
	at com.eventhub.automation.hooks.CucumberHooks.startBrowser(CucumberHooks.java:36)
Caused by: org.openqa.selenium.WebDriverException: selenium jar version is either invalid, wrongly formatted, or not supported. Please refer to http://bit.ly/automate-capabilities
Build info: version: '4.23.1', revision: '656257d8e9'
System info: os.name: 'Linux', os.arch: 'amd64', os.version: '6.17.0-1020-azure', java.version: '17.0.19'
Driver info: driver.version: RemoteWebDriver
remote stacktrace: 
	at java.base/jdk.internal.reflect.NativeConstructorAccessorImpl.newInstance0(Native Method)
	at java.base/jdk.internal.reflect.NativeConstructorAccessorImpl.newInstance(NativeConstructorAccessorImpl.java:77)
	at java.base/jdk.internal.reflect.DelegatingConstructorAccessorImpl.newInstance(DelegatingConstructorAccessorImpl.java:45)
	at java.base/java.lang.reflect.Constructor.newInstanceWithCaller(Constructor.java:500)
	at java.base/java.lang.reflect.Constructor.newInstance(Constructor.java:481)
	at org.openqa.selenium.remote.W3CHandshakeResponse.lambda$errorHandler$0(W3CHandshakeResponse.java:59)
	at org.openqa.selenium.remote.HandshakeResponse.lambda$getResponseFunction$0(HandshakeResponse.java:31)
	at org.openqa.selenium.remote.ProtocolHandshake.lambda$createSession$0(ProtocolHandshake.java:120)
	at java.base/java.util.stream.ReferencePipeline$3$1.accept(ReferencePipeline.java:197)
	at java.base/java.util.stream.Streams$StreamBuilderImpl.tryAdvance(Streams.java:397)
	at java.base/java.util.stream.ReferencePipeline.forEachWithCancel(ReferencePipeline.java:129)
	at java.base/java.util.stream.AbstractPipeline.copyIntoWithCancel(AbstractPipeline.java:527)
	at java.base/java.util.stream.AbstractPipeline.copyInto(AbstractPipeline.java:513)
	at java.base/java.util.stream.AbstractPipeline.wrapAndCopyInto(AbstractPipeline.java:499)
	at java.base/java.util.stream.FindOps$FindOp.evaluateSequential(FindOps.java:150)
	at java.base/java.util.stream.AbstractPipeline.evaluate(AbstractPipeline.java:234)
	at java.base/java.util.stream.ReferencePipeline.findFirst(ReferencePipeline.java:647)
	at org.openqa.selenium.remote.ProtocolHandshake.createSession(ProtocolHandshake.java:122)
	at org.openqa.selenium.remote.ProtocolHandshake.createSession(ProtocolHandshake.java:75)
	at org.openqa.selenium.remote.ProtocolHandshake.createSession(ProtocolHandshake.java:61)
	at org.openqa.selenium.remote.HttpCommandExecutor.execute(HttpCommandExecutor.java:162)
	at org.openqa.selenium.remote.TracedCommandExecutor.execute(TracedCommandExecutor.java:53)
	at org.openqa.selenium.remote.RemoteWebDriver.execute(RemoteWebDriver.java:545)
	at org.openqa.selenium.remote.RemoteWebDriver.startSession(RemoteWebDriver.java:245)
	at org.openqa.selenium.remote.RemoteWebDriver.<init>(RemoteWebDriver.java:174)
	at org.openqa.selenium.remote.RemoteWebDriver.<init>(RemoteWebDriver.java:152)
	at com.eventhub.automation.drivers.DriverFactory.createBrowserStackChromeDriver(DriverFactory.java:90)
	at com.eventhub.automation.drivers.DriverFactory.createDriver(DriverFactory.java:41)
	at com.eventhub.automation.drivers.DriverManager.initializeDriver(DriverManager.java:14)
	at com.eventhub.automation.hooks.CucumberHooks.startBrowser(CucumberHooks.java:36)
	at java.base/jdk.internal.reflect.NativeMethodAccessorImpl.invoke0(Native Method)
	at java.base/jdk.internal.reflect.NativeMethodAccessorImpl.invoke(NativeMethodAccessorImpl.java:77)
	at java.base/jdk.internal.reflect.DelegatingMethodAccessorImpl.invoke(DelegatingMethodAccessorImpl.java:43)
	at java.base/java.lang.reflect.Method.invoke(Method.java:569)
	at io.cucumber.java.Invoker.doInvoke(Invoker.java:66)
	at io.cucumber.java.Invoker.invoke(Invoker.java:24)
	at io.cucumber.java.AbstractGlueDefinition.invokeMethod(AbstractGlueDefinition.java:47)
	at io.cucumber.java.JavaHookDefinition.execute(JavaHookDefinition.java:64)
	at io.cucumber.core.runner.CoreHookDefinition.execute(CoreHookDefinition.java:46)
	at io.cucumber.core.runner.HookDefinitionMatch.runStep(HookDefinitionMatch.java:21)
	at io.cucumber.core.runner.ExecutionMode$1.execute(ExecutionMode.java:10)
	at io.cucumber.core.runner.TestStep.executeStep(TestStep.java:81)
	at io.cucumber.core.runner.TestStep.run(TestStep.java:53)
	at io.cucumber.core.runner.TestCase.run(TestCase.java:78)
	at io.cucumber.core.runner.Runner.runPickle(Runner.java:75)
	at io.cucumber.testng.TestNGCucumberRunner.lambda$runScenario$1(TestNGCucumberRunner.java:132)
	at io.cucumber.core.runtime.CucumberExecutionContext.lambda$runTestCase$5(CucumberExecutionContext.java:136)
	at io.cucumber.core.runtime.RethrowingThrowableCollector.executeAndThrow(RethrowingThrowableCollector.java:23)
	at io.cucumber.core.runtime.CucumberExecutionContext.runTestCase(CucumberExecutionContext.java:136)
	at io.cucumber.testng.TestNGCucumberRunner.runScenario(TestNGCucumberRunner.java:129)
	at io.cucumber.testng.AbstractTestNGCucumberTests.runScenario(AbstractTestNGCucumberTests.java:35)
	at com.eventhub.automation.runners.ParallelCucumberTestRunner.runScenario(ParallelCucumberTestRunner.java:35)
	at java.base/jdk.internal.reflect.NativeMethodAccessorImpl.invoke0(Native Method)
	at java.base/jdk.internal.reflect.NativeMethodAccessorImpl.invoke(NativeMethodAccessorImpl.java:77)
	at java.base/jdk.internal.reflect.DelegatingMethodAccessorImpl.invoke(DelegatingMethodAccessorImpl.java:43)
	at java.base/java.lang.reflect.Method.invoke(Method.java:569)
	at org.testng.internal.invokers.MethodInvocationHelper.invokeMethod(MethodInvocationHelper.java:141)
	at org.testng.internal.invokers.TestInvoker.invokeMethod(TestInvoker.java:686)
	at org.testng.internal.invokers.TestInvoker.invokeTestMethod(TestInvoker.java:230)
	at org.testng.internal.invokers.TestMethodWithDataProviderMethodWorker.call(TestMethodWithDataProviderMethodWorker.java:81)
	at org.testng.internal.thread.Async$AsyncTask.run(Async.java:34)
	at java.base/java.util.concurrent.ThreadPoolExecutor.runWorker(ThreadPoolExecutor.java:1136)
	at java.base/java.util.concurrent.ThreadPoolExecutor$Worker.run(ThreadPoolExecutor.java:635)
	at java.base/java.lang.Thread.run(Thread.java:840)

  Given I am signed in to EventHub                                                                                                # com.eventhub.automation.steps.AuthSteps.iAmSignedInToEventHub()
  When I open the Events page                                                                                                     # com.eventhub.automation.steps.EventSteps.iOpenTheEventsPage()
  Then event "Dilli Diwali Mela" card should show category "Festival", city "Delhi", price "$300", seats, and availability status # com.eventhub.automation.steps.EventSteps.eventCardShouldShowBusinessDetails(java.lang.String,java.lang.String,java.lang.String,java.lang.String)
      com.eventhub.automation.exceptions.FrameworkException: WebDriver was not initialized for this thread.
	at com.eventhub.automation.drivers.DriverManager.getDriver(DriverManager.java:21)
	at com.eventhub.automation.utils.ScreenshotUtils.captureBytes(ScreenshotUtils.java:39)
	at com.eventhub.automation.hooks.CucumberHooks.stopBrowser(CucumberHooks.java:43)


@events @ui @owner-platform @risk-discovery @intent-discovery @impact-events @p1 @regression @parallel-safe @critical
Scenario: Event detail deep link loads correct metadata           # src/test/resources/features/events/event_discovery.feature:84
      org.openqa.selenium.SessionNotCreatedException: Could not start a new session. Possible causes are invalid address of the remote server or browser start-up failure. 
Host info: host: 'runnervmvrwv9', ip: '10.1.0.223'
	at org.openqa.selenium.remote.RemoteWebDriver.execute(RemoteWebDriver.java:563)
	at org.openqa.selenium.remote.RemoteWebDriver.startSession(RemoteWebDriver.java:245)
	at org.openqa.selenium.remote.RemoteWebDriver.<init>(RemoteWebDriver.java:174)
	at org.openqa.selenium.remote.RemoteWebDriver.<init>(RemoteWebDriver.java:152)
	at com.eventhub.automation.drivers.DriverFactory.createBrowserStackChromeDriver(DriverFactory.java:90)
	at com.eventhub.automation.drivers.DriverFactory.createDriver(DriverFactory.java:41)
	at com.eventhub.automation.drivers.DriverManager.initializeDriver(DriverManager.java:14)
	at com.eventhub.automation.hooks.CucumberHooks.startBrowser(CucumberHooks.java:36)
Caused by: org.openqa.selenium.WebDriverException: selenium jar version is either invalid, wrongly formatted, or not supported. Please refer to http://bit.ly/automate-capabilities
Build info: version: '4.23.1', revision: '656257d8e9'
System info: os.name: 'Linux', os.arch: 'amd64', os.version: '6.17.0-1020-azure', java.version: '17.0.19'
Driver info: driver.version: RemoteWebDriver
remote stacktrace: 
	at java.base/jdk.internal.reflect.NativeConstructorAccessorImpl.newInstance0(Native Method)
	at java.base/jdk.internal.reflect.NativeConstructorAccessorImpl.newInstance(NativeConstructorAccessorImpl.java:77)
	at java.base/jdk.internal.reflect.DelegatingConstructorAccessorImpl.newInstance(DelegatingConstructorAccessorImpl.java:45)
	at java.base/java.lang.reflect.Constructor.newInstanceWithCaller(Constructor.java:500)
	at java.base/java.lang.reflect.Constructor.newInstance(Constructor.java:481)
	at org.openqa.selenium.remote.W3CHandshakeResponse.lambda$errorHandler$0(W3CHandshakeResponse.java:59)
	at org.openqa.selenium.remote.HandshakeResponse.lambda$getResponseFunction$0(HandshakeResponse.java:31)
	at org.openqa.selenium.remote.ProtocolHandshake.lambda$createSession$0(ProtocolHandshake.java:120)
	at java.base/java.util.stream.ReferencePipeline$3$1.accept(ReferencePipeline.java:197)
	at java.base/java.util.stream.Streams$StreamBuilderImpl.tryAdvance(Streams.java:397)
	at java.base/java.util.stream.ReferencePipeline.forEachWithCancel(ReferencePipeline.java:129)
	at java.base/java.util.stream.AbstractPipeline.copyIntoWithCancel(AbstractPipeline.java:527)
	at java.base/java.util.stream.AbstractPipeline.copyInto(AbstractPipeline.java:513)
	at java.base/java.util.stream.AbstractPipeline.wrapAndCopyInto(AbstractPipeline.java:499)
	at java.base/java.util.stream.FindOps$FindOp.evaluateSequential(FindOps.java:150)
	at java.base/java.util.stream.AbstractPipeline.evaluate(AbstractPipeline.java:234)
	at java.base/java.util.stream.ReferencePipeline.findFirst(ReferencePipeline.java:647)
	at org.openqa.selenium.remote.ProtocolHandshake.createSession(ProtocolHandshake.java:122)
	at org.openqa.selenium.remote.ProtocolHandshake.createSession(ProtocolHandshake.java:75)
	at org.openqa.selenium.remote.ProtocolHandshake.createSession(ProtocolHandshake.java:61)
	at org.openqa.selenium.remote.HttpCommandExecutor.execute(HttpCommandExecutor.java:162)
	at org.openqa.selenium.remote.TracedCommandExecutor.execute(TracedCommandExecutor.java:53)
	at org.openqa.selenium.remote.RemoteWebDriver.execute(RemoteWebDriver.java:545)
	at org.openqa.selenium.remote.RemoteWebDriver.startSession(RemoteWebDriver.java:245)
	at org.openqa.selenium.remote.RemoteWebDriver.<init>(RemoteWebDriver.java:174)
	at org.openqa.selenium.remote.RemoteWebDriver.<init>(RemoteWebDriver.java:152)
	at com.eventhub.automation.drivers.DriverFactory.createBrowserStackChromeDriver(DriverFactory.java:90)
	at com.eventhub.automation.drivers.DriverFactory.createDriver(DriverFactory.java:41)
	at com.eventhub.automation.drivers.DriverManager.initializeDriver(DriverManager.java:14)
	at com.eventhub.automation.hooks.CucumberHooks.startBrowser(CucumberHooks.java:36)
	at java.base/jdk.internal.reflect.NativeMethodAccessorImpl.invoke0(Native Method)
	at java.base/jdk.internal.reflect.NativeMethodAccessorImpl.invoke(NativeMethodAccessorImpl.java:77)
	at java.base/jdk.internal.reflect.DelegatingMethodAccessorImpl.invoke(DelegatingMethodAccessorImpl.java:43)
	at java.base/java.lang.reflect.Method.invoke(Method.java:569)
	at io.cucumber.java.Invoker.doInvoke(Invoker.java:66)
	at io.cucumber.java.Invoker.invoke(Invoker.java:24)
	at io.cucumber.java.AbstractGlueDefinition.invokeMethod(AbstractGlueDefinition.java:47)
	at io.cucumber.java.JavaHookDefinition.execute(JavaHookDefinition.java:64)
	at io.cucumber.core.runner.CoreHookDefinition.execute(CoreHookDefinition.java:46)
	at io.cucumber.core.runner.HookDefinitionMatch.runStep(HookDefinitionMatch.java:21)
	at io.cucumber.core.runner.ExecutionMode$1.execute(ExecutionMode.java:10)
	at io.cucumber.core.runner.TestStep.executeStep(TestStep.java:81)
	at io.cucumber.core.runner.TestStep.run(TestStep.java:53)
	at io.cucumber.core.runner.TestCase.run(TestCase.java:78)
	at io.cucumber.core.runner.Runner.runPickle(Runner.java:75)
	at io.cucumber.testng.TestNGCucumberRunner.lambda$runScenario$1(TestNGCucumberRunner.java:132)
	at io.cucumber.core.runtime.CucumberExecutionContext.lambda$runTestCase$5(CucumberExecutionContext.java:136)
	at io.cucumber.core.runtime.RethrowingThrowableCollector.executeAndThrow(RethrowingThrowableCollector.java:23)
	at io.cucumber.core.runtime.CucumberExecutionContext.runTestCase(CucumberExecutionContext.java:136)
	at io.cucumber.testng.TestNGCucumberRunner.runScenario(TestNGCucumberRunner.java:129)
	at io.cucumber.testng.AbstractTestNGCucumberTests.runScenario(AbstractTestNGCucumberTests.java:35)
	at com.eventhub.automation.runners.ParallelCucumberTestRunner.runScenario(ParallelCucumberTestRunner.java:35)
	at java.base/jdk.internal.reflect.NativeMethodAccessorImpl.invoke0(Native Method)
	at java.base/jdk.internal.reflect.NativeMethodAccessorImpl.invoke(NativeMethodAccessorImpl.java:77)
	at java.base/jdk.internal.reflect.DelegatingMethodAccessorImpl.invoke(DelegatingMethodAccessorImpl.java:43)
	at java.base/java.lang.reflect.Method.invoke(Method.java:569)
	at org.testng.internal.invokers.MethodInvocationHelper.invokeMethod(MethodInvocationHelper.java:141)
	at org.testng.internal.invokers.TestInvoker.invokeMethod(TestInvoker.java:686)
	at org.testng.internal.invokers.TestInvoker.invokeTestMethod(TestInvoker.java:230)
	at org.testng.internal.invokers.TestMethodWithDataProviderMethodWorker.call(TestMethodWithDataProviderMethodWorker.java:81)
	at org.testng.internal.thread.Async$AsyncTask.run(Async.java:34)
	at java.base/java.util.concurrent.ThreadPoolExecutor.runWorker(ThreadPoolExecutor.java:1136)
	at java.base/java.util.concurrent.ThreadPoolExecutor$Worker.run(ThreadPoolExecutor.java:635)
	at java.base/java.lang.Thread.run(Thread.java:840)

  Given I am signed in to EventHub                                 # com.eventhub.automation.steps.AuthSteps.iAmSignedInToEventHub()
  When I open details from the title for event "World Tech Summit" # com.eventhub.automation.steps.EventSteps.iOpenDetailsFromTheTitleForEvent(java.lang.String)
  Then I should see metadata for event "World Tech Summit"         # com.eventhub.automation.steps.EventSteps.iShouldSeeMetadataForEvent(java.lang.String)
      com.eventhub.automation.exceptions.FrameworkException: WebDriver was not initialized for this thread.
	at com.eventhub.automation.drivers.DriverManager.getDriver(DriverManager.java:21)
	at com.eventhub.automation.utils.ScreenshotUtils.captureBytes(ScreenshotUtils.java:39)
	at com.eventhub.automation.hooks.CucumberHooks.stopBrowser(CucumberHooks.java:43)


@events @ui @owner-platform @risk-discovery @intent-discovery @impact-events @p1 @regression @parallel-safe @critical
Scenario: User can open a bookable event detail page from Book Now # src/test/resources/features/events/event_discovery.feature:89
      org.openqa.selenium.SessionNotCreatedException: Could not start a new session. Possible causes are invalid address of the remote server or browser start-up failure. 
Host info: host: 'runnervmvrwv9', ip: '10.1.0.223'
	at org.openqa.selenium.remote.RemoteWebDriver.execute(RemoteWebDriver.java:563)
	at org.openqa.selenium.remote.RemoteWebDriver.startSession(RemoteWebDriver.java:245)
	at org.openqa.selenium.remote.RemoteWebDriver.<init>(RemoteWebDriver.java:174)
	at org.openqa.selenium.remote.RemoteWebDriver.<init>(RemoteWebDriver.java:152)
	at com.eventhub.automation.drivers.DriverFactory.createBrowserStackChromeDriver(DriverFactory.java:90)
	at com.eventhub.automation.drivers.DriverFactory.createDriver(DriverFactory.java:41)
	at com.eventhub.automation.drivers.DriverManager.initializeDriver(DriverManager.java:14)
	at com.eventhub.automation.hooks.CucumberHooks.startBrowser(CucumberHooks.java:36)
Caused by: org.openqa.selenium.WebDriverException: selenium jar version is either invalid, wrongly formatted, or not supported. Please refer to http://bit.ly/automate-capabilities
Build info: version: '4.23.1', revision: '656257d8e9'
System info: os.name: 'Linux', os.arch: 'amd64', os.version: '6.17.0-1020-azure', java.version: '17.0.19'
Driver info: driver.version: RemoteWebDriver
remote stacktrace: 
	at java.base/jdk.internal.reflect.NativeConstructorAccessorImpl.newInstance0(Native Method)
	at java.base/jdk.internal.reflect.NativeConstructorAccessorImpl.newInstance(NativeConstructorAccessorImpl.java:77)
	at java.base/jdk.internal.reflect.DelegatingConstructorAccessorImpl.newInstance(DelegatingConstructorAccessorImpl.java:45)
	at java.base/java.lang.reflect.Constructor.newInstanceWithCaller(Constructor.java:500)
	at java.base/java.lang.reflect.Constructor.newInstance(Constructor.java:481)
	at org.openqa.selenium.remote.W3CHandshakeResponse.lambda$errorHandler$0(W3CHandshakeResponse.java:59)
	at org.openqa.selenium.remote.HandshakeResponse.lambda$getResponseFunction$0(HandshakeResponse.java:31)
	at org.openqa.selenium.remote.ProtocolHandshake.lambda$createSession$0(ProtocolHandshake.java:120)
	at java.base/java.util.stream.ReferencePipeline$3$1.accept(ReferencePipeline.java:197)
	at java.base/java.util.stream.Streams$StreamBuilderImpl.tryAdvance(Streams.java:397)
	at java.base/java.util.stream.ReferencePipeline.forEachWithCancel(ReferencePipeline.java:129)
	at java.base/java.util.stream.AbstractPipeline.copyIntoWithCancel(AbstractPipeline.java:527)
	at java.base/java.util.stream.AbstractPipeline.copyInto(AbstractPipeline.java:513)
	at java.base/java.util.stream.AbstractPipeline.wrapAndCopyInto(AbstractPipeline.java:499)
	at java.base/java.util.stream.FindOps$FindOp.evaluateSequential(FindOps.java:150)
	at java.base/java.util.stream.AbstractPipeline.evaluate(AbstractPipeline.java:234)
	at java.base/java.util.stream.ReferencePipeline.findFirst(ReferencePipeline.java:647)
	at org.openqa.selenium.remote.ProtocolHandshake.createSession(ProtocolHandshake.java:122)
	at org.openqa.selenium.remote.ProtocolHandshake.createSession(ProtocolHandshake.java:75)
	at org.openqa.selenium.remote.ProtocolHandshake.createSession(ProtocolHandshake.java:61)
	at org.openqa.selenium.remote.HttpCommandExecutor.execute(HttpCommandExecutor.java:162)
	at org.openqa.selenium.remote.TracedCommandExecutor.execute(TracedCommandExecutor.java:53)
	at org.openqa.selenium.remote.RemoteWebDriver.execute(RemoteWebDriver.java:545)
	at org.openqa.selenium.remote.RemoteWebDriver.startSession(RemoteWebDriver.java:245)
	at org.openqa.selenium.remote.RemoteWebDriver.<init>(RemoteWebDriver.java:174)
	at org.openqa.selenium.remote.RemoteWebDriver.<init>(RemoteWebDriver.java:152)
	at com.eventhub.automation.drivers.DriverFactory.createBrowserStackChromeDriver(DriverFactory.java:90)
	at com.eventhub.automation.drivers.DriverFactory.createDriver(DriverFactory.java:41)
	at com.eventhub.automation.drivers.DriverManager.initializeDriver(DriverManager.java:14)
	at com.eventhub.automation.hooks.CucumberHooks.startBrowser(CucumberHooks.java:36)
	at java.base/jdk.internal.reflect.NativeMethodAccessorImpl.invoke0(Native Method)
	at java.base/jdk.internal.reflect.NativeMethodAccessorImpl.invoke(NativeMethodAccessorImpl.java:77)
	at java.base/jdk.internal.reflect.DelegatingMethodAccessorImpl.invoke(DelegatingMethodAccessorImpl.java:43)
	at java.base/java.lang.reflect.Method.invoke(Method.java:569)
	at io.cucumber.java.Invoker.doInvoke(Invoker.java:66)
	at io.cucumber.java.Invoker.invoke(Invoker.java:24)
	at io.cucumber.java.AbstractGlueDefinition.invokeMethod(AbstractGlueDefinition.java:47)
	at io.cucumber.java.JavaHookDefinition.execute(JavaHookDefinition.java:64)
	at io.cucumber.core.runner.CoreHookDefinition.execute(CoreHookDefinition.java:46)
	at io.cucumber.core.runner.HookDefinitionMatch.runStep(HookDefinitionMatch.java:21)
	at io.cucumber.core.runner.ExecutionMode$1.execute(ExecutionMode.java:10)
	at io.cucumber.core.runner.TestStep.executeStep(TestStep.java:81)
	at io.cucumber.core.runner.TestStep.run(TestStep.java:53)
	at io.cucumber.core.runner.TestCase.run(TestCase.java:78)
	at io.cucumber.core.runner.Runner.runPickle(Runner.java:75)
	at io.cucumber.testng.TestNGCucumberRunner.lambda$runScenario$1(TestNGCucumberRunner.java:132)
	at io.cucumber.core.runtime.CucumberExecutionContext.lambda$runTestCase$5(CucumberExecutionContext.java:136)
	at io.cucumber.core.runtime.RethrowingThrowableCollector.executeAndThrow(RethrowingThrowableCollector.java:23)
	at io.cucumber.core.runtime.CucumberExecutionContext.runTestCase(CucumberExecutionContext.java:136)
	at io.cucumber.testng.TestNGCucumberRunner.runScenario(TestNGCucumberRunner.java:129)
	at io.cucumber.testng.AbstractTestNGCucumberTests.runScenario(AbstractTestNGCucumberTests.java:35)
	at com.eventhub.automation.runners.ParallelCucumberTestRunner.runScenario(ParallelCucumberTestRunner.java:35)
	at java.base/jdk.internal.reflect.NativeMethodAccessorImpl.invoke0(Native Method)
	at java.base/jdk.internal.reflect.NativeMethodAccessorImpl.invoke(NativeMethodAccessorImpl.java:77)
	at java.base/jdk.internal.reflect.DelegatingMethodAccessorImpl.invoke(DelegatingMethodAccessorImpl.java:43)
	at java.base/java.lang.reflect.Method.invoke(Method.java:569)
	at org.testng.internal.invokers.MethodInvocationHelper.invokeMethod(MethodInvocationHelper.java:141)
	at org.testng.internal.invokers.TestInvoker.invokeMethod(TestInvoker.java:686)
	at org.testng.internal.invokers.TestInvoker.invokeTestMethod(TestInvoker.java:230)
	at org.testng.internal.invokers.TestMethodWithDataProviderMethodWorker.call(TestMethodWithDataProviderMethodWorker.java:81)
	at org.testng.internal.thread.Async$AsyncTask.run(Async.java:34)
	at java.base/java.util.concurrent.ThreadPoolExecutor.runWorker(ThreadPoolExecutor.java:1136)
	at java.base/java.util.concurrent.ThreadPoolExecutor$Worker.run(ThreadPoolExecutor.java:635)
	at java.base/java.lang.Thread.run(Thread.java:840)

  Given I am signed in to EventHub                                # com.eventhub.automation.steps.AuthSteps.iAmSignedInToEventHub()
  When I directly open event detail for event "World Tech Summit" # com.eventhub.automation.steps.EventSteps.iDirectlyOpenEventDetailForEvent(java.lang.String)
  Then I should see metadata for event "World Tech Summit"        # com.eventhub.automation.steps.EventSteps.iShouldSeeMetadataForEvent(java.lang.String)
      com.eventhub.automation.exceptions.FrameworkException: WebDriver was not initialized for this thread.
	at com.eventhub.automation.drivers.DriverManager.getDriver(DriverManager.java:21)
	at com.eventhub.automation.utils.ScreenshotUtils.captureBytes(ScreenshotUtils.java:39)
	at com.eventhub.automation.hooks.CucumberHooks.stopBrowser(CucumberHooks.java:43)

      org.openqa.selenium.SessionNotCreatedException: Could not start a new session. Possible causes are invalid address of the remote server or browser start-up failure. 
Host info: host: 'runnervmvrwv9', ip: '10.1.0.223'
	at org.openqa.selenium.remote.RemoteWebDriver.execute(RemoteWebDriver.java:563)
	at org.openqa.selenium.remote.RemoteWebDriver.startSession(RemoteWebDriver.java:245)
	at org.openqa.selenium.remote.RemoteWebDriver.<init>(RemoteWebDriver.java:174)
	at org.openqa.selenium.remote.RemoteWebDriver.<init>(RemoteWebDriver.java:152)
	at com.eventhub.automation.drivers.DriverFactory.createBrowserStackChromeDriver(DriverFactory.java:90)
	at com.eventhub.automation.drivers.DriverFactory.createDriver(DriverFactory.java:41)
	at com.eventhub.automation.drivers.DriverManager.initializeDriver(DriverManager.java:14)
	at com.eventhub.automation.hooks.CucumberHooks.startBrowser(CucumberHooks.java:36)
Caused by: org.openqa.selenium.WebDriverException: selenium jar version is either invalid, wrongly formatted, or not supported. Please refer to http://bit.ly/automate-capabilities
Build info: version: '4.23.1', revision: '656257d8e9'
System info: os.name: 'Linux', os.arch: 'amd64', os.version: '6.17.0-1020-azure', java.version: '17.0.19'
Driver info: driver.version: RemoteWebDriver
remote stacktrace: 
	at java.base/jdk.internal.reflect.NativeConstructorAccessorImpl.newInstance0(Native Method)
	at java.base/jdk.internal.reflect.NativeConstructorAccessorImpl.newInstance(NativeConstructorAccessorImpl.java:77)
	at java.base/jdk.internal.reflect.DelegatingConstructorAccessorImpl.newInstance(DelegatingConstructorAccessorImpl.java:45)
	at java.base/java.lang.reflect.Constructor.newInstanceWithCaller(Constructor.java:500)
	at java.base/java.lang.reflect.Constructor.newInstance(Constructor.java:481)
	at org.openqa.selenium.remote.W3CHandshakeResponse.lambda$errorHandler$0(W3CHandshakeResponse.java:59)
	at org.openqa.selenium.remote.HandshakeResponse.lambda$getResponseFunction$0(HandshakeResponse.java:31)
	at org.openqa.selenium.remote.ProtocolHandshake.lambda$createSession$0(ProtocolHandshake.java:120)
	at java.base/java.util.stream.ReferencePipeline$3$1.accept(ReferencePipeline.java:197)
	at java.base/java.util.stream.Streams$StreamBuilderImpl.tryAdvance(Streams.java:397)
	at java.base/java.util.stream.ReferencePipeline.forEachWithCancel(ReferencePipeline.java:129)
	at java.base/java.util.stream.AbstractPipeline.copyIntoWithCancel(AbstractPipeline.java:527)
	at java.base/java.util.stream.AbstractPipeline.copyInto(AbstractPipeline.java:513)
	at java.base/java.util.stream.AbstractPipeline.wrapAndCopyInto(AbstractPipeline.java:499)
	at java.base/java.util.stream.FindOps$FindOp.evaluateSequential(FindOps.java:150)
	at java.base/java.util.stream.AbstractPipeline.evaluate(AbstractPipeline.java:234)
	at java.base/java.util.stream.ReferencePipeline.findFirst(ReferencePipeline.java:647)
	at org.openqa.selenium.remote.ProtocolHandshake.createSession(ProtocolHandshake.java:122)
	at org.openqa.selenium.remote.ProtocolHandshake.createSession(ProtocolHandshake.java:75)
	at org.openqa.selenium.remote.ProtocolHandshake.createSession(ProtocolHandshake.java:61)
	at org.openqa.selenium.remote.HttpCommandExecutor.execute(HttpCommandExecutor.java:162)
	at org.openqa.selenium.remote.TracedCommandExecutor.execute(TracedCommandExecutor.java:53)
	at org.openqa.selenium.remote.RemoteWebDriver.execute(RemoteWebDriver.java:545)
	at org.openqa.selenium.remote.RemoteWebDriver.startSession(RemoteWebDriver.java:245)
	at org.openqa.selenium.remote.RemoteWebDriver.<init>(RemoteWebDriver.java:174)
	at org.openqa.selenium.remote.RemoteWebDriver.<init>(RemoteWebDriver.java:152)
	at com.eventhub.automation.drivers.DriverFactory.createBrowserStackChromeDriver(DriverFactory.java:90)
	at com.eventhub.automation.drivers.DriverFactory.createDriver(DriverFactory.java:41)
	at com.eventhub.automation.drivers.DriverManager.initializeDriver(DriverManager.java:14)
	at com.eventhub.automation.hooks.CucumberHooks.startBrowser(CucumberHooks.java:36)
	at java.base/jdk.internal.reflect.NativeMethodAccessorImpl.invoke0(Native Method)
	at java.base/jdk.internal.reflect.NativeMethodAccessorImpl.invoke(NativeMethodAccessorImpl.java:77)
	at java.base/jdk.internal.reflect.DelegatingMethodAccessorImpl.invoke(DelegatingMethodAccessorImpl.java:43)
	at java.base/java.lang.reflect.Method.invoke(Method.java:569)
	at io.cucumber.java.Invoker.doInvoke(Invoker.java:66)
	at io.cucumber.java.Invoker.invoke(Invoker.java:24)
	at io.cucumber.java.AbstractGlueDefinition.invokeMethod(AbstractGlueDefinition.java:47)
	at io.cucumber.java.JavaHookDefinition.execute(JavaHookDefinition.java:64)
	at io.cucumber.core.runner.CoreHookDefinition.execute(CoreHookDefinition.java:46)
	at io.cucumber.core.runner.HookDefinitionMatch.runStep(HookDefinitionMatch.java:21)
	at io.cucumber.core.runner.ExecutionMode$1.execute(ExecutionMode.java:10)
	at io.cucumber.core.runner.TestStep.executeStep(TestStep.java:81)
	at io.cucumber.core.runner.TestStep.run(TestStep.java:53)
	at io.cucumber.core.runner.TestCase.run(TestCase.java:78)
	at io.cucumber.core.runner.Runner.runPickle(Runner.java:75)
	at io.cucumber.testng.TestNGCucumberRunner.lambda$runScenario$1(TestNGCucumberRunner.java:132)
	at io.cucumber.core.runtime.CucumberExecutionContext.lambda$runTestCase$5(CucumberExecutionContext.java:136)
	at io.cucumber.core.runtime.RethrowingThrowableCollector.executeAndThrow(RethrowingThrowableCollector.java:23)
	at io.cucumber.core.runtime.CucumberExecutionContext.runTestCase(CucumberExecutionContext.java:136)
	at io.cucumber.testng.TestNGCucumberRunner.runScenario(TestNGCucumberRunner.java:129)
	at io.cucumber.testng.AbstractTestNGCucumberTests.runScenario(AbstractTestNGCucumberTests.java:35)
	at com.eventhub.automation.runners.ParallelCucumberTestRunner.runScenario(ParallelCucumberTestRunner.java:35)
	at java.base/jdk.internal.reflect.NativeMethodAccessorImpl.invoke0(Native Method)
	at java.base/jdk.internal.reflect.NativeMethodAccessorImpl.invoke(NativeMethodAccessorImpl.java:77)
	at java.base/jdk.internal.reflect.DelegatingMethodAccessorImpl.invoke(DelegatingMethodAccessorImpl.java:43)
	at java.base/java.lang.reflect.Method.invoke(Method.java:569)
	at org.testng.internal.invokers.MethodInvocationHelper.invokeMethod(MethodInvocationHelper.java:141)
	at org.testng.internal.invokers.TestInvoker.invokeMethod(TestInvoker.java:686)
	at org.testng.internal.invokers.TestInvoker.invokeTestMethod(TestInvoker.java:230)
	at org.testng.internal.invokers.TestMethodWithDataProviderMethodWorker.call(TestMethodWithDataProviderMethodWorker.java:81)
	at org.testng.internal.thread.Async$AsyncTask.run(Async.java:34)
	at java.base/java.util.concurrent.ThreadPoolExecutor.runWorker(ThreadPoolExecutor.java:1136)
	at java.base/java.util.concurrent.ThreadPoolExecutor$Worker.run(ThreadPoolExecutor.java:635)
	at java.base/java.lang.Thread.run(Thread.java:840)

  Given I am signed in to EventHub                                 # com.eventhub.automation.steps.AuthSteps.iAmSignedInToEventHub()
  When I open details from Book Now for a bookable event           # com.eventhub.automation.steps.EventSteps.iOpenDetailsFromBookNowForABookableEvent()
  Then I should see the event detail booking panel                 # com.eventhub.automation.steps.BookingSteps.iShouldSeeTheEventDetailBookingPanel()
      com.eventhub.automation.exceptions.FrameworkException: WebDriver was not initialized for this thread.
	at com.eventhub.automation.drivers.DriverManager.getDriver(DriverManager.java:21)
	at com.eventhub.automation.utils.ScreenshotUtils.captureBytes(ScreenshotUtils.java:39)
	at com.eventhub.automation.hooks.CucumberHooks.stopBrowser(CucumberHooks.java:43)


Failed scenarios:
file:///home/runner/work/EventHub-Selenium-BDD/EventHub-Selenium-BDD/src/test/resources/features/events/event_discovery.feature:20 # User can search for events by keyword
file:///home/runner/work/EventHub-Selenium-BDD/EventHub-Selenium-BDD/src/test/resources/features/events/event_discovery.feature:8 # User can view upcoming events
file:///home/runner/work/EventHub-Selenium-BDD/EventHub-Selenium-BDD/src/test/resources/features/events/event_discovery.feature:21 # User can search for events by keyword
file:///home/runner/work/EventHub-Selenium-BDD/EventHub-Selenium-BDD/src/test/resources/features/events/event_discovery.feature:22 # User can search for events by keyword
file:///home/runner/work/EventHub-Selenium-BDD/EventHub-Selenium-BDD/src/test/resources/features/events/event_discovery.feature:25 # User can search for an event by title and exclude unrelated cards
file:///home/runner/work/EventHub-Selenium-BDD/EventHub-Selenium-BDD/src/test/resources/features/events/event_discovery.feature:32 # User can filter events by city and category
file:///home/runner/work/EventHub-Selenium-BDD/EventHub-Selenium-BDD/src/test/resources/features/events/event_discovery.feature:39 # User can clear filters and restore the event list
file:///home/runner/work/EventHub-Selenium-BDD/EventHub-Selenium-BDD/src/test/resources/features/events/event_discovery.feature:47 # Event filters reset after refresh
file:///home/runner/work/EventHub-Selenium-BDD/EventHub-Selenium-BDD/src/test/resources/features/events/event_discovery.feature:55 # Event filters reset after navigating away and back
file:///home/runner/work/EventHub-Selenium-BDD/EventHub-Selenium-BDD/src/test/resources/features/events/event_discovery.feature:64 # User sees an empty state for unmatched search
file:///home/runner/work/EventHub-Selenium-BDD/EventHub-Selenium-BDD/src/test/resources/features/events/event_discovery.feature:70 # Event cards expose business-critical details
file:///home/runner/work/EventHub-Selenium-BDD/EventHub-Selenium-BDD/src/test/resources/features/events/event_discovery.feature:81 # User can open event details
file:///home/runner/work/EventHub-Selenium-BDD/EventHub-Selenium-BDD/src/test/resources/features/events/event_discovery.feature:84 # Event detail deep link loads correct metadata
file:///home/runner/work/EventHub-Selenium-BDD/EventHub-Selenium-BDD/src/test/resources/features/events/event_discovery.feature:89 # User can open a bookable event detail page from Book Now

14 Scenarios (14 failed)
60 Steps (60 skipped)
0m12.444s


org.openqa.selenium.SessionNotCreatedException: Could not start a new session. Possible causes are invalid address of the remote server or browser start-up failure. 
Host info: host: 'runnervmvrwv9', ip: '10.1.0.223'
	at org.openqa.selenium.remote.RemoteWebDriver.execute(RemoteWebDriver.java:563)
	at org.openqa.selenium.remote.RemoteWebDriver.startSession(RemoteWebDriver.java:245)
	at org.openqa.selenium.remote.RemoteWebDriver.<init>(RemoteWebDriver.java:174)
	at org.openqa.selenium.remote.RemoteWebDriver.<init>(RemoteWebDriver.java:152)
	at com.eventhub.automation.drivers.DriverFactory.createBrowserStackChromeDriver(DriverFactory.java:90)
	at com.eventhub.automation.drivers.DriverFactory.createDriver(DriverFactory.java:41)
	at com.eventhub.automation.drivers.DriverManager.initializeDriver(DriverManager.java:14)
	at com.eventhub.automation.hooks.CucumberHooks.startBrowser(CucumberHooks.java:36)
Caused by: org.openqa.selenium.WebDriverException: selenium jar version is either invalid, wrongly formatted, or not supported. Please refer to http://bit.ly/automate-capabilities
Build info: version: '4.23.1', revision: '656257d8e9'
System info: os.name: 'Linux', os.arch: 'amd64', os.version: '6.17.0-1020-azure', java.version: '17.0.19'
Driver info: driver.version: RemoteWebDriver
remote stacktrace: 
	at java.base/jdk.internal.reflect.NativeConstructorAccessorImpl.newInstance0(Native Method)
	at java.base/jdk.internal.reflect.NativeConstructorAccessorImpl.newInstance(NativeConstructorAccessorImpl.java:77)
	at java.base/jdk.internal.reflect.DelegatingConstructorAccessorImpl.newInstance(DelegatingConstructorAccessorImpl.java:45)
	at java.base/java.lang.reflect.Constructor.newInstanceWithCaller(Constructor.java:500)
	at java.base/java.lang.reflect.Constructor.newInstance(Constructor.java:481)
	at org.openqa.selenium.remote.W3CHandshakeResponse.lambda$errorHandler$0(W3CHandshakeResponse.java:59)
	at org.openqa.selenium.remote.HandshakeResponse.lambda$getResponseFunction$0(HandshakeResponse.java:31)
	at org.openqa.selenium.remote.ProtocolHandshake.lambda$createSession$0(ProtocolHandshake.java:120)
	at java.base/java.util.stream.ReferencePipeline$3$1.accept(ReferencePipeline.java:197)
	at java.base/java.util.stream.Streams$StreamBuilderImpl.tryAdvance(Streams.java:397)
	at java.base/java.util.stream.ReferencePipeline.forEachWithCancel(ReferencePipeline.java:129)
	at java.base/java.util.stream.AbstractPipeline.copyIntoWithCancel(AbstractPipeline.java:527)
	at java.base/java.util.stream.AbstractPipeline.copyInto(AbstractPipeline.java:513)
	at java.base/java.util.stream.AbstractPipeline.wrapAndCopyInto(AbstractPipeline.java:499)
	at java.base/java.util.stream.FindOps$FindOp.evaluateSequential(FindOps.java:150)
	at java.base/java.util.stream.AbstractPipeline.evaluate(AbstractPipeline.java:234)
	at java.base/java.util.stream.ReferencePipeline.findFirst(ReferencePipeline.java:647)
	at org.openqa.selenium.remote.ProtocolHandshake.createSession(ProtocolHandshake.java:122)
	at org.openqa.selenium.remote.ProtocolHandshake.createSession(ProtocolHandshake.java:75)
	at org.openqa.selenium.remote.ProtocolHandshake.createSession(ProtocolHandshake.java:61)
	at org.openqa.selenium.remote.HttpCommandExecutor.execute(HttpCommandExecutor.java:162)
	at org.openqa.selenium.remote.TracedCommandExecutor.execute(TracedCommandExecutor.java:53)
	at org.openqa.selenium.remote.RemoteWebDriver.execute(RemoteWebDriver.java:545)
	at org.openqa.selenium.remote.RemoteWebDriver.startSession(RemoteWebDriver.java:245)
	at org.openqa.selenium.remote.RemoteWebDriver.<init>(RemoteWebDriver.java:174)
	at org.openqa.selenium.remote.RemoteWebDriver.<init>(RemoteWebDriver.java:152)
	at com.eventhub.automation.drivers.DriverFactory.createBrowserStackChromeDriver(DriverFactory.java:90)
	at com.eventhub.automation.drivers.DriverFactory.createDriver(DriverFactory.java:41)
	at com.eventhub.automation.drivers.DriverManager.initializeDriver(DriverManager.java:14)
	at com.eventhub.automation.hooks.CucumberHooks.startBrowser(CucumberHooks.java:36)
	at java.base/jdk.internal.reflect.NativeMethodAccessorImpl.invoke0(Native Method)
	at java.base/jdk.internal.reflect.NativeMethodAccessorImpl.invoke(NativeMethodAccessorImpl.java:77)
	at java.base/jdk.internal.reflect.DelegatingMethodAccessorImpl.invoke(DelegatingMethodAccessorImpl.java:43)
	at java.base/java.lang.reflect.Method.invoke(Method.java:569)
	at io.cucumber.java.Invoker.doInvoke(Invoker.java:66)
	at io.cucumber.java.Invoker.invoke(Invoker.java:24)
	at io.cucumber.java.AbstractGlueDefinition.invokeMethod(AbstractGlueDefinition.java:47)
	at io.cucumber.java.JavaHookDefinition.execute(JavaHookDefinition.java:64)
	at io.cucumber.core.runner.CoreHookDefinition.execute(CoreHookDefinition.java:46)
	at io.cucumber.core.runner.HookDefinitionMatch.runStep(HookDefinitionMatch.java:21)
	at io.cucumber.core.runner.ExecutionMode$1.execute(ExecutionMode.java:10)
	at io.cucumber.core.runner.TestStep.executeStep(TestStep.java:81)
	at io.cucumber.core.runner.TestStep.run(TestStep.java:53)
	at io.cucumber.core.runner.TestCase.run(TestCase.java:78)
	at io.cucumber.core.runner.Runner.runPickle(Runner.java:75)
	at io.cucumber.testng.TestNGCucumberRunner.lambda$runScenario$1(TestNGCucumberRunner.java:132)
	at io.cucumber.core.runtime.CucumberExecutionContext.lambda$runTestCase$5(CucumberExecutionContext.java:136)
	at io.cucumber.core.runtime.RethrowingThrowableCollector.executeAndThrow(RethrowingThrowableCollector.java:23)
	at io.cucumber.core.runtime.CucumberExecutionContext.runTestCase(CucumberExecutionContext.java:136)
	at io.cucumber.testng.TestNGCucumberRunner.runScenario(TestNGCucumberRunner.java:129)
	at io.cucumber.testng.AbstractTestNGCucumberTests.runScenario(AbstractTestNGCucumberTests.java:35)
	at com.eventhub.automation.runners.ParallelCucumberTestRunner.runScenario(ParallelCucumberTestRunner.java:35)
	at java.base/jdk.internal.reflect.NativeMethodAccessorImpl.invoke0(Native Method)
	at java.base/jdk.internal.reflect.NativeMethodAccessorImpl.invoke(NativeMethodAccessorImpl.java:77)
	at java.base/jdk.internal.reflect.DelegatingMethodAccessorImpl.invoke(DelegatingMethodAccessorImpl.java:43)
	at java.base/java.lang.reflect.Method.invoke(Method.java:569)
	at org.testng.internal.invokers.MethodInvocationHelper.invokeMethod(MethodInvocationHelper.java:141)
	at org.testng.internal.invokers.TestInvoker.invokeMethod(TestInvoker.java:686)
	at org.testng.internal.invokers.TestInvoker.invokeTestMethod(TestInvoker.java:230)
	at org.testng.internal.invokers.TestMethodWithDataProviderMethodWorker.call(TestMethodWithDataProviderMethodWorker.java:81)
	at org.testng.internal.thread.Async$AsyncTask.run(Async.java:34)
	at java.base/java.util.concurrent.ThreadPoolExecutor.runWorker(ThreadPoolExecutor.java:1136)
	at java.base/java.util.concurrent.ThreadPoolExecutor$Worker.run(ThreadPoolExecutor.java:635)
	at java.base/java.lang.Thread.run(Thread.java:840)

org.openqa.selenium.SessionNotCreatedException: Could not start a new session. Possible causes are invalid address of the remote server or browser start-up failure. 
Host info: host: 'runnervmvrwv9', ip: '10.1.0.223'
	at org.openqa.selenium.remote.RemoteWebDriver.execute(RemoteWebDriver.java:563)
	at org.openqa.selenium.remote.RemoteWebDriver.startSession(RemoteWebDriver.java:245)
	at org.openqa.selenium.remote.RemoteWebDriver.<init>(RemoteWebDriver.java:174)
	at org.openqa.selenium.remote.RemoteWebDriver.<init>(RemoteWebDriver.java:152)
	at com.eventhub.automation.drivers.DriverFactory.createBrowserStackChromeDriver(DriverFactory.java:90)
	at com.eventhub.automation.drivers.DriverFactory.createDriver(DriverFactory.java:41)
	at com.eventhub.automation.drivers.DriverManager.initializeDriver(DriverManager.java:14)
	at com.eventhub.automation.hooks.CucumberHooks.startBrowser(CucumberHooks.java:36)
Caused by: org.openqa.selenium.WebDriverException: selenium jar version is either invalid, wrongly formatted, or not supported. Please refer to http://bit.ly/automate-capabilities
Build info: version: '4.23.1', revision: '656257d8e9'
System info: os.name: 'Linux', os.arch: 'amd64', os.version: '6.17.0-1020-azure', java.version: '17.0.19'
Driver info: driver.version: RemoteWebDriver
remote stacktrace: 
	at java.base/jdk.internal.reflect.NativeConstructorAccessorImpl.newInstance0(Native Method)
	at java.base/jdk.internal.reflect.NativeConstructorAccessorImpl.newInstance(NativeConstructorAccessorImpl.java:77)
	at java.base/jdk.internal.reflect.DelegatingConstructorAccessorImpl.newInstance(DelegatingConstructorAccessorImpl.java:45)
	at java.base/java.lang.reflect.Constructor.newInstanceWithCaller(Constructor.java:500)
	at java.base/java.lang.reflect.Constructor.newInstance(Constructor.java:481)
	at org.openqa.selenium.remote.W3CHandshakeResponse.lambda$errorHandler$0(W3CHandshakeResponse.java:59)
	at org.openqa.selenium.remote.HandshakeResponse.lambda$getResponseFunction$0(HandshakeResponse.java:31)
	at org.openqa.selenium.remote.ProtocolHandshake.lambda$createSession$0(ProtocolHandshake.java:120)
	at java.base/java.util.stream.ReferencePipeline$3$1.accept(ReferencePipeline.java:197)
	at java.base/java.util.stream.Streams$StreamBuilderImpl.tryAdvance(Streams.java:397)
	at java.base/java.util.stream.ReferencePipeline.forEachWithCancel(ReferencePipeline.java:129)
	at java.base/java.util.stream.AbstractPipeline.copyIntoWithCancel(AbstractPipeline.java:527)
	at java.base/java.util.stream.AbstractPipeline.copyInto(AbstractPipeline.java:513)
	at java.base/java.util.stream.AbstractPipeline.wrapAndCopyInto(AbstractPipeline.java:499)
	at java.base/java.util.stream.FindOps$FindOp.evaluateSequential(FindOps.java:150)
	at java.base/java.util.stream.AbstractPipeline.evaluate(AbstractPipeline.java:234)
	at java.base/java.util.stream.ReferencePipeline.findFirst(ReferencePipeline.java:647)
	at org.openqa.selenium.remote.ProtocolHandshake.createSession(ProtocolHandshake.java:122)
	at org.openqa.selenium.remote.ProtocolHandshake.createSession(ProtocolHandshake.java:75)
	at org.openqa.selenium.remote.ProtocolHandshake.createSession(ProtocolHandshake.java:61)
	at org.openqa.selenium.remote.HttpCommandExecutor.execute(HttpCommandExecutor.java:162)
	at org.openqa.selenium.remote.TracedCommandExecutor.execute(TracedCommandExecutor.java:53)
	at org.openqa.selenium.remote.RemoteWebDriver.execute(RemoteWebDriver.java:545)
	at org.openqa.selenium.remote.RemoteWebDriver.startSession(RemoteWebDriver.java:245)
	at org.openqa.selenium.remote.RemoteWebDriver.<init>(RemoteWebDriver.java:174)
	at org.openqa.selenium.remote.RemoteWebDriver.<init>(RemoteWebDriver.java:152)
	at com.eventhub.automation.drivers.DriverFactory.createBrowserStackChromeDriver(DriverFactory.java:90)
	at com.eventhub.automation.drivers.DriverFactory.createDriver(DriverFactory.java:41)
	at com.eventhub.automation.drivers.DriverManager.initializeDriver(DriverManager.java:14)
	at com.eventhub.automation.hooks.CucumberHooks.startBrowser(CucumberHooks.java:36)
	at java.base/jdk.internal.reflect.NativeMethodAccessorImpl.invoke0(Native Method)
	at java.base/jdk.internal.reflect.NativeMethodAccessorImpl.invoke(NativeMethodAccessorImpl.java:77)
	at java.base/jdk.internal.reflect.DelegatingMethodAccessorImpl.invoke(DelegatingMethodAccessorImpl.java:43)
	at java.base/java.lang.reflect.Method.invoke(Method.java:569)
	at io.cucumber.java.Invoker.doInvoke(Invoker.java:66)
	at io.cucumber.java.Invoker.invoke(Invoker.java:24)
	at io.cucumber.java.AbstractGlueDefinition.invokeMethod(AbstractGlueDefinition.java:47)
	at io.cucumber.java.JavaHookDefinition.execute(JavaHookDefinition.java:64)
	at io.cucumber.core.runner.CoreHookDefinition.execute(CoreHookDefinition.java:46)
	at io.cucumber.core.runner.HookDefinitionMatch.runStep(HookDefinitionMatch.java:21)
	at io.cucumber.core.runner.ExecutionMode$1.execute(ExecutionMode.java:10)
	at io.cucumber.core.runner.TestStep.executeStep(TestStep.java:81)
	at io.cucumber.core.runner.TestStep.run(TestStep.java:53)
	at io.cucumber.core.runner.TestCase.run(TestCase.java:78)
	at io.cucumber.core.runner.Runner.runPickle(Runner.java:75)
	at io.cucumber.testng.TestNGCucumberRunner.lambda$runScenario$1(TestNGCucumberRunner.java:132)
	at io.cucumber.core.runtime.CucumberExecutionContext.lambda$runTestCase$5(CucumberExecutionContext.java:136)
	at io.cucumber.core.runtime.RethrowingThrowableCollector.executeAndThrow(RethrowingThrowableCollector.java:23)
	at io.cucumber.core.runtime.CucumberExecutionContext.runTestCase(CucumberExecutionContext.java:136)
	at io.cucumber.testng.TestNGCucumberRunner.runScenario(TestNGCucumberRunner.java:129)
	at io.cucumber.testng.AbstractTestNGCucumberTests.runScenario(AbstractTestNGCucumberTests.java:35)
	at com.eventhub.automation.runners.ParallelCucumberTestRunner.runScenario(ParallelCucumberTestRunner.java:35)
	at java.base/jdk.internal.reflect.NativeMethodAccessorImpl.invoke0(Native Method)
	at java.base/jdk.internal.reflect.NativeMethodAccessorImpl.invoke(NativeMethodAccessorImpl.java:77)
	at java.base/jdk.internal.reflect.DelegatingMethodAccessorImpl.invoke(DelegatingMethodAccessorImpl.java:43)
	at java.base/java.lang.reflect.Method.invoke(Method.java:569)
	at org.testng.internal.invokers.MethodInvocationHelper.invokeMethod(MethodInvocationHelper.java:141)
	at org.testng.internal.invokers.TestInvoker.invokeMethod(TestInvoker.java:686)
	at org.testng.internal.invokers.TestInvoker.invokeTestMethod(TestInvoker.java:230)
	at org.testng.internal.invokers.TestMethodWithDataProviderMethodWorker.call(TestMethodWithDataProviderMethodWorker.java:81)
	at org.testng.internal.thread.Async$AsyncTask.run(Async.java:34)
	at java.base/java.util.concurrent.ThreadPoolExecutor.runWorker(ThreadPoolExecutor.java:1136)
	at java.base/java.util.concurrent.ThreadPoolExecutor$Worker.run(ThreadPoolExecutor.java:635)
	at java.base/java.lang.Thread.run(Thread.java:840)

com.eventhub.automation.exceptions.FrameworkException: WebDriver was not initialized for this thread.
	at com.eventhub.automation.drivers.DriverManager.getDriver(DriverManager.java:21)
	at com.eventhub.automation.utils.ScreenshotUtils.captureBytes(ScreenshotUtils.java:39)
	at com.eventhub.automation.hooks.CucumberHooks.stopBrowser(CucumberHooks.java:43)

com.eventhub.automation.exceptions.FrameworkException: WebDriver was not initialized for this thread.
	at com.eventhub.automation.drivers.DriverManager.getDriver(DriverManager.java:21)
	at com.eventhub.automation.utils.ScreenshotUtils.captureBytes(ScreenshotUtils.java:39)
	at com.eventhub.automation.hooks.CucumberHooks.stopBrowser(CucumberHooks.java:43)

org.openqa.selenium.SessionNotCreatedException: Could not start a new session. Possible causes are invalid address of the remote server or browser start-up failure. 
Host info: host: 'runnervmvrwv9', ip: '10.1.0.223'
	at org.openqa.selenium.remote.RemoteWebDriver.execute(RemoteWebDriver.java:563)
	at org.openqa.selenium.remote.RemoteWebDriver.startSession(RemoteWebDriver.java:245)
	at org.openqa.selenium.remote.RemoteWebDriver.<init>(RemoteWebDriver.java:174)
	at org.openqa.selenium.remote.RemoteWebDriver.<init>(RemoteWebDriver.java:152)
	at com.eventhub.automation.drivers.DriverFactory.createBrowserStackChromeDriver(DriverFactory.java:90)
	at com.eventhub.automation.drivers.DriverFactory.createDriver(DriverFactory.java:41)
	at com.eventhub.automation.drivers.DriverManager.initializeDriver(DriverManager.java:14)
	at com.eventhub.automation.hooks.CucumberHooks.startBrowser(CucumberHooks.java:36)
Caused by: org.openqa.selenium.WebDriverException: selenium jar version is either invalid, wrongly formatted, or not supported. Please refer to http://bit.ly/automate-capabilities
Build info: version: '4.23.1', revision: '656257d8e9'
System info: os.name: 'Linux', os.arch: 'amd64', os.version: '6.17.0-1020-azure', java.version: '17.0.19'
Driver info: driver.version: RemoteWebDriver
remote stacktrace: 
	at java.base/jdk.internal.reflect.NativeConstructorAccessorImpl.newInstance0(Native Method)
	at java.base/jdk.internal.reflect.NativeConstructorAccessorImpl.newInstance(NativeConstructorAccessorImpl.java:77)
	at java.base/jdk.internal.reflect.DelegatingConstructorAccessorImpl.newInstance(DelegatingConstructorAccessorImpl.java:45)
	at java.base/java.lang.reflect.Constructor.newInstanceWithCaller(Constructor.java:500)
	at java.base/java.lang.reflect.Constructor.newInstance(Constructor.java:481)
	at org.openqa.selenium.remote.W3CHandshakeResponse.lambda$errorHandler$0(W3CHandshakeResponse.java:59)
	at org.openqa.selenium.remote.HandshakeResponse.lambda$getResponseFunction$0(HandshakeResponse.java:31)
	at org.openqa.selenium.remote.ProtocolHandshake.lambda$createSession$0(ProtocolHandshake.java:120)
	at java.base/java.util.stream.ReferencePipeline$3$1.accept(ReferencePipeline.java:197)
	at java.base/java.util.stream.Streams$StreamBuilderImpl.tryAdvance(Streams.java:397)
	at java.base/java.util.stream.ReferencePipeline.forEachWithCancel(ReferencePipeline.java:129)
	at java.base/java.util.stream.AbstractPipeline.copyIntoWithCancel(AbstractPipeline.java:527)
	at java.base/java.util.stream.AbstractPipeline.copyInto(AbstractPipeline.java:513)
	at java.base/java.util.stream.AbstractPipeline.wrapAndCopyInto(AbstractPipeline.java:499)
	at java.base/java.util.stream.FindOps$FindOp.evaluateSequential(FindOps.java:150)
	at java.base/java.util.stream.AbstractPipeline.evaluate(AbstractPipeline.java:234)
	at java.base/java.util.stream.ReferencePipeline.findFirst(ReferencePipeline.java:647)
	at org.openqa.selenium.remote.ProtocolHandshake.createSession(ProtocolHandshake.java:122)
	at org.openqa.selenium.remote.ProtocolHandshake.createSession(ProtocolHandshake.java:75)
	at org.openqa.selenium.remote.ProtocolHandshake.createSession(ProtocolHandshake.java:61)
	at org.openqa.selenium.remote.HttpCommandExecutor.execute(HttpCommandExecutor.java:162)
	at org.openqa.selenium.remote.TracedCommandExecutor.execute(TracedCommandExecutor.java:53)
	at org.openqa.selenium.remote.RemoteWebDriver.execute(RemoteWebDriver.java:545)
	at org.openqa.selenium.remote.RemoteWebDriver.startSession(RemoteWebDriver.java:245)
	at org.openqa.selenium.remote.RemoteWebDriver.<init>(RemoteWebDriver.java:174)
	at org.openqa.selenium.remote.RemoteWebDriver.<init>(RemoteWebDriver.java:152)
	at com.eventhub.automation.drivers.DriverFactory.createBrowserStackChromeDriver(DriverFactory.java:90)
	at com.eventhub.automation.drivers.DriverFactory.createDriver(DriverFactory.java:41)
	at com.eventhub.automation.drivers.DriverManager.initializeDriver(DriverManager.java:14)
	at com.eventhub.automation.hooks.CucumberHooks.startBrowser(CucumberHooks.java:36)
	at java.base/jdk.internal.reflect.NativeMethodAccessorImpl.invoke0(Native Method)
	at java.base/jdk.internal.reflect.NativeMethodAccessorImpl.invoke(NativeMethodAccessorImpl.java:77)
	at java.base/jdk.internal.reflect.DelegatingMethodAccessorImpl.invoke(DelegatingMethodAccessorImpl.java:43)
	at java.base/java.lang.reflect.Method.invoke(Method.java:569)
	at io.cucumber.java.Invoker.doInvoke(Invoker.java:66)
	at io.cucumber.java.Invoker.invoke(Invoker.java:24)
	at io.cucumber.java.AbstractGlueDefinition.invokeMethod(AbstractGlueDefinition.java:47)
	at io.cucumber.java.JavaHookDefinition.execute(JavaHookDefinition.java:64)
	at io.cucumber.core.runner.CoreHookDefinition.execute(CoreHookDefinition.java:46)
	at io.cucumber.core.runner.HookDefinitionMatch.runStep(HookDefinitionMatch.java:21)
	at io.cucumber.core.runner.ExecutionMode$1.execute(ExecutionMode.java:10)
	at io.cucumber.core.runner.TestStep.executeStep(TestStep.java:81)
	at io.cucumber.core.runner.TestStep.run(TestStep.java:53)
	at io.cucumber.core.runner.TestCase.run(TestCase.java:78)
	at io.cucumber.core.runner.Runner.runPickle(Runner.java:75)
	at io.cucumber.testng.TestNGCucumberRunner.lambda$runScenario$1(TestNGCucumberRunner.java:132)
	at io.cucumber.core.runtime.CucumberExecutionContext.lambda$runTestCase$5(CucumberExecutionContext.java:136)
	at io.cucumber.core.runtime.RethrowingThrowableCollector.executeAndThrow(RethrowingThrowableCollector.java:23)
	at io.cucumber.core.runtime.CucumberExecutionContext.runTestCase(CucumberExecutionContext.java:136)
	at io.cucumber.testng.TestNGCucumberRunner.runScenario(TestNGCucumberRunner.java:129)
	at io.cucumber.testng.AbstractTestNGCucumberTests.runScenario(AbstractTestNGCucumberTests.java:35)
	at com.eventhub.automation.runners.ParallelCucumberTestRunner.runScenario(ParallelCucumberTestRunner.java:35)
	at java.base/jdk.internal.reflect.NativeMethodAccessorImpl.invoke0(Native Method)
	at java.base/jdk.internal.reflect.NativeMethodAccessorImpl.invoke(NativeMethodAccessorImpl.java:77)
	at java.base/jdk.internal.reflect.DelegatingMethodAccessorImpl.invoke(DelegatingMethodAccessorImpl.java:43)
	at java.base/java.lang.reflect.Method.invoke(Method.java:569)
	at org.testng.internal.invokers.MethodInvocationHelper.invokeMethod(MethodInvocationHelper.java:141)
	at org.testng.internal.invokers.TestInvoker.invokeMethod(TestInvoker.java:686)
	at org.testng.internal.invokers.TestInvoker.invokeTestMethod(TestInvoker.java:230)
	at org.testng.internal.invokers.TestMethodWithDataProviderMethodWorker.call(TestMethodWithDataProviderMethodWorker.java:81)
	at org.testng.internal.thread.Async$AsyncTask.run(Async.java:34)
	at java.base/java.util.concurrent.ThreadPoolExecutor.runWorker(ThreadPoolExecutor.java:1136)
	at java.base/java.util.concurrent.ThreadPoolExecutor$Worker.run(ThreadPoolExecutor.java:635)
	at java.base/java.lang.Thread.run(Thread.java:840)

com.eventhub.automation.exceptions.FrameworkException: WebDriver was not initialized for this thread.
	at com.eventhub.automation.drivers.DriverManager.getDriver(DriverManager.java:21)
	at com.eventhub.automation.utils.ScreenshotUtils.captureBytes(ScreenshotUtils.java:39)
	at com.eventhub.automation.hooks.CucumberHooks.stopBrowser(CucumberHooks.java:43)

org.openqa.selenium.SessionNotCreatedException: Could not start a new session. Possible causes are invalid address of the remote server or browser start-up failure. 
Host info: host: 'runnervmvrwv9', ip: '10.1.0.223'
	at org.openqa.selenium.remote.RemoteWebDriver.execute(RemoteWebDriver.java:563)
	at org.openqa.selenium.remote.RemoteWebDriver.startSession(RemoteWebDriver.java:245)
	at org.openqa.selenium.remote.RemoteWebDriver.<init>(RemoteWebDriver.java:174)
	at org.openqa.selenium.remote.RemoteWebDriver.<init>(RemoteWebDriver.java:152)
	at com.eventhub.automation.drivers.DriverFactory.createBrowserStackChromeDriver(DriverFactory.java:90)
	at com.eventhub.automation.drivers.DriverFactory.createDriver(DriverFactory.java:41)
	at com.eventhub.automation.drivers.DriverManager.initializeDriver(DriverManager.java:14)
	at com.eventhub.automation.hooks.CucumberHooks.startBrowser(CucumberHooks.java:36)
Caused by: org.openqa.selenium.WebDriverException: selenium jar version is either invalid, wrongly formatted, or not supported. Please refer to http://bit.ly/automate-capabilities
Build info: version: '4.23.1', revision: '656257d8e9'
System info: os.name: 'Linux', os.arch: 'amd64', os.version: '6.17.0-1020-azure', java.version: '17.0.19'
Driver info: driver.version: RemoteWebDriver
remote stacktrace: 
	at java.base/jdk.internal.reflect.NativeConstructorAccessorImpl.newInstance0(Native Method)
	at java.base/jdk.internal.reflect.NativeConstructorAccessorImpl.newInstance(NativeConstructorAccessorImpl.java:77)
	at java.base/jdk.internal.reflect.DelegatingConstructorAccessorImpl.newInstance(DelegatingConstructorAccessorImpl.java:45)
	at java.base/java.lang.reflect.Constructor.newInstanceWithCaller(Constructor.java:500)
	at java.base/java.lang.reflect.Constructor.newInstance(Constructor.java:481)
	at org.openqa.selenium.remote.W3CHandshakeResponse.lambda$errorHandler$0(W3CHandshakeResponse.java:59)
	at org.openqa.selenium.remote.HandshakeResponse.lambda$getResponseFunction$0(HandshakeResponse.java:31)
	at org.openqa.selenium.remote.ProtocolHandshake.lambda$createSession$0(ProtocolHandshake.java:120)
	at java.base/java.util.stream.ReferencePipeline$3$1.accept(ReferencePipeline.java:197)
	at java.base/java.util.stream.Streams$StreamBuilderImpl.tryAdvance(Streams.java:397)
	at java.base/java.util.stream.ReferencePipeline.forEachWithCancel(ReferencePipeline.java:129)
	at java.base/java.util.stream.AbstractPipeline.copyIntoWithCancel(AbstractPipeline.java:527)
	at java.base/java.util.stream.AbstractPipeline.copyInto(AbstractPipeline.java:513)
	at java.base/java.util.stream.AbstractPipeline.wrapAndCopyInto(AbstractPipeline.java:499)
	at java.base/java.util.stream.FindOps$FindOp.evaluateSequential(FindOps.java:150)
	at java.base/java.util.stream.AbstractPipeline.evaluate(AbstractPipeline.java:234)
	at java.base/java.util.stream.ReferencePipeline.findFirst(ReferencePipeline.java:647)
	at org.openqa.selenium.remote.ProtocolHandshake.createSession(ProtocolHandshake.java:122)
	at org.openqa.selenium.remote.ProtocolHandshake.createSession(ProtocolHandshake.java:75)
	at org.openqa.selenium.remote.ProtocolHandshake.createSession(ProtocolHandshake.java:61)
	at org.openqa.selenium.remote.HttpCommandExecutor.execute(HttpCommandExecutor.java:162)
	at org.openqa.selenium.remote.TracedCommandExecutor.execute(TracedCommandExecutor.java:53)
	at org.openqa.selenium.remote.RemoteWebDriver.execute(RemoteWebDriver.java:545)
	at org.openqa.selenium.remote.RemoteWebDriver.startSession(RemoteWebDriver.java:245)
	at org.openqa.selenium.remote.RemoteWebDriver.<init>(RemoteWebDriver.java:174)
	at org.openqa.selenium.remote.RemoteWebDriver.<init>(RemoteWebDriver.java:152)
	at com.eventhub.automation.drivers.DriverFactory.createBrowserStackChromeDriver(DriverFactory.java:90)
	at com.eventhub.automation.drivers.DriverFactory.createDriver(DriverFactory.java:41)
	at com.eventhub.automation.drivers.DriverManager.initializeDriver(DriverManager.java:14)
	at com.eventhub.automation.hooks.CucumberHooks.startBrowser(CucumberHooks.java:36)
	at java.base/jdk.internal.reflect.NativeMethodAccessorImpl.invoke0(Native Method)
	at java.base/jdk.internal.reflect.NativeMethodAccessorImpl.invoke(NativeMethodAccessorImpl.java:77)
	at java.base/jdk.internal.reflect.DelegatingMethodAccessorImpl.invoke(DelegatingMethodAccessorImpl.java:43)
	at java.base/java.lang.reflect.Method.invoke(Method.java:569)
	at io.cucumber.java.Invoker.doInvoke(Invoker.java:66)
	at io.cucumber.java.Invoker.invoke(Invoker.java:24)
	at io.cucumber.java.AbstractGlueDefinition.invokeMethod(AbstractGlueDefinition.java:47)
	at io.cucumber.java.JavaHookDefinition.execute(JavaHookDefinition.java:64)
	at io.cucumber.core.runner.CoreHookDefinition.execute(CoreHookDefinition.java:46)
	at io.cucumber.core.runner.HookDefinitionMatch.runStep(HookDefinitionMatch.java:21)
	at io.cucumber.core.runner.ExecutionMode$1.execute(ExecutionMode.java:10)
	at io.cucumber.core.runner.TestStep.executeStep(TestStep.java:81)
	at io.cucumber.core.runner.TestStep.run(TestStep.java:53)
	at io.cucumber.core.runner.TestCase.run(TestCase.java:78)
	at io.cucumber.core.runner.Runner.runPickle(Runner.java:75)
	at io.cucumber.testng.TestNGCucumberRunner.lambda$runScenario$1(TestNGCucumberRunner.java:132)
	at io.cucumber.core.runtime.CucumberExecutionContext.lambda$runTestCase$5(CucumberExecutionContext.java:136)
	at io.cucumber.core.runtime.RethrowingThrowableCollector.executeAndThrow(RethrowingThrowableCollector.java:23)
	at io.cucumber.core.runtime.CucumberExecutionContext.runTestCase(CucumberExecutionContext.java:136)
	at io.cucumber.testng.TestNGCucumberRunner.runScenario(TestNGCucumberRunner.java:129)
	at io.cucumber.testng.AbstractTestNGCucumberTests.runScenario(AbstractTestNGCucumberTests.java:35)
	at com.eventhub.automation.runners.ParallelCucumberTestRunner.runScenario(ParallelCucumberTestRunner.java:35)
	at java.base/jdk.internal.reflect.NativeMethodAccessorImpl.invoke0(Native Method)
	at java.base/jdk.internal.reflect.NativeMethodAccessorImpl.invoke(NativeMethodAccessorImpl.java:77)
	at java.base/jdk.internal.reflect.DelegatingMethodAccessorImpl.invoke(DelegatingMethodAccessorImpl.java:43)
	at java.base/java.lang.reflect.Method.invoke(Method.java:569)
	at org.testng.internal.invokers.MethodInvocationHelper.invokeMethod(MethodInvocationHelper.java:141)
	at org.testng.internal.invokers.TestInvoker.invokeMethod(TestInvoker.java:686)
	at org.testng.internal.invokers.TestInvoker.invokeTestMethod(TestInvoker.java:230)
	at org.testng.internal.invokers.TestMethodWithDataProviderMethodWorker.call(TestMethodWithDataProviderMethodWorker.java:81)
	at org.testng.internal.thread.Async$AsyncTask.run(Async.java:34)
	at java.base/java.util.concurrent.ThreadPoolExecutor.runWorker(ThreadPoolExecutor.java:1136)
	at java.base/java.util.concurrent.ThreadPoolExecutor$Worker.run(ThreadPoolExecutor.java:635)
	at java.base/java.lang.Thread.run(Thread.java:840)

com.eventhub.automation.exceptions.FrameworkException: WebDriver was not initialized for this thread.
	at com.eventhub.automation.drivers.DriverManager.getDriver(DriverManager.java:21)
	at com.eventhub.automation.utils.ScreenshotUtils.captureBytes(ScreenshotUtils.java:39)
	at com.eventhub.automation.hooks.CucumberHooks.stopBrowser(CucumberHooks.java:43)

org.openqa.selenium.SessionNotCreatedException: Could not start a new session. Possible causes are invalid address of the remote server or browser start-up failure. 
Host info: host: 'runnervmvrwv9', ip: '10.1.0.223'
	at org.openqa.selenium.remote.RemoteWebDriver.execute(RemoteWebDriver.java:563)
	at org.openqa.selenium.remote.RemoteWebDriver.startSession(RemoteWebDriver.java:245)
	at org.openqa.selenium.remote.RemoteWebDriver.<init>(RemoteWebDriver.java:174)
	at org.openqa.selenium.remote.RemoteWebDriver.<init>(RemoteWebDriver.java:152)
	at com.eventhub.automation.drivers.DriverFactory.createBrowserStackChromeDriver(DriverFactory.java:90)
	at com.eventhub.automation.drivers.DriverFactory.createDriver(DriverFactory.java:41)
	at com.eventhub.automation.drivers.DriverManager.initializeDriver(DriverManager.java:14)
	at com.eventhub.automation.hooks.CucumberHooks.startBrowser(CucumberHooks.java:36)
Caused by: org.openqa.selenium.WebDriverException: selenium jar version is either invalid, wrongly formatted, or not supported. Please refer to http://bit.ly/automate-capabilities
Build info: version: '4.23.1', revision: '656257d8e9'
System info: os.name: 'Linux', os.arch: 'amd64', os.version: '6.17.0-1020-azure', java.version: '17.0.19'
Driver info: driver.version: RemoteWebDriver
remote stacktrace: 
	at java.base/jdk.internal.reflect.NativeConstructorAccessorImpl.newInstance0(Native Method)
	at java.base/jdk.internal.reflect.NativeConstructorAccessorImpl.newInstance(NativeConstructorAccessorImpl.java:77)
	at java.base/jdk.internal.reflect.DelegatingConstructorAccessorImpl.newInstance(DelegatingConstructorAccessorImpl.java:45)
	at java.base/java.lang.reflect.Constructor.newInstanceWithCaller(Constructor.java:500)
	at java.base/java.lang.reflect.Constructor.newInstance(Constructor.java:481)
	at org.openqa.selenium.remote.W3CHandshakeResponse.lambda$errorHandler$0(W3CHandshakeResponse.java:59)
	at org.openqa.selenium.remote.HandshakeResponse.lambda$getResponseFunction$0(HandshakeResponse.java:31)
	at org.openqa.selenium.remote.ProtocolHandshake.lambda$createSession$0(ProtocolHandshake.java:120)
	at java.base/java.util.stream.ReferencePipeline$3$1.accept(ReferencePipeline.java:197)
	at java.base/java.util.stream.Streams$StreamBuilderImpl.tryAdvance(Streams.java:397)
	at java.base/java.util.stream.ReferencePipeline.forEachWithCancel(ReferencePipeline.java:129)
	at java.base/java.util.stream.AbstractPipeline.copyIntoWithCancel(AbstractPipeline.java:527)
	at java.base/java.util.stream.AbstractPipeline.copyInto(AbstractPipeline.java:513)
	at java.base/java.util.stream.AbstractPipeline.wrapAndCopyInto(AbstractPipeline.java:499)
	at java.base/java.util.stream.FindOps$FindOp.evaluateSequential(FindOps.java:150)
	at java.base/java.util.stream.AbstractPipeline.evaluate(AbstractPipeline.java:234)
	at java.base/java.util.stream.ReferencePipeline.findFirst(ReferencePipeline.java:647)
	at org.openqa.selenium.remote.ProtocolHandshake.createSession(ProtocolHandshake.java:122)
	at org.openqa.selenium.remote.ProtocolHandshake.createSession(ProtocolHandshake.java:75)
	at org.openqa.selenium.remote.ProtocolHandshake.createSession(ProtocolHandshake.java:61)
	at org.openqa.selenium.remote.HttpCommandExecutor.execute(HttpCommandExecutor.java:162)
	at org.openqa.selenium.remote.TracedCommandExecutor.execute(TracedCommandExecutor.java:53)
	at org.openqa.selenium.remote.RemoteWebDriver.execute(RemoteWebDriver.java:545)
	at org.openqa.selenium.remote.RemoteWebDriver.startSession(RemoteWebDriver.java:245)
	at org.openqa.selenium.remote.RemoteWebDriver.<init>(RemoteWebDriver.java:174)
	at org.openqa.selenium.remote.RemoteWebDriver.<init>(RemoteWebDriver.java:152)
	at com.eventhub.automation.drivers.DriverFactory.createBrowserStackChromeDriver(DriverFactory.java:90)
	at com.eventhub.automation.drivers.DriverFactory.createDriver(DriverFactory.java:41)
	at com.eventhub.automation.drivers.DriverManager.initializeDriver(DriverManager.java:14)
	at com.eventhub.automation.hooks.CucumberHooks.startBrowser(CucumberHooks.java:36)
	at java.base/jdk.internal.reflect.NativeMethodAccessorImpl.invoke0(Native Method)
	at java.base/jdk.internal.reflect.NativeMethodAccessorImpl.invoke(NativeMethodAccessorImpl.java:77)
	at java.base/jdk.internal.reflect.DelegatingMethodAccessorImpl.invoke(DelegatingMethodAccessorImpl.java:43)
	at java.base/java.lang.reflect.Method.invoke(Method.java:569)
	at io.cucumber.java.Invoker.doInvoke(Invoker.java:66)
	at io.cucumber.java.Invoker.invoke(Invoker.java:24)
	at io.cucumber.java.AbstractGlueDefinition.invokeMethod(AbstractGlueDefinition.java:47)
	at io.cucumber.java.JavaHookDefinition.execute(JavaHookDefinition.java:64)
	at io.cucumber.core.runner.CoreHookDefinition.execute(CoreHookDefinition.java:46)
	at io.cucumber.core.runner.HookDefinitionMatch.runStep(HookDefinitionMatch.java:21)
	at io.cucumber.core.runner.ExecutionMode$1.execute(ExecutionMode.java:10)
	at io.cucumber.core.runner.TestStep.executeStep(TestStep.java:81)
	at io.cucumber.core.runner.TestStep.run(TestStep.java:53)
	at io.cucumber.core.runner.TestCase.run(TestCase.java:78)
	at io.cucumber.core.runner.Runner.runPickle(Runner.java:75)
	at io.cucumber.testng.TestNGCucumberRunner.lambda$runScenario$1(TestNGCucumberRunner.java:132)
	at io.cucumber.core.runtime.CucumberExecutionContext.lambda$runTestCase$5(CucumberExecutionContext.java:136)
	at io.cucumber.core.runtime.RethrowingThrowableCollector.executeAndThrow(RethrowingThrowableCollector.java:23)
	at io.cucumber.core.runtime.CucumberExecutionContext.runTestCase(CucumberExecutionContext.java:136)
	at io.cucumber.testng.TestNGCucumberRunner.runScenario(TestNGCucumberRunner.java:129)
	at io.cucumber.testng.AbstractTestNGCucumberTests.runScenario(AbstractTestNGCucumberTests.java:35)
	at com.eventhub.automation.runners.ParallelCucumberTestRunner.runScenario(ParallelCucumberTestRunner.java:35)
	at java.base/jdk.internal.reflect.NativeMethodAccessorImpl.invoke0(Native Method)
	at java.base/jdk.internal.reflect.NativeMethodAccessorImpl.invoke(NativeMethodAccessorImpl.java:77)
	at java.base/jdk.internal.reflect.DelegatingMethodAccessorImpl.invoke(DelegatingMethodAccessorImpl.java:43)
	at java.base/java.lang.reflect.Method.invoke(Method.java:569)
	at org.testng.internal.invokers.MethodInvocationHelper.invokeMethod(MethodInvocationHelper.java:141)
	at org.testng.internal.invokers.TestInvoker.invokeMethod(TestInvoker.java:686)
	at org.testng.internal.invokers.TestInvoker.invokeTestMethod(TestInvoker.java:230)
	at org.testng.internal.invokers.TestMethodWithDataProviderMethodWorker.call(TestMethodWithDataProviderMethodWorker.java:81)
	at org.testng.internal.thread.Async$AsyncTask.run(Async.java:34)
	at java.base/java.util.concurrent.ThreadPoolExecutor.runWorker(ThreadPoolExecutor.java:1136)
	at java.base/java.util.concurrent.ThreadPoolExecutor$Worker.run(ThreadPoolExecutor.java:635)
	at java.base/java.lang.Thread.run(Thread.java:840)

com.eventhub.automation.exceptions.FrameworkException: WebDriver was not initialized for this thread.
	at com.eventhub.automation.drivers.DriverManager.getDriver(DriverManager.java:21)
	at com.eventhub.automation.utils.ScreenshotUtils.captureBytes(ScreenshotUtils.java:39)
	at com.eventhub.automation.hooks.CucumberHooks.stopBrowser(CucumberHooks.java:43)

org.openqa.selenium.SessionNotCreatedException: Could not start a new session. Possible causes are invalid address of the remote server or browser start-up failure. 
Host info: host: 'runnervmvrwv9', ip: '10.1.0.223'
	at org.openqa.selenium.remote.RemoteWebDriver.execute(RemoteWebDriver.java:563)
	at org.openqa.selenium.remote.RemoteWebDriver.startSession(RemoteWebDriver.java:245)
	at org.openqa.selenium.remote.RemoteWebDriver.<init>(RemoteWebDriver.java:174)
	at org.openqa.selenium.remote.RemoteWebDriver.<init>(RemoteWebDriver.java:152)
	at com.eventhub.automation.drivers.DriverFactory.createBrowserStackChromeDriver(DriverFactory.java:90)
	at com.eventhub.automation.drivers.DriverFactory.createDriver(DriverFactory.java:41)
	at com.eventhub.automation.drivers.DriverManager.initializeDriver(DriverManager.java:14)
	at com.eventhub.automation.hooks.CucumberHooks.startBrowser(CucumberHooks.java:36)
Caused by: org.openqa.selenium.WebDriverException: selenium jar version is either invalid, wrongly formatted, or not supported. Please refer to http://bit.ly/automate-capabilities
Build info: version: '4.23.1', revision: '656257d8e9'
System info: os.name: 'Linux', os.arch: 'amd64', os.version: '6.17.0-1020-azure', java.version: '17.0.19'
Driver info: driver.version: RemoteWebDriver
remote stacktrace: 
	at java.base/jdk.internal.reflect.NativeConstructorAccessorImpl.newInstance0(Native Method)
	at java.base/jdk.internal.reflect.NativeConstructorAccessorImpl.newInstance(NativeConstructorAccessorImpl.java:77)
	at java.base/jdk.internal.reflect.DelegatingConstructorAccessorImpl.newInstance(DelegatingConstructorAccessorImpl.java:45)
	at java.base/java.lang.reflect.Constructor.newInstanceWithCaller(Constructor.java:500)
	at java.base/java.lang.reflect.Constructor.newInstance(Constructor.java:481)
	at org.openqa.selenium.remote.W3CHandshakeResponse.lambda$errorHandler$0(W3CHandshakeResponse.java:59)
	at org.openqa.selenium.remote.HandshakeResponse.lambda$getResponseFunction$0(HandshakeResponse.java:31)
	at org.openqa.selenium.remote.ProtocolHandshake.lambda$createSession$0(ProtocolHandshake.java:120)
	at java.base/java.util.stream.ReferencePipeline$3$1.accept(ReferencePipeline.java:197)
	at java.base/java.util.stream.Streams$StreamBuilderImpl.tryAdvance(Streams.java:397)
	at java.base/java.util.stream.ReferencePipeline.forEachWithCancel(ReferencePipeline.java:129)
	at java.base/java.util.stream.AbstractPipeline.copyIntoWithCancel(AbstractPipeline.java:527)
	at java.base/java.util.stream.AbstractPipeline.copyInto(AbstractPipeline.java:513)
	at java.base/java.util.stream.AbstractPipeline.wrapAndCopyInto(AbstractPipeline.java:499)
	at java.base/java.util.stream.FindOps$FindOp.evaluateSequential(FindOps.java:150)
	at java.base/java.util.stream.AbstractPipeline.evaluate(AbstractPipeline.java:234)
	at java.base/java.util.stream.ReferencePipeline.findFirst(ReferencePipeline.java:647)
	at org.openqa.selenium.remote.ProtocolHandshake.createSession(ProtocolHandshake.java:122)
	at org.openqa.selenium.remote.ProtocolHandshake.createSession(ProtocolHandshake.java:75)
	at org.openqa.selenium.remote.ProtocolHandshake.createSession(ProtocolHandshake.java:61)
	at org.openqa.selenium.remote.HttpCommandExecutor.execute(HttpCommandExecutor.java:162)
	at org.openqa.selenium.remote.TracedCommandExecutor.execute(TracedCommandExecutor.java:53)
	at org.openqa.selenium.remote.RemoteWebDriver.execute(RemoteWebDriver.java:545)
	at org.openqa.selenium.remote.RemoteWebDriver.startSession(RemoteWebDriver.java:245)
	at org.openqa.selenium.remote.RemoteWebDriver.<init>(RemoteWebDriver.java:174)
	at org.openqa.selenium.remote.RemoteWebDriver.<init>(RemoteWebDriver.java:152)
	at com.eventhub.automation.drivers.DriverFactory.createBrowserStackChromeDriver(DriverFactory.java:90)
	at com.eventhub.automation.drivers.DriverFactory.createDriver(DriverFactory.java:41)
	at com.eventhub.automation.drivers.DriverManager.initializeDriver(DriverManager.java:14)
	at com.eventhub.automation.hooks.CucumberHooks.startBrowser(CucumberHooks.java:36)
	at java.base/jdk.internal.reflect.NativeMethodAccessorImpl.invoke0(Native Method)
	at java.base/jdk.internal.reflect.NativeMethodAccessorImpl.invoke(NativeMethodAccessorImpl.java:77)
	at java.base/jdk.internal.reflect.DelegatingMethodAccessorImpl.invoke(DelegatingMethodAccessorImpl.java:43)
	at java.base/java.lang.reflect.Method.invoke(Method.java:569)
	at io.cucumber.java.Invoker.doInvoke(Invoker.java:66)
	at io.cucumber.java.Invoker.invoke(Invoker.java:24)
	at io.cucumber.java.AbstractGlueDefinition.invokeMethod(AbstractGlueDefinition.java:47)
	at io.cucumber.java.JavaHookDefinition.execute(JavaHookDefinition.java:64)
	at io.cucumber.core.runner.CoreHookDefinition.execute(CoreHookDefinition.java:46)
	at io.cucumber.core.runner.HookDefinitionMatch.runStep(HookDefinitionMatch.java:21)
	at io.cucumber.core.runner.ExecutionMode$1.execute(ExecutionMode.java:10)
	at io.cucumber.core.runner.TestStep.executeStep(TestStep.java:81)
	at io.cucumber.core.runner.TestStep.run(TestStep.java:53)
	at io.cucumber.core.runner.TestCase.run(TestCase.java:78)
	at io.cucumber.core.runner.Runner.runPickle(Runner.java:75)
	at io.cucumber.testng.TestNGCucumberRunner.lambda$runScenario$1(TestNGCucumberRunner.java:132)
	at io.cucumber.core.runtime.CucumberExecutionContext.lambda$runTestCase$5(CucumberExecutionContext.java:136)
	at io.cucumber.core.runtime.RethrowingThrowableCollector.executeAndThrow(RethrowingThrowableCollector.java:23)
	at io.cucumber.core.runtime.CucumberExecutionContext.runTestCase(CucumberExecutionContext.java:136)
	at io.cucumber.testng.TestNGCucumberRunner.runScenario(TestNGCucumberRunner.java:129)
	at io.cucumber.testng.AbstractTestNGCucumberTests.runScenario(AbstractTestNGCucumberTests.java:35)
	at com.eventhub.automation.runners.ParallelCucumberTestRunner.runScenario(ParallelCucumberTestRunner.java:35)
	at java.base/jdk.internal.reflect.NativeMethodAccessorImpl.invoke0(Native Method)
	at java.base/jdk.internal.reflect.NativeMethodAccessorImpl.invoke(NativeMethodAccessorImpl.java:77)
	at java.base/jdk.internal.reflect.DelegatingMethodAccessorImpl.invoke(DelegatingMethodAccessorImpl.java:43)
	at java.base/java.lang.reflect.Method.invoke(Method.java:569)
	at org.testng.internal.invokers.MethodInvocationHelper.invokeMethod(MethodInvocationHelper.java:141)
	at org.testng.internal.invokers.TestInvoker.invokeMethod(TestInvoker.java:686)
	at org.testng.internal.invokers.TestInvoker.invokeTestMethod(TestInvoker.java:230)
	at org.testng.internal.invokers.TestMethodWithDataProviderMethodWorker.call(TestMethodWithDataProviderMethodWorker.java:81)
	at org.testng.internal.thread.Async$AsyncTask.run(Async.java:34)
	at java.base/java.util.concurrent.ThreadPoolExecutor.runWorker(ThreadPoolExecutor.java:1136)
	at java.base/java.util.concurrent.ThreadPoolExecutor$Worker.run(ThreadPoolExecutor.java:635)
	at java.base/java.lang.Thread.run(Thread.java:840)

com.eventhub.automation.exceptions.FrameworkException: WebDriver was not initialized for this thread.
	at com.eventhub.automation.drivers.DriverManager.getDriver(DriverManager.java:21)
	at com.eventhub.automation.utils.ScreenshotUtils.captureBytes(ScreenshotUtils.java:39)
	at com.eventhub.automation.hooks.CucumberHooks.stopBrowser(CucumberHooks.java:43)

org.openqa.selenium.SessionNotCreatedException: Could not start a new session. Possible causes are invalid address of the remote server or browser start-up failure. 
Host info: host: 'runnervmvrwv9', ip: '10.1.0.223'
	at org.openqa.selenium.remote.RemoteWebDriver.execute(RemoteWebDriver.java:563)
	at org.openqa.selenium.remote.RemoteWebDriver.startSession(RemoteWebDriver.java:245)
	at org.openqa.selenium.remote.RemoteWebDriver.<init>(RemoteWebDriver.java:174)
	at org.openqa.selenium.remote.RemoteWebDriver.<init>(RemoteWebDriver.java:152)
	at com.eventhub.automation.drivers.DriverFactory.createBrowserStackChromeDriver(DriverFactory.java:90)
	at com.eventhub.automation.drivers.DriverFactory.createDriver(DriverFactory.java:41)
	at com.eventhub.automation.drivers.DriverManager.initializeDriver(DriverManager.java:14)
	at com.eventhub.automation.hooks.CucumberHooks.startBrowser(CucumberHooks.java:36)
Caused by: org.openqa.selenium.WebDriverException: selenium jar version is either invalid, wrongly formatted, or not supported. Please refer to http://bit.ly/automate-capabilities
Build info: version: '4.23.1', revision: '656257d8e9'
System info: os.name: 'Linux', os.arch: 'amd64', os.version: '6.17.0-1020-azure', java.version: '17.0.19'
Driver info: driver.version: RemoteWebDriver
remote stacktrace: 
	at java.base/jdk.internal.reflect.NativeConstructorAccessorImpl.newInstance0(Native Method)
	at java.base/jdk.internal.reflect.NativeConstructorAccessorImpl.newInstance(NativeConstructorAccessorImpl.java:77)
	at java.base/jdk.internal.reflect.DelegatingConstructorAccessorImpl.newInstance(DelegatingConstructorAccessorImpl.java:45)
	at java.base/java.lang.reflect.Constructor.newInstanceWithCaller(Constructor.java:500)
	at java.base/java.lang.reflect.Constructor.newInstance(Constructor.java:481)
	at org.openqa.selenium.remote.W3CHandshakeResponse.lambda$errorHandler$0(W3CHandshakeResponse.java:59)
	at org.openqa.selenium.remote.HandshakeResponse.lambda$getResponseFunction$0(HandshakeResponse.java:31)
	at org.openqa.selenium.remote.ProtocolHandshake.lambda$createSession$0(ProtocolHandshake.java:120)
	at java.base/java.util.stream.ReferencePipeline$3$1.accept(ReferencePipeline.java:197)
	at java.base/java.util.stream.Streams$StreamBuilderImpl.tryAdvance(Streams.java:397)
	at java.base/java.util.stream.ReferencePipeline.forEachWithCancel(ReferencePipeline.java:129)
	at java.base/java.util.stream.AbstractPipeline.copyIntoWithCancel(AbstractPipeline.java:527)
	at java.base/java.util.stream.AbstractPipeline.copyInto(AbstractPipeline.java:513)
	at java.base/java.util.stream.AbstractPipeline.wrapAndCopyInto(AbstractPipeline.java:499)
	at java.base/java.util.stream.FindOps$FindOp.evaluateSequential(FindOps.java:150)
	at java.base/java.util.stream.AbstractPipeline.evaluate(AbstractPipeline.java:234)
	at java.base/java.util.stream.ReferencePipeline.findFirst(ReferencePipeline.java:647)
	at org.openqa.selenium.remote.ProtocolHandshake.createSession(ProtocolHandshake.java:122)
	at org.openqa.selenium.remote.ProtocolHandshake.createSession(ProtocolHandshake.java:75)
	at org.openqa.selenium.remote.ProtocolHandshake.createSession(ProtocolHandshake.java:61)
	at org.openqa.selenium.remote.HttpCommandExecutor.execute(HttpCommandExecutor.java:162)
	at org.openqa.selenium.remote.TracedCommandExecutor.execute(TracedCommandExecutor.java:53)
	at org.openqa.selenium.remote.RemoteWebDriver.execute(RemoteWebDriver.java:545)
	at org.openqa.selenium.remote.RemoteWebDriver.startSession(RemoteWebDriver.java:245)
	at org.openqa.selenium.remote.RemoteWebDriver.<init>(RemoteWebDriver.java:174)
	at org.openqa.selenium.remote.RemoteWebDriver.<init>(RemoteWebDriver.java:152)
	at com.eventhub.automation.drivers.DriverFactory.createBrowserStackChromeDriver(DriverFactory.java:90)
	at com.eventhub.automation.drivers.DriverFactory.createDriver(DriverFactory.java:41)
	at com.eventhub.automation.drivers.DriverManager.initializeDriver(DriverManager.java:14)
	at com.eventhub.automation.hooks.CucumberHooks.startBrowser(CucumberHooks.java:36)
	at java.base/jdk.internal.reflect.NativeMethodAccessorImpl.invoke0(Native Method)
	at java.base/jdk.internal.reflect.NativeMethodAccessorImpl.invoke(NativeMethodAccessorImpl.java:77)
	at java.base/jdk.internal.reflect.DelegatingMethodAccessorImpl.invoke(DelegatingMethodAccessorImpl.java:43)
	at java.base/java.lang.reflect.Method.invoke(Method.java:569)
	at io.cucumber.java.Invoker.doInvoke(Invoker.java:66)
	at io.cucumber.java.Invoker.invoke(Invoker.java:24)
	at io.cucumber.java.AbstractGlueDefinition.invokeMethod(AbstractGlueDefinition.java:47)
	at io.cucumber.java.JavaHookDefinition.execute(JavaHookDefinition.java:64)
	at io.cucumber.core.runner.CoreHookDefinition.execute(CoreHookDefinition.java:46)
	at io.cucumber.core.runner.HookDefinitionMatch.runStep(HookDefinitionMatch.java:21)
	at io.cucumber.core.runner.ExecutionMode$1.execute(ExecutionMode.java:10)
	at io.cucumber.core.runner.TestStep.executeStep(TestStep.java:81)
	at io.cucumber.core.runner.TestStep.run(TestStep.java:53)
	at io.cucumber.core.runner.TestCase.run(TestCase.java:78)
	at io.cucumber.core.runner.Runner.runPickle(Runner.java:75)
	at io.cucumber.testng.TestNGCucumberRunner.lambda$runScenario$1(TestNGCucumberRunner.java:132)
	at io.cucumber.core.runtime.CucumberExecutionContext.lambda$runTestCase$5(CucumberExecutionContext.java:136)
	at io.cucumber.core.runtime.RethrowingThrowableCollector.executeAndThrow(RethrowingThrowableCollector.java:23)
	at io.cucumber.core.runtime.CucumberExecutionContext.runTestCase(CucumberExecutionContext.java:136)
	at io.cucumber.testng.TestNGCucumberRunner.runScenario(TestNGCucumberRunner.java:129)
	at io.cucumber.testng.AbstractTestNGCucumberTests.runScenario(AbstractTestNGCucumberTests.java:35)
	at com.eventhub.automation.runners.ParallelCucumberTestRunner.runScenario(ParallelCucumberTestRunner.java:35)
	at java.base/jdk.internal.reflect.NativeMethodAccessorImpl.invoke0(Native Method)
	at java.base/jdk.internal.reflect.NativeMethodAccessorImpl.invoke(NativeMethodAccessorImpl.java:77)
	at java.base/jdk.internal.reflect.DelegatingMethodAccessorImpl.invoke(DelegatingMethodAccessorImpl.java:43)
	at java.base/java.lang.reflect.Method.invoke(Method.java:569)
	at org.testng.internal.invokers.MethodInvocationHelper.invokeMethod(MethodInvocationHelper.java:141)
	at org.testng.internal.invokers.TestInvoker.invokeMethod(TestInvoker.java:686)
	at org.testng.internal.invokers.TestInvoker.invokeTestMethod(TestInvoker.java:230)
	at org.testng.internal.invokers.TestMethodWithDataProviderMethodWorker.call(TestMethodWithDataProviderMethodWorker.java:81)
	at org.testng.internal.thread.Async$AsyncTask.run(Async.java:34)
	at java.base/java.util.concurrent.ThreadPoolExecutor.runWorker(ThreadPoolExecutor.java:1136)
	at java.base/java.util.concurrent.ThreadPoolExecutor$Worker.run(ThreadPoolExecutor.java:635)
	at java.base/java.lang.Thread.run(Thread.java:840)

com.eventhub.automation.exceptions.FrameworkException: WebDriver was not initialized for this thread.
	at com.eventhub.automation.drivers.DriverManager.getDriver(DriverManager.java:21)
	at com.eventhub.automation.utils.ScreenshotUtils.captureBytes(ScreenshotUtils.java:39)
	at com.eventhub.automation.hooks.CucumberHooks.stopBrowser(CucumberHooks.java:43)

org.openqa.selenium.SessionNotCreatedException: Could not start a new session. Possible causes are invalid address of the remote server or browser start-up failure. 
Host info: host: 'runnervmvrwv9', ip: '10.1.0.223'
	at org.openqa.selenium.remote.RemoteWebDriver.execute(RemoteWebDriver.java:563)
	at org.openqa.selenium.remote.RemoteWebDriver.startSession(RemoteWebDriver.java:245)
	at org.openqa.selenium.remote.RemoteWebDriver.<init>(RemoteWebDriver.java:174)
	at org.openqa.selenium.remote.RemoteWebDriver.<init>(RemoteWebDriver.java:152)
	at com.eventhub.automation.drivers.DriverFactory.createBrowserStackChromeDriver(DriverFactory.java:90)
	at com.eventhub.automation.drivers.DriverFactory.createDriver(DriverFactory.java:41)
	at com.eventhub.automation.drivers.DriverManager.initializeDriver(DriverManager.java:14)
	at com.eventhub.automation.hooks.CucumberHooks.startBrowser(CucumberHooks.java:36)
Caused by: org.openqa.selenium.WebDriverException: selenium jar version is either invalid, wrongly formatted, or not supported. Please refer to http://bit.ly/automate-capabilities
Build info: version: '4.23.1', revision: '656257d8e9'
System info: os.name: 'Linux', os.arch: 'amd64', os.version: '6.17.0-1020-azure', java.version: '17.0.19'
Driver info: driver.version: RemoteWebDriver
remote stacktrace: 
	at java.base/jdk.internal.reflect.NativeConstructorAccessorImpl.newInstance0(Native Method)
	at java.base/jdk.internal.reflect.NativeConstructorAccessorImpl.newInstance(NativeConstructorAccessorImpl.java:77)
	at java.base/jdk.internal.reflect.DelegatingConstructorAccessorImpl.newInstance(DelegatingConstructorAccessorImpl.java:45)
	at java.base/java.lang.reflect.Constructor.newInstanceWithCaller(Constructor.java:500)
	at java.base/java.lang.reflect.Constructor.newInstance(Constructor.java:481)
	at org.openqa.selenium.remote.W3CHandshakeResponse.lambda$errorHandler$0(W3CHandshakeResponse.java:59)
	at org.openqa.selenium.remote.HandshakeResponse.lambda$getResponseFunction$0(HandshakeResponse.java:31)
	at org.openqa.selenium.remote.ProtocolHandshake.lambda$createSession$0(ProtocolHandshake.java:120)
	at java.base/java.util.stream.ReferencePipeline$3$1.accept(ReferencePipeline.java:197)
	at java.base/java.util.stream.Streams$StreamBuilderImpl.tryAdvance(Streams.java:397)
	at java.base/java.util.stream.ReferencePipeline.forEachWithCancel(ReferencePipeline.java:129)
	at java.base/java.util.stream.AbstractPipeline.copyIntoWithCancel(AbstractPipeline.java:527)
	at java.base/java.util.stream.AbstractPipeline.copyInto(AbstractPipeline.java:513)
	at java.base/java.util.stream.AbstractPipeline.wrapAndCopyInto(AbstractPipeline.java:499)
	at java.base/java.util.stream.FindOps$FindOp.evaluateSequential(FindOps.java:150)
	at java.base/java.util.stream.AbstractPipeline.evaluate(AbstractPipeline.java:234)
	at java.base/java.util.stream.ReferencePipeline.findFirst(ReferencePipeline.java:647)
	at org.openqa.selenium.remote.ProtocolHandshake.createSession(ProtocolHandshake.java:122)
	at org.openqa.selenium.remote.ProtocolHandshake.createSession(ProtocolHandshake.java:75)
	at org.openqa.selenium.remote.ProtocolHandshake.createSession(ProtocolHandshake.java:61)
	at org.openqa.selenium.remote.HttpCommandExecutor.execute(HttpCommandExecutor.java:162)
	at org.openqa.selenium.remote.TracedCommandExecutor.execute(TracedCommandExecutor.java:53)
	at org.openqa.selenium.remote.RemoteWebDriver.execute(RemoteWebDriver.java:545)
	at org.openqa.selenium.remote.RemoteWebDriver.startSession(RemoteWebDriver.java:245)
	at org.openqa.selenium.remote.RemoteWebDriver.<init>(RemoteWebDriver.java:174)
	at org.openqa.selenium.remote.RemoteWebDriver.<init>(RemoteWebDriver.java:152)
	at com.eventhub.automation.drivers.DriverFactory.createBrowserStackChromeDriver(DriverFactory.java:90)
	at com.eventhub.automation.drivers.DriverFactory.createDriver(DriverFactory.java:41)
	at com.eventhub.automation.drivers.DriverManager.initializeDriver(DriverManager.java:14)
	at com.eventhub.automation.hooks.CucumberHooks.startBrowser(CucumberHooks.java:36)
	at java.base/jdk.internal.reflect.NativeMethodAccessorImpl.invoke0(Native Method)
	at java.base/jdk.internal.reflect.NativeMethodAccessorImpl.invoke(NativeMethodAccessorImpl.java:77)
	at java.base/jdk.internal.reflect.DelegatingMethodAccessorImpl.invoke(DelegatingMethodAccessorImpl.java:43)
	at java.base/java.lang.reflect.Method.invoke(Method.java:569)
	at io.cucumber.java.Invoker.doInvoke(Invoker.java:66)
	at io.cucumber.java.Invoker.invoke(Invoker.java:24)
	at io.cucumber.java.AbstractGlueDefinition.invokeMethod(AbstractGlueDefinition.java:47)
	at io.cucumber.java.JavaHookDefinition.execute(JavaHookDefinition.java:64)
	at io.cucumber.core.runner.CoreHookDefinition.execute(CoreHookDefinition.java:46)
	at io.cucumber.core.runner.HookDefinitionMatch.runStep(HookDefinitionMatch.java:21)
	at io.cucumber.core.runner.ExecutionMode$1.execute(ExecutionMode.java:10)
	at io.cucumber.core.runner.TestStep.executeStep(TestStep.java:81)
	at io.cucumber.core.runner.TestStep.run(TestStep.java:53)
	at io.cucumber.core.runner.TestCase.run(TestCase.java:78)
	at io.cucumber.core.runner.Runner.runPickle(Runner.java:75)
	at io.cucumber.testng.TestNGCucumberRunner.lambda$runScenario$1(TestNGCucumberRunner.java:132)
	at io.cucumber.core.runtime.CucumberExecutionContext.lambda$runTestCase$5(CucumberExecutionContext.java:136)
	at io.cucumber.core.runtime.RethrowingThrowableCollector.executeAndThrow(RethrowingThrowableCollector.java:23)
	at io.cucumber.core.runtime.CucumberExecutionContext.runTestCase(CucumberExecutionContext.java:136)
	at io.cucumber.testng.TestNGCucumberRunner.runScenario(TestNGCucumberRunner.java:129)
	at io.cucumber.testng.AbstractTestNGCucumberTests.runScenario(AbstractTestNGCucumberTests.java:35)
	at com.eventhub.automation.runners.ParallelCucumberTestRunner.runScenario(ParallelCucumberTestRunner.java:35)
	at java.base/jdk.internal.reflect.NativeMethodAccessorImpl.invoke0(Native Method)
	at java.base/jdk.internal.reflect.NativeMethodAccessorImpl.invoke(NativeMethodAccessorImpl.java:77)
	at java.base/jdk.internal.reflect.DelegatingMethodAccessorImpl.invoke(DelegatingMethodAccessorImpl.java:43)
	at java.base/java.lang.reflect.Method.invoke(Method.java:569)
	at org.testng.internal.invokers.MethodInvocationHelper.invokeMethod(MethodInvocationHelper.java:141)
	at org.testng.internal.invokers.TestInvoker.invokeMethod(TestInvoker.java:686)
	at org.testng.internal.invokers.TestInvoker.invokeTestMethod(TestInvoker.java:230)
	at org.testng.internal.invokers.TestMethodWithDataProviderMethodWorker.call(TestMethodWithDataProviderMethodWorker.java:81)
	at org.testng.internal.thread.Async$AsyncTask.run(Async.java:34)
	at java.base/java.util.concurrent.ThreadPoolExecutor.runWorker(ThreadPoolExecutor.java:1136)
	at java.base/java.util.concurrent.ThreadPoolExecutor$Worker.run(ThreadPoolExecutor.java:635)
	at java.base/java.lang.Thread.run(Thread.java:840)

com.eventhub.automation.exceptions.FrameworkException: WebDriver was not initialized for this thread.
	at com.eventhub.automation.drivers.DriverManager.getDriver(DriverManager.java:21)
	at com.eventhub.automation.utils.ScreenshotUtils.captureBytes(ScreenshotUtils.java:39)
	at com.eventhub.automation.hooks.CucumberHooks.stopBrowser(CucumberHooks.java:43)

org.openqa.selenium.SessionNotCreatedException: Could not start a new session. Possible causes are invalid address of the remote server or browser start-up failure. 
Host info: host: 'runnervmvrwv9', ip: '10.1.0.223'
	at org.openqa.selenium.remote.RemoteWebDriver.execute(RemoteWebDriver.java:563)
	at org.openqa.selenium.remote.RemoteWebDriver.startSession(RemoteWebDriver.java:245)
	at org.openqa.selenium.remote.RemoteWebDriver.<init>(RemoteWebDriver.java:174)
	at org.openqa.selenium.remote.RemoteWebDriver.<init>(RemoteWebDriver.java:152)
	at com.eventhub.automation.drivers.DriverFactory.createBrowserStackChromeDriver(DriverFactory.java:90)
	at com.eventhub.automation.drivers.DriverFactory.createDriver(DriverFactory.java:41)
	at com.eventhub.automation.drivers.DriverManager.initializeDriver(DriverManager.java:14)
	at com.eventhub.automation.hooks.CucumberHooks.startBrowser(CucumberHooks.java:36)
Caused by: org.openqa.selenium.WebDriverException: selenium jar version is either invalid, wrongly formatted, or not supported. Please refer to http://bit.ly/automate-capabilities
Build info: version: '4.23.1', revision: '656257d8e9'
System info: os.name: 'Linux', os.arch: 'amd64', os.version: '6.17.0-1020-azure', java.version: '17.0.19'
Driver info: driver.version: RemoteWebDriver
remote stacktrace: 
	at java.base/jdk.internal.reflect.NativeConstructorAccessorImpl.newInstance0(Native Method)
	at java.base/jdk.internal.reflect.NativeConstructorAccessorImpl.newInstance(NativeConstructorAccessorImpl.java:77)
	at java.base/jdk.internal.reflect.DelegatingConstructorAccessorImpl.newInstance(DelegatingConstructorAccessorImpl.java:45)
	at java.base/java.lang.reflect.Constructor.newInstanceWithCaller(Constructor.java:500)
	at java.base/java.lang.reflect.Constructor.newInstance(Constructor.java:481)
	at org.openqa.selenium.remote.W3CHandshakeResponse.lambda$errorHandler$0(W3CHandshakeResponse.java:59)
	at org.openqa.selenium.remote.HandshakeResponse.lambda$getResponseFunction$0(HandshakeResponse.java:31)
	at org.openqa.selenium.remote.ProtocolHandshake.lambda$createSession$0(ProtocolHandshake.java:120)
	at java.base/java.util.stream.ReferencePipeline$3$1.accept(ReferencePipeline.java:197)
	at java.base/java.util.stream.Streams$StreamBuilderImpl.tryAdvance(Streams.java:397)
	at java.base/java.util.stream.ReferencePipeline.forEachWithCancel(ReferencePipeline.java:129)
	at java.base/java.util.stream.AbstractPipeline.copyIntoWithCancel(AbstractPipeline.java:527)
	at java.base/java.util.stream.AbstractPipeline.copyInto(AbstractPipeline.java:513)
	at java.base/java.util.stream.AbstractPipeline.wrapAndCopyInto(AbstractPipeline.java:499)
	at java.base/java.util.stream.FindOps$FindOp.evaluateSequential(FindOps.java:150)
	at java.base/java.util.stream.AbstractPipeline.evaluate(AbstractPipeline.java:234)
	at java.base/java.util.stream.ReferencePipeline.findFirst(ReferencePipeline.java:647)
	at org.openqa.selenium.remote.ProtocolHandshake.createSession(ProtocolHandshake.java:122)
	at org.openqa.selenium.remote.ProtocolHandshake.createSession(ProtocolHandshake.java:75)
	at org.openqa.selenium.remote.ProtocolHandshake.createSession(ProtocolHandshake.java:61)
	at org.openqa.selenium.remote.HttpCommandExecutor.execute(HttpCommandExecutor.java:162)
	at org.openqa.selenium.remote.TracedCommandExecutor.execute(TracedCommandExecutor.java:53)
	at org.openqa.selenium.remote.RemoteWebDriver.execute(RemoteWebDriver.java:545)
	at org.openqa.selenium.remote.RemoteWebDriver.startSession(RemoteWebDriver.java:245)
	at org.openqa.selenium.remote.RemoteWebDriver.<init>(RemoteWebDriver.java:174)
	at org.openqa.selenium.remote.RemoteWebDriver.<init>(RemoteWebDriver.java:152)
	at com.eventhub.automation.drivers.DriverFactory.createBrowserStackChromeDriver(DriverFactory.java:90)
	at com.eventhub.automation.drivers.DriverFactory.createDriver(DriverFactory.java:41)
	at com.eventhub.automation.drivers.DriverManager.initializeDriver(DriverManager.java:14)
	at com.eventhub.automation.hooks.CucumberHooks.startBrowser(CucumberHooks.java:36)
	at java.base/jdk.internal.reflect.NativeMethodAccessorImpl.invoke0(Native Method)
	at java.base/jdk.internal.reflect.NativeMethodAccessorImpl.invoke(NativeMethodAccessorImpl.java:77)
	at java.base/jdk.internal.reflect.DelegatingMethodAccessorImpl.invoke(DelegatingMethodAccessorImpl.java:43)
	at java.base/java.lang.reflect.Method.invoke(Method.java:569)
	at io.cucumber.java.Invoker.doInvoke(Invoker.java:66)
	at io.cucumber.java.Invoker.invoke(Invoker.java:24)
	at io.cucumber.java.AbstractGlueDefinition.invokeMethod(AbstractGlueDefinition.java:47)
	at io.cucumber.java.JavaHookDefinition.execute(JavaHookDefinition.java:64)
	at io.cucumber.core.runner.CoreHookDefinition.execute(CoreHookDefinition.java:46)
	at io.cucumber.core.runner.HookDefinitionMatch.runStep(HookDefinitionMatch.java:21)
	at io.cucumber.core.runner.ExecutionMode$1.execute(ExecutionMode.java:10)
	at io.cucumber.core.runner.TestStep.executeStep(TestStep.java:81)
	at io.cucumber.core.runner.TestStep.run(TestStep.java:53)
	at io.cucumber.core.runner.TestCase.run(TestCase.java:78)
	at io.cucumber.core.runner.Runner.runPickle(Runner.java:75)
	at io.cucumber.testng.TestNGCucumberRunner.lambda$runScenario$1(TestNGCucumberRunner.java:132)
	at io.cucumber.core.runtime.CucumberExecutionContext.lambda$runTestCase$5(CucumberExecutionContext.java:136)
	at io.cucumber.core.runtime.RethrowingThrowableCollector.executeAndThrow(RethrowingThrowableCollector.java:23)
	at io.cucumber.core.runtime.CucumberExecutionContext.runTestCase(CucumberExecutionContext.java:136)
	at io.cucumber.testng.TestNGCucumberRunner.runScenario(TestNGCucumberRunner.java:129)
	at io.cucumber.testng.AbstractTestNGCucumberTests.runScenario(AbstractTestNGCucumberTests.java:35)
	at com.eventhub.automation.runners.ParallelCucumberTestRunner.runScenario(ParallelCucumberTestRunner.java:35)
	at java.base/jdk.internal.reflect.NativeMethodAccessorImpl.invoke0(Native Method)
	at java.base/jdk.internal.reflect.NativeMethodAccessorImpl.invoke(NativeMethodAccessorImpl.java:77)
	at java.base/jdk.internal.reflect.DelegatingMethodAccessorImpl.invoke(DelegatingMethodAccessorImpl.java:43)
	at java.base/java.lang.reflect.Method.invoke(Method.java:569)
	at org.testng.internal.invokers.MethodInvocationHelper.invokeMethod(MethodInvocationHelper.java:141)
	at org.testng.internal.invokers.TestInvoker.invokeMethod(TestInvoker.java:686)
	at org.testng.internal.invokers.TestInvoker.invokeTestMethod(TestInvoker.java:230)
	at org.testng.internal.invokers.TestMethodWithDataProviderMethodWorker.call(TestMethodWithDataProviderMethodWorker.java:81)
	at org.testng.internal.thread.Async$AsyncTask.run(Async.java:34)
	at java.base/java.util.concurrent.ThreadPoolExecutor.runWorker(ThreadPoolExecutor.java:1136)
	at java.base/java.util.concurrent.ThreadPoolExecutor$Worker.run(ThreadPoolExecutor.java:635)
	at java.base/java.lang.Thread.run(Thread.java:840)

com.eventhub.automation.exceptions.FrameworkException: WebDriver was not initialized for this thread.
	at com.eventhub.automation.drivers.DriverManager.getDriver(DriverManager.java:21)
	at com.eventhub.automation.utils.ScreenshotUtils.captureBytes(ScreenshotUtils.java:39)
	at com.eventhub.automation.hooks.CucumberHooks.stopBrowser(CucumberHooks.java:43)

org.openqa.selenium.SessionNotCreatedException: Could not start a new session. Possible causes are invalid address of the remote server or browser start-up failure. 
Host info: host: 'runnervmvrwv9', ip: '10.1.0.223'
	at org.openqa.selenium.remote.RemoteWebDriver.execute(RemoteWebDriver.java:563)
	at org.openqa.selenium.remote.RemoteWebDriver.startSession(RemoteWebDriver.java:245)
	at org.openqa.selenium.remote.RemoteWebDriver.<init>(RemoteWebDriver.java:174)
	at org.openqa.selenium.remote.RemoteWebDriver.<init>(RemoteWebDriver.java:152)
	at com.eventhub.automation.drivers.DriverFactory.createBrowserStackChromeDriver(DriverFactory.java:90)
	at com.eventhub.automation.drivers.DriverFactory.createDriver(DriverFactory.java:41)
	at com.eventhub.automation.drivers.DriverManager.initializeDriver(DriverManager.java:14)
	at com.eventhub.automation.hooks.CucumberHooks.startBrowser(CucumberHooks.java:36)
Caused by: org.openqa.selenium.WebDriverException: selenium jar version is either invalid, wrongly formatted, or not supported. Please refer to http://bit.ly/automate-capabilities
Build info: version: '4.23.1', revision: '656257d8e9'
System info: os.name: 'Linux', os.arch: 'amd64', os.version: '6.17.0-1020-azure', java.version: '17.0.19'
Driver info: driver.version: RemoteWebDriver
remote stacktrace: 
	at java.base/jdk.internal.reflect.NativeConstructorAccessorImpl.newInstance0(Native Method)
	at java.base/jdk.internal.reflect.NativeConstructorAccessorImpl.newInstance(NativeConstructorAccessorImpl.java:77)
	at java.base/jdk.internal.reflect.DelegatingConstructorAccessorImpl.newInstance(DelegatingConstructorAccessorImpl.java:45)
	at java.base/java.lang.reflect.Constructor.newInstanceWithCaller(Constructor.java:500)
	at java.base/java.lang.reflect.Constructor.newInstance(Constructor.java:481)
	at org.openqa.selenium.remote.W3CHandshakeResponse.lambda$errorHandler$0(W3CHandshakeResponse.java:59)
	at org.openqa.selenium.remote.HandshakeResponse.lambda$getResponseFunction$0(HandshakeResponse.java:31)
	at org.openqa.selenium.remote.ProtocolHandshake.lambda$createSession$0(ProtocolHandshake.java:120)
	at java.base/java.util.stream.ReferencePipeline$3$1.accept(ReferencePipeline.java:197)
	at java.base/java.util.stream.Streams$StreamBuilderImpl.tryAdvance(Streams.java:397)
	at java.base/java.util.stream.ReferencePipeline.forEachWithCancel(ReferencePipeline.java:129)
	at java.base/java.util.stream.AbstractPipeline.copyIntoWithCancel(AbstractPipeline.java:527)
	at java.base/java.util.stream.AbstractPipeline.copyInto(AbstractPipeline.java:513)
	at java.base/java.util.stream.AbstractPipeline.wrapAndCopyInto(AbstractPipeline.java:499)
	at java.base/java.util.stream.FindOps$FindOp.evaluateSequential(FindOps.java:150)
	at java.base/java.util.stream.AbstractPipeline.evaluate(AbstractPipeline.java:234)
	at java.base/java.util.stream.ReferencePipeline.findFirst(ReferencePipeline.java:647)
	at org.openqa.selenium.remote.ProtocolHandshake.createSession(ProtocolHandshake.java:122)
	at org.openqa.selenium.remote.ProtocolHandshake.createSession(ProtocolHandshake.java:75)
	at org.openqa.selenium.remote.ProtocolHandshake.createSession(ProtocolHandshake.java:61)
	at org.openqa.selenium.remote.HttpCommandExecutor.execute(HttpCommandExecutor.java:162)
	at org.openqa.selenium.remote.TracedCommandExecutor.execute(TracedCommandExecutor.java:53)
	at org.openqa.selenium.remote.RemoteWebDriver.execute(RemoteWebDriver.java:545)
	at org.openqa.selenium.remote.RemoteWebDriver.startSession(RemoteWebDriver.java:245)
	at org.openqa.selenium.remote.RemoteWebDriver.<init>(RemoteWebDriver.java:174)
	at org.openqa.selenium.remote.RemoteWebDriver.<init>(RemoteWebDriver.java:152)
	at com.eventhub.automation.drivers.DriverFactory.createBrowserStackChromeDriver(DriverFactory.java:90)
	at com.eventhub.automation.drivers.DriverFactory.createDriver(DriverFactory.java:41)
	at com.eventhub.automation.drivers.DriverManager.initializeDriver(DriverManager.java:14)
	at com.eventhub.automation.hooks.CucumberHooks.startBrowser(CucumberHooks.java:36)
	at java.base/jdk.internal.reflect.NativeMethodAccessorImpl.invoke0(Native Method)
	at java.base/jdk.internal.reflect.NativeMethodAccessorImpl.invoke(NativeMethodAccessorImpl.java:77)
	at java.base/jdk.internal.reflect.DelegatingMethodAccessorImpl.invoke(DelegatingMethodAccessorImpl.java:43)
	at java.base/java.lang.reflect.Method.invoke(Method.java:569)
	at io.cucumber.java.Invoker.doInvoke(Invoker.java:66)
	at io.cucumber.java.Invoker.invoke(Invoker.java:24)
	at io.cucumber.java.AbstractGlueDefinition.invokeMethod(AbstractGlueDefinition.java:47)
	at io.cucumber.java.JavaHookDefinition.execute(JavaHookDefinition.java:64)
	at io.cucumber.core.runner.CoreHookDefinition.execute(CoreHookDefinition.java:46)
	at io.cucumber.core.runner.HookDefinitionMatch.runStep(HookDefinitionMatch.java:21)
	at io.cucumber.core.runner.ExecutionMode$1.execute(ExecutionMode.java:10)
	at io.cucumber.core.runner.TestStep.executeStep(TestStep.java:81)
	at io.cucumber.core.runner.TestStep.run(TestStep.java:53)
	at io.cucumber.core.runner.TestCase.run(TestCase.java:78)
	at io.cucumber.core.runner.Runner.runPickle(Runner.java:75)
	at io.cucumber.testng.TestNGCucumberRunner.lambda$runScenario$1(TestNGCucumberRunner.java:132)
	at io.cucumber.core.runtime.CucumberExecutionContext.lambda$runTestCase$5(CucumberExecutionContext.java:136)
	at io.cucumber.core.runtime.RethrowingThrowableCollector.executeAndThrow(RethrowingThrowableCollector.java:23)
	at io.cucumber.core.runtime.CucumberExecutionContext.runTestCase(CucumberExecutionContext.java:136)
	at io.cucumber.testng.TestNGCucumberRunner.runScenario(TestNGCucumberRunner.java:129)
	at io.cucumber.testng.AbstractTestNGCucumberTests.runScenario(AbstractTestNGCucumberTests.java:35)
	at com.eventhub.automation.runners.ParallelCucumberTestRunner.runScenario(ParallelCucumberTestRunner.java:35)
	at java.base/jdk.internal.reflect.NativeMethodAccessorImpl.invoke0(Native Method)
	at java.base/jdk.internal.reflect.NativeMethodAccessorImpl.invoke(NativeMethodAccessorImpl.java:77)
	at java.base/jdk.internal.reflect.DelegatingMethodAccessorImpl.invoke(DelegatingMethodAccessorImpl.java:43)
	at java.base/java.lang.reflect.Method.invoke(Method.java:569)
	at org.testng.internal.invokers.MethodInvocationHelper.invokeMethod(MethodInvocationHelper.java:141)
	at org.testng.internal.invokers.TestInvoker.invokeMethod(TestInvoker.java:686)
	at org.testng.internal.invokers.TestInvoker.invokeTestMethod(TestInvoker.java:230)
	at org.testng.internal.invokers.TestMethodWithDataProviderMethodWorker.call(TestMethodWithDataProviderMethodWorker.java:81)
	at org.testng.internal.thread.Async$AsyncTask.run(Async.java:34)
	at java.base/java.util.concurrent.ThreadPoolExecutor.runWorker(ThreadPoolExecutor.java:1136)
	at java.base/java.util.concurrent.ThreadPoolExecutor$Worker.run(ThreadPoolExecutor.java:635)
	at java.base/java.lang.Thread.run(Thread.java:840)

com.eventhub.automation.exceptions.FrameworkException: WebDriver was not initialized for this thread.
	at com.eventhub.automation.drivers.DriverManager.getDriver(DriverManager.java:21)
	at com.eventhub.automation.utils.ScreenshotUtils.captureBytes(ScreenshotUtils.java:39)
	at com.eventhub.automation.hooks.CucumberHooks.stopBrowser(CucumberHooks.java:43)

org.openqa.selenium.SessionNotCreatedException: Could not start a new session. Possible causes are invalid address of the remote server or browser start-up failure. 
Host info: host: 'runnervmvrwv9', ip: '10.1.0.223'
	at org.openqa.selenium.remote.RemoteWebDriver.execute(RemoteWebDriver.java:563)
	at org.openqa.selenium.remote.RemoteWebDriver.startSession(RemoteWebDriver.java:245)
	at org.openqa.selenium.remote.RemoteWebDriver.<init>(RemoteWebDriver.java:174)
	at org.openqa.selenium.remote.RemoteWebDriver.<init>(RemoteWebDriver.java:152)
	at com.eventhub.automation.drivers.DriverFactory.createBrowserStackChromeDriver(DriverFactory.java:90)
	at com.eventhub.automation.drivers.DriverFactory.createDriver(DriverFactory.java:41)
	at com.eventhub.automation.drivers.DriverManager.initializeDriver(DriverManager.java:14)
	at com.eventhub.automation.hooks.CucumberHooks.startBrowser(CucumberHooks.java:36)
Caused by: org.openqa.selenium.WebDriverException: selenium jar version is either invalid, wrongly formatted, or not supported. Please refer to http://bit.ly/automate-capabilities
Build info: version: '4.23.1', revision: '656257d8e9'
System info: os.name: 'Linux', os.arch: 'amd64', os.version: '6.17.0-1020-azure', java.version: '17.0.19'
Driver info: driver.version: RemoteWebDriver
remote stacktrace: 
	at java.base/jdk.internal.reflect.NativeConstructorAccessorImpl.newInstance0(Native Method)
	at java.base/jdk.internal.reflect.NativeConstructorAccessorImpl.newInstance(NativeConstructorAccessorImpl.java:77)
	at java.base/jdk.internal.reflect.DelegatingConstructorAccessorImpl.newInstance(DelegatingConstructorAccessorImpl.java:45)
	at java.base/java.lang.reflect.Constructor.newInstanceWithCaller(Constructor.java:500)
	at java.base/java.lang.reflect.Constructor.newInstance(Constructor.java:481)
	at org.openqa.selenium.remote.W3CHandshakeResponse.lambda$errorHandler$0(W3CHandshakeResponse.java:59)
	at org.openqa.selenium.remote.HandshakeResponse.lambda$getResponseFunction$0(HandshakeResponse.java:31)
	at org.openqa.selenium.remote.ProtocolHandshake.lambda$createSession$0(ProtocolHandshake.java:120)
	at java.base/java.util.stream.ReferencePipeline$3$1.accept(ReferencePipeline.java:197)
	at java.base/java.util.stream.Streams$StreamBuilderImpl.tryAdvance(Streams.java:397)
	at java.base/java.util.stream.ReferencePipeline.forEachWithCancel(ReferencePipeline.java:129)
	at java.base/java.util.stream.AbstractPipeline.copyIntoWithCancel(AbstractPipeline.java:527)
	at java.base/java.util.stream.AbstractPipeline.copyInto(AbstractPipeline.java:513)
	at java.base/java.util.stream.AbstractPipeline.wrapAndCopyInto(AbstractPipeline.java:499)
	at java.base/java.util.stream.FindOps$FindOp.evaluateSequential(FindOps.java:150)
	at java.base/java.util.stream.AbstractPipeline.evaluate(AbstractPipeline.java:234)
	at java.base/java.util.stream.ReferencePipeline.findFirst(ReferencePipeline.java:647)
	at org.openqa.selenium.remote.ProtocolHandshake.createSession(ProtocolHandshake.java:122)
	at org.openqa.selenium.remote.ProtocolHandshake.createSession(ProtocolHandshake.java:75)
	at org.openqa.selenium.remote.ProtocolHandshake.createSession(ProtocolHandshake.java:61)
	at org.openqa.selenium.remote.HttpCommandExecutor.execute(HttpCommandExecutor.java:162)
	at org.openqa.selenium.remote.TracedCommandExecutor.execute(TracedCommandExecutor.java:53)
	at org.openqa.selenium.remote.RemoteWebDriver.execute(RemoteWebDriver.java:545)
	at org.openqa.selenium.remote.RemoteWebDriver.startSession(RemoteWebDriver.java:245)
	at org.openqa.selenium.remote.RemoteWebDriver.<init>(RemoteWebDriver.java:174)
	at org.openqa.selenium.remote.RemoteWebDriver.<init>(RemoteWebDriver.java:152)
	at com.eventhub.automation.drivers.DriverFactory.createBrowserStackChromeDriver(DriverFactory.java:90)
	at com.eventhub.automation.drivers.DriverFactory.createDriver(DriverFactory.java:41)
	at com.eventhub.automation.drivers.DriverManager.initializeDriver(DriverManager.java:14)
	at com.eventhub.automation.hooks.CucumberHooks.startBrowser(CucumberHooks.java:36)
	at java.base/jdk.internal.reflect.NativeMethodAccessorImpl.invoke0(Native Method)
	at java.base/jdk.internal.reflect.NativeMethodAccessorImpl.invoke(NativeMethodAccessorImpl.java:77)
	at java.base/jdk.internal.reflect.DelegatingMethodAccessorImpl.invoke(DelegatingMethodAccessorImpl.java:43)
	at java.base/java.lang.reflect.Method.invoke(Method.java:569)
	at io.cucumber.java.Invoker.doInvoke(Invoker.java:66)
	at io.cucumber.java.Invoker.invoke(Invoker.java:24)
	at io.cucumber.java.AbstractGlueDefinition.invokeMethod(AbstractGlueDefinition.java:47)
	at io.cucumber.java.JavaHookDefinition.execute(JavaHookDefinition.java:64)
	at io.cucumber.core.runner.CoreHookDefinition.execute(CoreHookDefinition.java:46)
	at io.cucumber.core.runner.HookDefinitionMatch.runStep(HookDefinitionMatch.java:21)
	at io.cucumber.core.runner.ExecutionMode$1.execute(ExecutionMode.java:10)
	at io.cucumber.core.runner.TestStep.executeStep(TestStep.java:81)
	at io.cucumber.core.runner.TestStep.run(TestStep.java:53)
	at io.cucumber.core.runner.TestCase.run(TestCase.java:78)
	at io.cucumber.core.runner.Runner.runPickle(Runner.java:75)
	at io.cucumber.testng.TestNGCucumberRunner.lambda$runScenario$1(TestNGCucumberRunner.java:132)
	at io.cucumber.core.runtime.CucumberExecutionContext.lambda$runTestCase$5(CucumberExecutionContext.java:136)
	at io.cucumber.core.runtime.RethrowingThrowableCollector.executeAndThrow(RethrowingThrowableCollector.java:23)
	at io.cucumber.core.runtime.CucumberExecutionContext.runTestCase(CucumberExecutionContext.java:136)
	at io.cucumber.testng.TestNGCucumberRunner.runScenario(TestNGCucumberRunner.java:129)
	at io.cucumber.testng.AbstractTestNGCucumberTests.runScenario(AbstractTestNGCucumberTests.java:35)
	at com.eventhub.automation.runners.ParallelCucumberTestRunner.runScenario(ParallelCucumberTestRunner.java:35)
	at java.base/jdk.internal.reflect.NativeMethodAccessorImpl.invoke0(Native Method)
	at java.base/jdk.internal.reflect.NativeMethodAccessorImpl.invoke(NativeMethodAccessorImpl.java:77)
	at java.base/jdk.internal.reflect.DelegatingMethodAccessorImpl.invoke(DelegatingMethodAccessorImpl.java:43)
	at java.base/java.lang.reflect.Method.invoke(Method.java:569)
	at org.testng.internal.invokers.MethodInvocationHelper.invokeMethod(MethodInvocationHelper.java:141)
	at org.testng.internal.invokers.TestInvoker.invokeMethod(TestInvoker.java:686)
	at org.testng.internal.invokers.TestInvoker.invokeTestMethod(TestInvoker.java:230)
	at org.testng.internal.invokers.TestMethodWithDataProviderMethodWorker.call(TestMethodWithDataProviderMethodWorker.java:81)
	at org.testng.internal.thread.Async$AsyncTask.run(Async.java:34)
	at java.base/java.util.concurrent.ThreadPoolExecutor.runWorker(ThreadPoolExecutor.java:1136)
	at java.base/java.util.concurrent.ThreadPoolExecutor$Worker.run(ThreadPoolExecutor.java:635)
	at java.base/java.lang.Thread.run(Thread.java:840)

com.eventhub.automation.exceptions.FrameworkException: WebDriver was not initialized for this thread.
	at com.eventhub.automation.drivers.DriverManager.getDriver(DriverManager.java:21)
	at com.eventhub.automation.utils.ScreenshotUtils.captureBytes(ScreenshotUtils.java:39)
	at com.eventhub.automation.hooks.CucumberHooks.stopBrowser(CucumberHooks.java:43)

org.openqa.selenium.SessionNotCreatedException: Could not start a new session. Possible causes are invalid address of the remote server or browser start-up failure. 
Host info: host: 'runnervmvrwv9', ip: '10.1.0.223'
	at org.openqa.selenium.remote.RemoteWebDriver.execute(RemoteWebDriver.java:563)
	at org.openqa.selenium.remote.RemoteWebDriver.startSession(RemoteWebDriver.java:245)
	at org.openqa.selenium.remote.RemoteWebDriver.<init>(RemoteWebDriver.java:174)
	at org.openqa.selenium.remote.RemoteWebDriver.<init>(RemoteWebDriver.java:152)
	at com.eventhub.automation.drivers.DriverFactory.createBrowserStackChromeDriver(DriverFactory.java:90)
	at com.eventhub.automation.drivers.DriverFactory.createDriver(DriverFactory.java:41)
	at com.eventhub.automation.drivers.DriverManager.initializeDriver(DriverManager.java:14)
	at com.eventhub.automation.hooks.CucumberHooks.startBrowser(CucumberHooks.java:36)
Caused by: org.openqa.selenium.WebDriverException: selenium jar version is either invalid, wrongly formatted, or not supported. Please refer to http://bit.ly/automate-capabilities
Build info: version: '4.23.1', revision: '656257d8e9'
System info: os.name: 'Linux', os.arch: 'amd64', os.version: '6.17.0-1020-azure', java.version: '17.0.19'
Driver info: driver.version: RemoteWebDriver
remote stacktrace: 
	at java.base/jdk.internal.reflect.NativeConstructorAccessorImpl.newInstance0(Native Method)
	at java.base/jdk.internal.reflect.NativeConstructorAccessorImpl.newInstance(NativeConstructorAccessorImpl.java:77)
	at java.base/jdk.internal.reflect.DelegatingConstructorAccessorImpl.newInstance(DelegatingConstructorAccessorImpl.java:45)
	at java.base/java.lang.reflect.Constructor.newInstanceWithCaller(Constructor.java:500)
	at java.base/java.lang.reflect.Constructor.newInstance(Constructor.java:481)
	at org.openqa.selenium.remote.W3CHandshakeResponse.lambda$errorHandler$0(W3CHandshakeResponse.java:59)
	at org.openqa.selenium.remote.HandshakeResponse.lambda$getResponseFunction$0(HandshakeResponse.java:31)
	at org.openqa.selenium.remote.ProtocolHandshake.lambda$createSession$0(ProtocolHandshake.java:120)
	at java.base/java.util.stream.ReferencePipeline$3$1.accept(ReferencePipeline.java:197)
	at java.base/java.util.stream.Streams$StreamBuilderImpl.tryAdvance(Streams.java:397)
	at java.base/java.util.stream.ReferencePipeline.forEachWithCancel(ReferencePipeline.java:129)
	at java.base/java.util.stream.AbstractPipeline.copyIntoWithCancel(AbstractPipeline.java:527)
	at java.base/java.util.stream.AbstractPipeline.copyInto(AbstractPipeline.java:513)
	at java.base/java.util.stream.AbstractPipeline.wrapAndCopyInto(AbstractPipeline.java:499)
	at java.base/java.util.stream.FindOps$FindOp.evaluateSequential(FindOps.java:150)
	at java.base/java.util.stream.AbstractPipeline.evaluate(AbstractPipeline.java:234)
	at java.base/java.util.stream.ReferencePipeline.findFirst(ReferencePipeline.java:647)
	at org.openqa.selenium.remote.ProtocolHandshake.createSession(ProtocolHandshake.java:122)
	at org.openqa.selenium.remote.ProtocolHandshake.createSession(ProtocolHandshake.java:75)
	at org.openqa.selenium.remote.ProtocolHandshake.createSession(ProtocolHandshake.java:61)
	at org.openqa.selenium.remote.HttpCommandExecutor.execute(HttpCommandExecutor.java:162)
	at org.openqa.selenium.remote.TracedCommandExecutor.execute(TracedCommandExecutor.java:53)
	at org.openqa.selenium.remote.RemoteWebDriver.execute(RemoteWebDriver.java:545)
	at org.openqa.selenium.remote.RemoteWebDriver.startSession(RemoteWebDriver.java:245)
	at org.openqa.selenium.remote.RemoteWebDriver.<init>(RemoteWebDriver.java:174)
	at org.openqa.selenium.remote.RemoteWebDriver.<init>(RemoteWebDriver.java:152)
	at com.eventhub.automation.drivers.DriverFactory.createBrowserStackChromeDriver(DriverFactory.java:90)
	at com.eventhub.automation.drivers.DriverFactory.createDriver(DriverFactory.java:41)
	at com.eventhub.automation.drivers.DriverManager.initializeDriver(DriverManager.java:14)
	at com.eventhub.automation.hooks.CucumberHooks.startBrowser(CucumberHooks.java:36)
	at java.base/jdk.internal.reflect.NativeMethodAccessorImpl.invoke0(Native Method)
	at java.base/jdk.internal.reflect.NativeMethodAccessorImpl.invoke(NativeMethodAccessorImpl.java:77)
	at java.base/jdk.internal.reflect.DelegatingMethodAccessorImpl.invoke(DelegatingMethodAccessorImpl.java:43)
	at java.base/java.lang.reflect.Method.invoke(Method.java:569)
	at io.cucumber.java.Invoker.doInvoke(Invoker.java:66)
	at io.cucumber.java.Invoker.invoke(Invoker.java:24)
	at io.cucumber.java.AbstractGlueDefinition.invokeMethod(AbstractGlueDefinition.java:47)
	at io.cucumber.java.JavaHookDefinition.execute(JavaHookDefinition.java:64)
	at io.cucumber.core.runner.CoreHookDefinition.execute(CoreHookDefinition.java:46)
	at io.cucumber.core.runner.HookDefinitionMatch.runStep(HookDefinitionMatch.java:21)
	at io.cucumber.core.runner.ExecutionMode$1.execute(ExecutionMode.java:10)
	at io.cucumber.core.runner.TestStep.executeStep(TestStep.java:81)
	at io.cucumber.core.runner.TestStep.run(TestStep.java:53)
	at io.cucumber.core.runner.TestCase.run(TestCase.java:78)
	at io.cucumber.core.runner.Runner.runPickle(Runner.java:75)
	at io.cucumber.testng.TestNGCucumberRunner.lambda$runScenario$1(TestNGCucumberRunner.java:132)
	at io.cucumber.core.runtime.CucumberExecutionContext.lambda$runTestCase$5(CucumberExecutionContext.java:136)
	at io.cucumber.core.runtime.RethrowingThrowableCollector.executeAndThrow(RethrowingThrowableCollector.java:23)
	at io.cucumber.core.runtime.CucumberExecutionContext.runTestCase(CucumberExecutionContext.java:136)
	at io.cucumber.testng.TestNGCucumberRunner.runScenario(TestNGCucumberRunner.java:129)
	at io.cucumber.testng.AbstractTestNGCucumberTests.runScenario(AbstractTestNGCucumberTests.java:35)
	at com.eventhub.automation.runners.ParallelCucumberTestRunner.runScenario(ParallelCucumberTestRunner.java:35)
	at java.base/jdk.internal.reflect.NativeMethodAccessorImpl.invoke0(Native Method)
	at java.base/jdk.internal.reflect.NativeMethodAccessorImpl.invoke(NativeMethodAccessorImpl.java:77)
	at java.base/jdk.internal.reflect.DelegatingMethodAccessorImpl.invoke(DelegatingMethodAccessorImpl.java:43)
	at java.base/java.lang.reflect.Method.invoke(Method.java:569)
	at org.testng.internal.invokers.MethodInvocationHelper.invokeMethod(MethodInvocationHelper.java:141)
	at org.testng.internal.invokers.TestInvoker.invokeMethod(TestInvoker.java:686)
	at org.testng.internal.invokers.TestInvoker.invokeTestMethod(TestInvoker.java:230)
	at org.testng.internal.invokers.TestMethodWithDataProviderMethodWorker.call(TestMethodWithDataProviderMethodWorker.java:81)
	at org.testng.internal.thread.Async$AsyncTask.run(Async.java:34)
	at java.base/java.util.concurrent.ThreadPoolExecutor.runWorker(ThreadPoolExecutor.java:1136)
	at java.base/java.util.concurrent.ThreadPoolExecutor$Worker.run(ThreadPoolExecutor.java:635)
	at java.base/java.lang.Thread.run(Thread.java:840)

com.eventhub.automation.exceptions.FrameworkException: WebDriver was not initialized for this thread.
	at com.eventhub.automation.drivers.DriverManager.getDriver(DriverManager.java:21)
	at com.eventhub.automation.utils.ScreenshotUtils.captureBytes(ScreenshotUtils.java:39)
	at com.eventhub.automation.hooks.CucumberHooks.stopBrowser(CucumberHooks.java:43)

org.openqa.selenium.SessionNotCreatedException: Could not start a new session. Possible causes are invalid address of the remote server or browser start-up failure. 
Host info: host: 'runnervmvrwv9', ip: '10.1.0.223'
	at org.openqa.selenium.remote.RemoteWebDriver.execute(RemoteWebDriver.java:563)
	at org.openqa.selenium.remote.RemoteWebDriver.startSession(RemoteWebDriver.java:245)
	at org.openqa.selenium.remote.RemoteWebDriver.<init>(RemoteWebDriver.java:174)
	at org.openqa.selenium.remote.RemoteWebDriver.<init>(RemoteWebDriver.java:152)
	at com.eventhub.automation.drivers.DriverFactory.createBrowserStackChromeDriver(DriverFactory.java:90)
	at com.eventhub.automation.drivers.DriverFactory.createDriver(DriverFactory.java:41)
	at com.eventhub.automation.drivers.DriverManager.initializeDriver(DriverManager.java:14)
	at com.eventhub.automation.hooks.CucumberHooks.startBrowser(CucumberHooks.java:36)
Caused by: org.openqa.selenium.WebDriverException: selenium jar version is either invalid, wrongly formatted, or not supported. Please refer to http://bit.ly/automate-capabilities
Build info: version: '4.23.1', revision: '656257d8e9'
System info: os.name: 'Linux', os.arch: 'amd64', os.version: '6.17.0-1020-azure', java.version: '17.0.19'
Driver info: driver.version: RemoteWebDriver
remote stacktrace: 
	at java.base/jdk.internal.reflect.NativeConstructorAccessorImpl.newInstance0(Native Method)
	at java.base/jdk.internal.reflect.NativeConstructorAccessorImpl.newInstance(NativeConstructorAccessorImpl.java:77)
	at java.base/jdk.internal.reflect.DelegatingConstructorAccessorImpl.newInstance(DelegatingConstructorAccessorImpl.java:45)
	at java.base/java.lang.reflect.Constructor.newInstanceWithCaller(Constructor.java:500)
	at java.base/java.lang.reflect.Constructor.newInstance(Constructor.java:481)
	at org.openqa.selenium.remote.W3CHandshakeResponse.lambda$errorHandler$0(W3CHandshakeResponse.java:59)
	at org.openqa.selenium.remote.HandshakeResponse.lambda$getResponseFunction$0(HandshakeResponse.java:31)
	at org.openqa.selenium.remote.ProtocolHandshake.lambda$createSession$0(ProtocolHandshake.java:120)
	at java.base/java.util.stream.ReferencePipeline$3$1.accept(ReferencePipeline.java:197)
	at java.base/java.util.stream.Streams$StreamBuilderImpl.tryAdvance(Streams.java:397)
	at java.base/java.util.stream.ReferencePipeline.forEachWithCancel(ReferencePipeline.java:129)
	at java.base/java.util.stream.AbstractPipeline.copyIntoWithCancel(AbstractPipeline.java:527)
	at java.base/java.util.stream.AbstractPipeline.copyInto(AbstractPipeline.java:513)
	at java.base/java.util.stream.AbstractPipeline.wrapAndCopyInto(AbstractPipeline.java:499)
	at java.base/java.util.stream.FindOps$FindOp.evaluateSequential(FindOps.java:150)
	at java.base/java.util.stream.AbstractPipeline.evaluate(AbstractPipeline.java:234)
	at java.base/java.util.stream.ReferencePipeline.findFirst(ReferencePipeline.java:647)
	at org.openqa.selenium.remote.ProtocolHandshake.createSession(ProtocolHandshake.java:122)
	at org.openqa.selenium.remote.ProtocolHandshake.createSession(ProtocolHandshake.java:75)
	at org.openqa.selenium.remote.ProtocolHandshake.createSession(ProtocolHandshake.java:61)
	at org.openqa.selenium.remote.HttpCommandExecutor.execute(HttpCommandExecutor.java:162)
	at org.openqa.selenium.remote.TracedCommandExecutor.execute(TracedCommandExecutor.java:53)
	at org.openqa.selenium.remote.RemoteWebDriver.execute(RemoteWebDriver.java:545)
	at org.openqa.selenium.remote.RemoteWebDriver.startSession(RemoteWebDriver.java:245)
	at org.openqa.selenium.remote.RemoteWebDriver.<init>(RemoteWebDriver.java:174)
	at org.openqa.selenium.remote.RemoteWebDriver.<init>(RemoteWebDriver.java:152)
	at com.eventhub.automation.drivers.DriverFactory.createBrowserStackChromeDriver(DriverFactory.java:90)
	at com.eventhub.automation.drivers.DriverFactory.createDriver(DriverFactory.java:41)
	at com.eventhub.automation.drivers.DriverManager.initializeDriver(DriverManager.java:14)
	at com.eventhub.automation.hooks.CucumberHooks.startBrowser(CucumberHooks.java:36)
	at java.base/jdk.internal.reflect.NativeMethodAccessorImpl.invoke0(Native Method)
	at java.base/jdk.internal.reflect.NativeMethodAccessorImpl.invoke(NativeMethodAccessorImpl.java:77)
	at java.base/jdk.internal.reflect.DelegatingMethodAccessorImpl.invoke(DelegatingMethodAccessorImpl.java:43)
	at java.base/java.lang.reflect.Method.invoke(Method.java:569)
	at io.cucumber.java.Invoker.doInvoke(Invoker.java:66)
	at io.cucumber.java.Invoker.invoke(Invoker.java:24)
	at io.cucumber.java.AbstractGlueDefinition.invokeMethod(AbstractGlueDefinition.java:47)
	at io.cucumber.java.JavaHookDefinition.execute(JavaHookDefinition.java:64)
	at io.cucumber.core.runner.CoreHookDefinition.execute(CoreHookDefinition.java:46)
	at io.cucumber.core.runner.HookDefinitionMatch.runStep(HookDefinitionMatch.java:21)
	at io.cucumber.core.runner.ExecutionMode$1.execute(ExecutionMode.java:10)
	at io.cucumber.core.runner.TestStep.executeStep(TestStep.java:81)
	at io.cucumber.core.runner.TestStep.run(TestStep.java:53)
	at io.cucumber.core.runner.TestCase.run(TestCase.java:78)
	at io.cucumber.core.runner.Runner.runPickle(Runner.java:75)
	at io.cucumber.testng.TestNGCucumberRunner.lambda$runScenario$1(TestNGCucumberRunner.java:132)
	at io.cucumber.core.runtime.CucumberExecutionContext.lambda$runTestCase$5(CucumberExecutionContext.java:136)
	at io.cucumber.core.runtime.RethrowingThrowableCollector.executeAndThrow(RethrowingThrowableCollector.java:23)
	at io.cucumber.core.runtime.CucumberExecutionContext.runTestCase(CucumberExecutionContext.java:136)
	at io.cucumber.testng.TestNGCucumberRunner.runScenario(TestNGCucumberRunner.java:129)
	at io.cucumber.testng.AbstractTestNGCucumberTests.runScenario(AbstractTestNGCucumberTests.java:35)
	at com.eventhub.automation.runners.ParallelCucumberTestRunner.runScenario(ParallelCucumberTestRunner.java:35)
	at java.base/jdk.internal.reflect.NativeMethodAccessorImpl.invoke0(Native Method)
	at java.base/jdk.internal.reflect.NativeMethodAccessorImpl.invoke(NativeMethodAccessorImpl.java:77)
	at java.base/jdk.internal.reflect.DelegatingMethodAccessorImpl.invoke(DelegatingMethodAccessorImpl.java:43)
	at java.base/java.lang.reflect.Method.invoke(Method.java:569)
	at org.testng.internal.invokers.MethodInvocationHelper.invokeMethod(MethodInvocationHelper.java:141)
	at org.testng.internal.invokers.TestInvoker.invokeMethod(TestInvoker.java:686)
	at org.testng.internal.invokers.TestInvoker.invokeTestMethod(TestInvoker.java:230)
	at org.testng.internal.invokers.TestMethodWithDataProviderMethodWorker.call(TestMethodWithDataProviderMethodWorker.java:81)
	at org.testng.internal.thread.Async$AsyncTask.run(Async.java:34)
	at java.base/java.util.concurrent.ThreadPoolExecutor.runWorker(ThreadPoolExecutor.java:1136)
	at java.base/java.util.concurrent.ThreadPoolExecutor$Worker.run(ThreadPoolExecutor.java:635)
	at java.base/java.lang.Thread.run(Thread.java:840)

com.eventhub.automation.exceptions.FrameworkException: WebDriver was not initialized for this thread.
	at com.eventhub.automation.drivers.DriverManager.getDriver(DriverManager.java:21)
	at com.eventhub.automation.utils.ScreenshotUtils.captureBytes(ScreenshotUtils.java:39)
	at com.eventhub.automation.hooks.CucumberHooks.stopBrowser(CucumberHooks.java:43)

org.openqa.selenium.SessionNotCreatedException: Could not start a new session. Possible causes are invalid address of the remote server or browser start-up failure. 
Host info: host: 'runnervmvrwv9', ip: '10.1.0.223'
	at org.openqa.selenium.remote.RemoteWebDriver.execute(RemoteWebDriver.java:563)
	at org.openqa.selenium.remote.RemoteWebDriver.startSession(RemoteWebDriver.java:245)
	at org.openqa.selenium.remote.RemoteWebDriver.<init>(RemoteWebDriver.java:174)
	at org.openqa.selenium.remote.RemoteWebDriver.<init>(RemoteWebDriver.java:152)
	at com.eventhub.automation.drivers.DriverFactory.createBrowserStackChromeDriver(DriverFactory.java:90)
	at com.eventhub.automation.drivers.DriverFactory.createDriver(DriverFactory.java:41)
	at com.eventhub.automation.drivers.DriverManager.initializeDriver(DriverManager.java:14)
	at com.eventhub.automation.hooks.CucumberHooks.startBrowser(CucumberHooks.java:36)
Caused by: org.openqa.selenium.WebDriverException: selenium jar version is either invalid, wrongly formatted, or not supported. Please refer to http://bit.ly/automate-capabilities
Build info: version: '4.23.1', revision: '656257d8e9'
System info: os.name: 'Linux', os.arch: 'amd64', os.version: '6.17.0-1020-azure', java.version: '17.0.19'
Driver info: driver.version: RemoteWebDriver
remote stacktrace: 
	at java.base/jdk.internal.reflect.NativeConstructorAccessorImpl.newInstance0(Native Method)
	at java.base/jdk.internal.reflect.NativeConstructorAccessorImpl.newInstance(NativeConstructorAccessorImpl.java:77)
	at java.base/jdk.internal.reflect.DelegatingConstructorAccessorImpl.newInstance(DelegatingConstructorAccessorImpl.java:45)
	at java.base/java.lang.reflect.Constructor.newInstanceWithCaller(Constructor.java:500)
	at java.base/java.lang.reflect.Constructor.newInstance(Constructor.java:481)
	at org.openqa.selenium.remote.W3CHandshakeResponse.lambda$errorHandler$0(W3CHandshakeResponse.java:59)
	at org.openqa.selenium.remote.HandshakeResponse.lambda$getResponseFunction$0(HandshakeResponse.java:31)
	at org.openqa.selenium.remote.ProtocolHandshake.lambda$createSession$0(ProtocolHandshake.java:120)
	at java.base/java.util.stream.ReferencePipeline$3$1.accept(ReferencePipeline.java:197)
	at java.base/java.util.stream.Streams$StreamBuilderImpl.tryAdvance(Streams.java:397)
	at java.base/java.util.stream.ReferencePipeline.forEachWithCancel(ReferencePipeline.java:129)
	at java.base/java.util.stream.AbstractPipeline.copyIntoWithCancel(AbstractPipeline.java:527)
	at java.base/java.util.stream.AbstractPipeline.copyInto(AbstractPipeline.java:513)
	at java.base/java.util.stream.AbstractPipeline.wrapAndCopyInto(AbstractPipeline.java:499)
	at java.base/java.util.stream.FindOps$FindOp.evaluateSequential(FindOps.java:150)
	at java.base/java.util.stream.AbstractPipeline.evaluate(AbstractPipeline.java:234)
	at java.base/java.util.stream.ReferencePipeline.findFirst(ReferencePipeline.java:647)
	at org.openqa.selenium.remote.ProtocolHandshake.createSession(ProtocolHandshake.java:122)
	at org.openqa.selenium.remote.ProtocolHandshake.createSession(ProtocolHandshake.java:75)
	at org.openqa.selenium.remote.ProtocolHandshake.createSession(ProtocolHandshake.java:61)
	at org.openqa.selenium.remote.HttpCommandExecutor.execute(HttpCommandExecutor.java:162)
	at org.openqa.selenium.remote.TracedCommandExecutor.execute(TracedCommandExecutor.java:53)
	at org.openqa.selenium.remote.RemoteWebDriver.execute(RemoteWebDriver.java:545)
	at org.openqa.selenium.remote.RemoteWebDriver.startSession(RemoteWebDriver.java:245)
	at org.openqa.selenium.remote.RemoteWebDriver.<init>(RemoteWebDriver.java:174)
	at org.openqa.selenium.remote.RemoteWebDriver.<init>(RemoteWebDriver.java:152)
	at com.eventhub.automation.drivers.DriverFactory.createBrowserStackChromeDriver(DriverFactory.java:90)
	at com.eventhub.automation.drivers.DriverFactory.createDriver(DriverFactory.java:41)
	at com.eventhub.automation.drivers.DriverManager.initializeDriver(DriverManager.java:14)
	at com.eventhub.automation.hooks.CucumberHooks.startBrowser(CucumberHooks.java:36)
	at java.base/jdk.internal.reflect.NativeMethodAccessorImpl.invoke0(Native Method)
	at java.base/jdk.internal.reflect.NativeMethodAccessorImpl.invoke(NativeMethodAccessorImpl.java:77)
	at java.base/jdk.internal.reflect.DelegatingMethodAccessorImpl.invoke(DelegatingMethodAccessorImpl.java:43)
	at java.base/java.lang.reflect.Method.invoke(Method.java:569)
	at io.cucumber.java.Invoker.doInvoke(Invoker.java:66)
	at io.cucumber.java.Invoker.invoke(Invoker.java:24)
	at io.cucumber.java.AbstractGlueDefinition.invokeMethod(AbstractGlueDefinition.java:47)
	at io.cucumber.java.JavaHookDefinition.execute(JavaHookDefinition.java:64)
	at io.cucumber.core.runner.CoreHookDefinition.execute(CoreHookDefinition.java:46)
	at io.cucumber.core.runner.HookDefinitionMatch.runStep(HookDefinitionMatch.java:21)
	at io.cucumber.core.runner.ExecutionMode$1.execute(ExecutionMode.java:10)
	at io.cucumber.core.runner.TestStep.executeStep(TestStep.java:81)
	at io.cucumber.core.runner.TestStep.run(TestStep.java:53)
	at io.cucumber.core.runner.TestCase.run(TestCase.java:78)
	at io.cucumber.core.runner.Runner.runPickle(Runner.java:75)
	at io.cucumber.testng.TestNGCucumberRunner.lambda$runScenario$1(TestNGCucumberRunner.java:132)
	at io.cucumber.core.runtime.CucumberExecutionContext.lambda$runTestCase$5(CucumberExecutionContext.java:136)
	at io.cucumber.core.runtime.RethrowingThrowableCollector.executeAndThrow(RethrowingThrowableCollector.java:23)
	at io.cucumber.core.runtime.CucumberExecutionContext.runTestCase(CucumberExecutionContext.java:136)
	at io.cucumber.testng.TestNGCucumberRunner.runScenario(TestNGCucumberRunner.java:129)
	at io.cucumber.testng.AbstractTestNGCucumberTests.runScenario(AbstractTestNGCucumberTests.java:35)
	at com.eventhub.automation.runners.ParallelCucumberTestRunner.runScenario(ParallelCucumberTestRunner.java:35)
	at java.base/jdk.internal.reflect.NativeMethodAccessorImpl.invoke0(Native Method)
	at java.base/jdk.internal.reflect.NativeMethodAccessorImpl.invoke(NativeMethodAccessorImpl.java:77)
	at java.base/jdk.internal.reflect.DelegatingMethodAccessorImpl.invoke(DelegatingMethodAccessorImpl.java:43)
	at java.base/java.lang.reflect.Method.invoke(Method.java:569)
	at org.testng.internal.invokers.MethodInvocationHelper.invokeMethod(MethodInvocationHelper.java:141)
	at org.testng.internal.invokers.TestInvoker.invokeMethod(TestInvoker.java:686)
	at org.testng.internal.invokers.TestInvoker.invokeTestMethod(TestInvoker.java:230)
	at org.testng.internal.invokers.TestMethodWithDataProviderMethodWorker.call(TestMethodWithDataProviderMethodWorker.java:81)
	at org.testng.internal.thread.Async$AsyncTask.run(Async.java:34)
	at java.base/java.util.concurrent.ThreadPoolExecutor.runWorker(ThreadPoolExecutor.java:1136)
	at java.base/java.util.concurrent.ThreadPoolExecutor$Worker.run(ThreadPoolExecutor.java:635)
	at java.base/java.lang.Thread.run(Thread.java:840)

com.eventhub.automation.exceptions.FrameworkException: WebDriver was not initialized for this thread.
	at com.eventhub.automation.drivers.DriverManager.getDriver(DriverManager.java:21)
	at com.eventhub.automation.utils.ScreenshotUtils.captureBytes(ScreenshotUtils.java:39)
	at com.eventhub.automation.hooks.CucumberHooks.stopBrowser(CucumberHooks.java:43)


[ERROR] Tests run: 14, Failures: 14, Errors: 0, Skipped: 0, Time elapsed: 21.70 s <<< FAILURE! -- in TestSuite
[ERROR] com.eventhub.automation.runners.ParallelCucumberTestRunner.runScenario["User can view upcoming events", "Event discovery"](2) -- Time elapsed: 1.524 s <<< FAILURE!
org.openqa.selenium.SessionNotCreatedException: 
Could not start a new session. Possible causes are invalid address of the remote server or browser start-up failure. 
Host info: host: 'runnervmvrwv9', ip: '10.1.0.223'
	at org.openqa.selenium.remote.RemoteWebDriver.execute(RemoteWebDriver.java:563)
	at org.openqa.selenium.remote.RemoteWebDriver.startSession(RemoteWebDriver.java:245)
	at org.openqa.selenium.remote.RemoteWebDriver.<init>(RemoteWebDriver.java:174)
	at org.openqa.selenium.remote.RemoteWebDriver.<init>(RemoteWebDriver.java:152)
	at com.eventhub.automation.drivers.DriverFactory.createBrowserStackChromeDriver(DriverFactory.java:90)
	at com.eventhub.automation.drivers.DriverFactory.createDriver(DriverFactory.java:41)
	at com.eventhub.automation.drivers.DriverManager.initializeDriver(DriverManager.java:14)
	at com.eventhub.automation.hooks.CucumberHooks.startBrowser(CucumberHooks.java:36)
Caused by: org.openqa.selenium.WebDriverException: selenium jar version is either invalid, wrongly formatted, or not supported. Please refer to http://bit.ly/automate-capabilities
Build info: version: '4.23.1', revision: '656257d8e9'
System info: os.name: 'Linux', os.arch: 'amd64', os.version: '6.17.0-1020-azure', java.version: '17.0.19'
Driver info: driver.version: RemoteWebDriver
remote stacktrace: 
	at java.base/jdk.internal.reflect.NativeConstructorAccessorImpl.newInstance0(Native Method)
	at java.base/jdk.internal.reflect.NativeConstructorAccessorImpl.newInstance(NativeConstructorAccessorImpl.java:77)
	at java.base/jdk.internal.reflect.DelegatingConstructorAccessorImpl.newInstance(DelegatingConstructorAccessorImpl.java:45)
	at java.base/java.lang.reflect.Constructor.newInstanceWithCaller(Constructor.java:500)
	at java.base/java.lang.reflect.Constructor.newInstance(Constructor.java:481)
	at org.openqa.selenium.remote.W3CHandshakeResponse.lambda$errorHandler$0(W3CHandshakeResponse.java:59)
	at org.openqa.selenium.remote.HandshakeResponse.lambda$getResponseFunction$0(HandshakeResponse.java:31)
	at org.openqa.selenium.remote.ProtocolHandshake.lambda$createSession$0(ProtocolHandshake.java:120)
	at java.base/java.util.stream.ReferencePipeline$3$1.accept(ReferencePipeline.java:197)
	at java.base/java.util.stream.Streams$StreamBuilderImpl.tryAdvance(Streams.java:397)
	at java.base/java.util.stream.ReferencePipeline.forEachWithCancel(ReferencePipeline.java:129)
	at java.base/java.util.stream.AbstractPipeline.copyIntoWithCancel(AbstractPipeline.java:527)
	at java.base/java.util.stream.AbstractPipeline.copyInto(AbstractPipeline.java:513)
	at java.base/java.util.stream.AbstractPipeline.wrapAndCopyInto(AbstractPipeline.java:499)
	at java.base/java.util.stream.FindOps$FindOp.evaluateSequential(FindOps.java:150)
	at java.base/java.util.stream.AbstractPipeline.evaluate(AbstractPipeline.java:234)
	at java.base/java.util.stream.ReferencePipeline.findFirst(ReferencePipeline.java:647)
	at org.openqa.selenium.remote.ProtocolHandshake.createSession(ProtocolHandshake.java:122)
	at org.openqa.selenium.remote.ProtocolHandshake.createSession(ProtocolHandshake.java:75)
	at org.openqa.selenium.remote.ProtocolHandshake.createSession(ProtocolHandshake.java:61)
	at org.openqa.selenium.remote.HttpCommandExecutor.execute(HttpCommandExecutor.java:162)
	at org.openqa.selenium.remote.TracedCommandExecutor.execute(TracedCommandExecutor.java:53)
	at org.openqa.selenium.remote.RemoteWebDriver.execute(RemoteWebDriver.java:545)
	at org.openqa.selenium.remote.RemoteWebDriver.startSession(RemoteWebDriver.java:245)
	at org.openqa.selenium.remote.RemoteWebDriver.<init>(RemoteWebDriver.java:174)
	at org.openqa.selenium.remote.RemoteWebDriver.<init>(RemoteWebDriver.java:152)
	at com.eventhub.automation.drivers.DriverFactory.createBrowserStackChromeDriver(DriverFactory.java:90)
	at com.eventhub.automation.drivers.DriverFactory.createDriver(DriverFactory.java:41)
	at com.eventhub.automation.drivers.DriverManager.initializeDriver(DriverManager.java:14)
	at com.eventhub.automation.hooks.CucumberHooks.startBrowser(CucumberHooks.java:36)
	at java.base/jdk.internal.reflect.NativeMethodAccessorImpl.invoke0(Native Method)
	at java.base/jdk.internal.reflect.NativeMethodAccessorImpl.invoke(NativeMethodAccessorImpl.java:77)
	at java.base/jdk.internal.reflect.DelegatingMethodAccessorImpl.invoke(DelegatingMethodAccessorImpl.java:43)
	at java.base/java.lang.reflect.Method.invoke(Method.java:569)
	at io.cucumber.java.Invoker.doInvoke(Invoker.java:66)
	at io.cucumber.java.Invoker.invoke(Invoker.java:24)
	at io.cucumber.java.AbstractGlueDefinition.invokeMethod(AbstractGlueDefinition.java:47)
	at io.cucumber.java.JavaHookDefinition.execute(JavaHookDefinition.java:64)
	at io.cucumber.core.runner.CoreHookDefinition.execute(CoreHookDefinition.java:46)
	at io.cucumber.core.runner.HookDefinitionMatch.runStep(HookDefinitionMatch.java:21)
	at io.cucumber.core.runner.ExecutionMode$1.execute(ExecutionMode.java:10)
	at io.cucumber.core.runner.TestStep.executeStep(TestStep.java:81)
	at io.cucumber.core.runner.TestStep.run(TestStep.java:53)
	at io.cucumber.core.runner.TestCase.run(TestCase.java:78)
	at io.cucumber.core.runner.Runner.runPickle(Runner.java:75)
	at io.cucumber.testng.TestNGCucumberRunner.lambda$runScenario$1(TestNGCucumberRunner.java:132)
	at io.cucumber.core.runtime.CucumberExecutionContext.lambda$runTestCase$5(CucumberExecutionContext.java:136)
	at io.cucumber.core.runtime.RethrowingThrowableCollector.executeAndThrow(RethrowingThrowableCollector.java:23)
	at io.cucumber.core.runtime.CucumberExecutionContext.runTestCase(CucumberExecutionContext.java:136)
	at io.cucumber.testng.TestNGCucumberRunner.runScenario(TestNGCucumberRunner.java:129)
	at io.cucumber.testng.AbstractTestNGCucumberTests.runScenario(AbstractTestNGCucumberTests.java:35)
	at com.eventhub.automation.runners.ParallelCucumberTestRunner.runScenario(ParallelCucumberTestRunner.java:35)
	at java.base/jdk.internal.reflect.NativeMethodAccessorImpl.invoke0(Native Method)
	at java.base/jdk.internal.reflect.NativeMethodAccessorImpl.invoke(NativeMethodAccessorImpl.java:77)
	at java.base/jdk.internal.reflect.DelegatingMethodAccessorImpl.invoke(DelegatingMethodAccessorImpl.java:43)
	at java.base/java.lang.reflect.Method.invoke(Method.java:569)
	at org.testng.internal.invokers.MethodInvocationHelper.invokeMethod(MethodInvocationHelper.java:141)
	at org.testng.internal.invokers.TestInvoker.invokeMethod(TestInvoker.java:686)
	at org.testng.internal.invokers.TestInvoker.invokeTestMethod(TestInvoker.java:230)
	at org.testng.internal.invokers.TestMethodWithDataProviderMethodWorker.call(TestMethodWithDataProviderMethodWorker.java:81)
	at org.testng.internal.thread.Async$AsyncTask.run(Async.java:34)
	at java.base/java.util.concurrent.ThreadPoolExecutor.runWorker(ThreadPoolExecutor.java:1136)
	at java.base/java.util.concurrent.ThreadPoolExecutor$Worker.run(ThreadPoolExecutor.java:635)
	at java.base/java.lang.Thread.run(Thread.java:840)

[ERROR] com.eventhub.automation.runners.ParallelCucumberTestRunner.runScenario["User can search for events by keyword", "Event discovery"](2) -- Time elapsed: 1.526 s <<< FAILURE!
org.openqa.selenium.SessionNotCreatedException: 
Could not start a new session. Possible causes are invalid address of the remote server or browser start-up failure. 
Host info: host: 'runnervmvrwv9', ip: '10.1.0.223'
	at org.openqa.selenium.remote.RemoteWebDriver.execute(RemoteWebDriver.java:563)
	at org.openqa.selenium.remote.RemoteWebDriver.startSession(RemoteWebDriver.java:245)
	at org.openqa.selenium.remote.RemoteWebDriver.<init>(RemoteWebDriver.java:174)
	at org.openqa.selenium.remote.RemoteWebDriver.<init>(RemoteWebDriver.java:152)
	at com.eventhub.automation.drivers.DriverFactory.createBrowserStackChromeDriver(DriverFactory.java:90)
	at com.eventhub.automation.drivers.DriverFactory.createDriver(DriverFactory.java:41)
	at com.eventhub.automation.drivers.DriverManager.initializeDriver(DriverManager.java:14)
	at com.eventhub.automation.hooks.CucumberHooks.startBrowser(CucumberHooks.java:36)
Caused by: org.openqa.selenium.WebDriverException: selenium jar version is either invalid, wrongly formatted, or not supported. Please refer to http://bit.ly/automate-capabilities
Build info: version: '4.23.1', revision: '656257d8e9'
System info: os.name: 'Linux', os.arch: 'amd64', os.version: '6.17.0-1020-azure', java.version: '17.0.19'
Driver info: driver.version: RemoteWebDriver
remote stacktrace: 
	at java.base/jdk.internal.reflect.NativeConstructorAccessorImpl.newInstance0(Native Method)
	at java.base/jdk.internal.reflect.NativeConstructorAccessorImpl.newInstance(NativeConstructorAccessorImpl.java:77)
	at java.base/jdk.internal.reflect.DelegatingConstructorAccessorImpl.newInstance(DelegatingConstructorAccessorImpl.java:45)
	at java.base/java.lang.reflect.Constructor.newInstanceWithCaller(Constructor.java:500)
	at java.base/java.lang.reflect.Constructor.newInstance(Constructor.java:481)
	at org.openqa.selenium.remote.W3CHandshakeResponse.lambda$errorHandler$0(W3CHandshakeResponse.java:59)
	at org.openqa.selenium.remote.HandshakeResponse.lambda$getResponseFunction$0(HandshakeResponse.java:31)
	at org.openqa.selenium.remote.ProtocolHandshake.lambda$createSession$0(ProtocolHandshake.java:120)
	at java.base/java.util.stream.ReferencePipeline$3$1.accept(ReferencePipeline.java:197)
	at java.base/java.util.stream.Streams$StreamBuilderImpl.tryAdvance(Streams.java:397)
	at java.base/java.util.stream.ReferencePipeline.forEachWithCancel(ReferencePipeline.java:129)
	at java.base/java.util.stream.AbstractPipeline.copyIntoWithCancel(AbstractPipeline.java:527)
	at java.base/java.util.stream.AbstractPipeline.copyInto(AbstractPipeline.java:513)
	at java.base/java.util.stream.AbstractPipeline.wrapAndCopyInto(AbstractPipeline.java:499)
	at java.base/java.util.stream.FindOps$FindOp.evaluateSequential(FindOps.java:150)
	at java.base/java.util.stream.AbstractPipeline.evaluate(AbstractPipeline.java:234)
	at java.base/java.util.stream.ReferencePipeline.findFirst(ReferencePipeline.java:647)
	at org.openqa.selenium.remote.ProtocolHandshake.createSession(ProtocolHandshake.java:122)
	at org.openqa.selenium.remote.ProtocolHandshake.createSession(ProtocolHandshake.java:75)
	at org.openqa.selenium.remote.ProtocolHandshake.createSession(ProtocolHandshake.java:61)
	at org.openqa.selenium.remote.HttpCommandExecutor.execute(HttpCommandExecutor.java:162)
	at org.openqa.selenium.remote.TracedCommandExecutor.execute(TracedCommandExecutor.java:53)
	at org.openqa.selenium.remote.RemoteWebDriver.execute(RemoteWebDriver.java:545)
	at org.openqa.selenium.remote.RemoteWebDriver.startSession(RemoteWebDriver.java:245)
	at org.openqa.selenium.remote.RemoteWebDriver.<init>(RemoteWebDriver.java:174)
	at org.openqa.selenium.remote.RemoteWebDriver.<init>(RemoteWebDriver.java:152)
	at com.eventhub.automation.drivers.DriverFactory.createBrowserStackChromeDriver(DriverFactory.java:90)
	at com.eventhub.automation.drivers.DriverFactory.createDriver(DriverFactory.java:41)
	at com.eventhub.automation.drivers.DriverManager.initializeDriver(DriverManager.java:14)
	at com.eventhub.automation.hooks.CucumberHooks.startBrowser(CucumberHooks.java:36)
	at java.base/jdk.internal.reflect.NativeMethodAccessorImpl.invoke0(Native Method)
	at java.base/jdk.internal.reflect.NativeMethodAccessorImpl.invoke(NativeMethodAccessorImpl.java:77)
	at java.base/jdk.internal.reflect.DelegatingMethodAccessorImpl.invoke(DelegatingMethodAccessorImpl.java:43)
	at java.base/java.lang.reflect.Method.invoke(Method.java:569)
	at io.cucumber.java.Invoker.doInvoke(Invoker.java:66)
	at io.cucumber.java.Invoker.invoke(Invoker.java:24)
	at io.cucumber.java.AbstractGlueDefinition.invokeMethod(AbstractGlueDefinition.java:47)
	at io.cucumber.java.JavaHookDefinition.execute(JavaHookDefinition.java:64)
	at io.cucumber.core.runner.CoreHookDefinition.execute(CoreHookDefinition.java:46)
	at io.cucumber.core.runner.HookDefinitionMatch.runStep(HookDefinitionMatch.java:21)
	at io.cucumber.core.runner.ExecutionMode$1.execute(ExecutionMode.java:10)
	at io.cucumber.core.runner.TestStep.executeStep(TestStep.java:81)
	at io.cucumber.core.runner.TestStep.run(TestStep.java:53)
	at io.cucumber.core.runner.TestCase.run(TestCase.java:78)
	at io.cucumber.core.runner.Runner.runPickle(Runner.java:75)
	at io.cucumber.testng.TestNGCucumberRunner.lambda$runScenario$1(TestNGCucumberRunner.java:132)
	at io.cucumber.core.runtime.CucumberExecutionContext.lambda$runTestCase$5(CucumberExecutionContext.java:136)
	at io.cucumber.core.runtime.RethrowingThrowableCollector.executeAndThrow(RethrowingThrowableCollector.java:23)
	at io.cucumber.core.runtime.CucumberExecutionContext.runTestCase(CucumberExecutionContext.java:136)
	at io.cucumber.testng.TestNGCucumberRunner.runScenario(TestNGCucumberRunner.java:129)
	at io.cucumber.testng.AbstractTestNGCucumberTests.runScenario(AbstractTestNGCucumberTests.java:35)
	at com.eventhub.automation.runners.ParallelCucumberTestRunner.runScenario(ParallelCucumberTestRunner.java:35)
	at java.base/jdk.internal.reflect.NativeMethodAccessorImpl.invoke0(Native Method)
	at java.base/jdk.internal.reflect.NativeMethodAccessorImpl.invoke(NativeMethodAccessorImpl.java:77)
	at java.base/jdk.internal.reflect.DelegatingMethodAccessorImpl.invoke(DelegatingMethodAccessorImpl.java:43)
	at java.base/java.lang.reflect.Method.invoke(Method.java:569)
	at org.testng.internal.invokers.MethodInvocationHelper.invokeMethod(MethodInvocationHelper.java:141)
	at org.testng.internal.invokers.TestInvoker.invokeMethod(TestInvoker.java:686)
	at org.testng.internal.invokers.TestInvoker.invokeTestMethod(TestInvoker.java:230)
	at org.testng.internal.invokers.TestMethodWithDataProviderMethodWorker.call(TestMethodWithDataProviderMethodWorker.java:81)
	at org.testng.internal.thread.Async$AsyncTask.run(Async.java:34)
	at java.base/java.util.concurrent.ThreadPoolExecutor.runWorker(ThreadPoolExecutor.java:1136)
	at java.base/java.util.concurrent.ThreadPoolExecutor$Worker.run(ThreadPoolExecutor.java:635)
	at java.base/java.lang.Thread.run(Thread.java:840)

[ERROR] com.eventhub.automation.runners.ParallelCucumberTestRunner.runScenario["User can search for events by keyword", "Event discovery"](3) -- Time elapsed: 1.776 s <<< FAILURE!
org.openqa.selenium.SessionNotCreatedException: 
Could not start a new session. Possible causes are invalid address of the remote server or browser start-up failure. 
Host info: host: 'runnervmvrwv9', ip: '10.1.0.223'
	at org.openqa.selenium.remote.RemoteWebDriver.execute(RemoteWebDriver.java:563)
	at org.openqa.selenium.remote.RemoteWebDriver.startSession(RemoteWebDriver.java:245)
	at org.openqa.selenium.remote.RemoteWebDriver.<init>(RemoteWebDriver.java:174)
	at org.openqa.selenium.remote.RemoteWebDriver.<init>(RemoteWebDriver.java:152)
	at com.eventhub.automation.drivers.DriverFactory.createBrowserStackChromeDriver(DriverFactory.java:90)
	at com.eventhub.automation.drivers.DriverFactory.createDriver(DriverFactory.java:41)
	at com.eventhub.automation.drivers.DriverManager.initializeDriver(DriverManager.java:14)
	at com.eventhub.automation.hooks.CucumberHooks.startBrowser(CucumberHooks.java:36)
Caused by: org.openqa.selenium.WebDriverException: selenium jar version is either invalid, wrongly formatted, or not supported. Please refer to http://bit.ly/automate-capabilities
Build info: version: '4.23.1', revision: '656257d8e9'
System info: os.name: 'Linux', os.arch: 'amd64', os.version: '6.17.0-1020-azure', java.version: '17.0.19'
Driver info: driver.version: RemoteWebDriver
remote stacktrace: 
	at java.base/jdk.internal.reflect.NativeConstructorAccessorImpl.newInstance0(Native Method)
	at java.base/jdk.internal.reflect.NativeConstructorAccessorImpl.newInstance(NativeConstructorAccessorImpl.java:77)
	at java.base/jdk.internal.reflect.DelegatingConstructorAccessorImpl.newInstance(DelegatingConstructorAccessorImpl.java:45)
	at java.base/java.lang.reflect.Constructor.newInstanceWithCaller(Constructor.java:500)
	at java.base/java.lang.reflect.Constructor.newInstance(Constructor.java:481)
	at org.openqa.selenium.remote.W3CHandshakeResponse.lambda$errorHandler$0(W3CHandshakeResponse.java:59)
	at org.openqa.selenium.remote.HandshakeResponse.lambda$getResponseFunction$0(HandshakeResponse.java:31)
	at org.openqa.selenium.remote.ProtocolHandshake.lambda$createSession$0(ProtocolHandshake.java:120)
	at java.base/java.util.stream.ReferencePipeline$3$1.accept(ReferencePipeline.java:197)
	at java.base/java.util.stream.Streams$StreamBuilderImpl.tryAdvance(Streams.java:397)
	at java.base/java.util.stream.ReferencePipeline.forEachWithCancel(ReferencePipeline.java:129)
	at java.base/java.util.stream.AbstractPipeline.copyIntoWithCancel(AbstractPipeline.java:527)
	at java.base/java.util.stream.AbstractPipeline.copyInto(AbstractPipeline.java:513)
	at java.base/java.util.stream.AbstractPipeline.wrapAndCopyInto(AbstractPipeline.java:499)
	at java.base/java.util.stream.FindOps$FindOp.evaluateSequential(FindOps.java:150)
	at java.base/java.util.stream.AbstractPipeline.evaluate(AbstractPipeline.java:234)
	at java.base/java.util.stream.ReferencePipeline.findFirst(ReferencePipeline.java:647)
	at org.openqa.selenium.remote.ProtocolHandshake.createSession(ProtocolHandshake.java:122)
	at org.openqa.selenium.remote.ProtocolHandshake.createSession(ProtocolHandshake.java:75)
	at org.openqa.selenium.remote.ProtocolHandshake.createSession(ProtocolHandshake.java:61)
	at org.openqa.selenium.remote.HttpCommandExecutor.execute(HttpCommandExecutor.java:162)
	at org.openqa.selenium.remote.TracedCommandExecutor.execute(TracedCommandExecutor.java:53)
	at org.openqa.selenium.remote.RemoteWebDriver.execute(RemoteWebDriver.java:545)
	at org.openqa.selenium.remote.RemoteWebDriver.startSession(RemoteWebDriver.java:245)
	at org.openqa.selenium.remote.RemoteWebDriver.<init>(RemoteWebDriver.java:174)
	at org.openqa.selenium.remote.RemoteWebDriver.<init>(RemoteWebDriver.java:152)
	at com.eventhub.automation.drivers.DriverFactory.createBrowserStackChromeDriver(DriverFactory.java:90)
	at com.eventhub.automation.drivers.DriverFactory.createDriver(DriverFactory.java:41)
	at com.eventhub.automation.drivers.DriverManager.initializeDriver(DriverManager.java:14)
	at com.eventhub.automation.hooks.CucumberHooks.startBrowser(CucumberHooks.java:36)
	at java.base/jdk.internal.reflect.NativeMethodAccessorImpl.invoke0(Native Method)
	at java.base/jdk.internal.reflect.NativeMethodAccessorImpl.invoke(NativeMethodAccessorImpl.java:77)
	at java.base/jdk.internal.reflect.DelegatingMethodAccessorImpl.invoke(DelegatingMethodAccessorImpl.java:43)
	at java.base/java.lang.reflect.Method.invoke(Method.java:569)
	at io.cucumber.java.Invoker.doInvoke(Invoker.java:66)
	at io.cucumber.java.Invoker.invoke(Invoker.java:24)
	at io.cucumber.java.AbstractGlueDefinition.invokeMethod(AbstractGlueDefinition.java:47)
	at io.cucumber.java.JavaHookDefinition.execute(JavaHookDefinition.java:64)
	at io.cucumber.core.runner.CoreHookDefinition.execute(CoreHookDefinition.java:46)
	at io.cucumber.core.runner.HookDefinitionMatch.runStep(HookDefinitionMatch.java:21)
	at io.cucumber.core.runner.ExecutionMode$1.execute(ExecutionMode.java:10)
	at io.cucumber.core.runner.TestStep.executeStep(TestStep.java:81)
	at io.cucumber.core.runner.TestStep.run(TestStep.java:53)
	at io.cucumber.core.runner.TestCase.run(TestCase.java:78)
	at io.cucumber.core.runner.Runner.runPickle(Runner.java:75)
	at io.cucumber.testng.TestNGCucumberRunner.lambda$runScenario$1(TestNGCucumberRunner.java:132)
	at io.cucumber.core.runtime.CucumberExecutionContext.lambda$runTestCase$5(CucumberExecutionContext.java:136)
	at io.cucumber.core.runtime.RethrowingThrowableCollector.executeAndThrow(RethrowingThrowableCollector.java:23)
	at io.cucumber.core.runtime.CucumberExecutionContext.runTestCase(CucumberExecutionContext.java:136)
	at io.cucumber.testng.TestNGCucumberRunner.runScenario(TestNGCucumberRunner.java:129)
	at io.cucumber.testng.AbstractTestNGCucumberTests.runScenario(AbstractTestNGCucumberTests.java:35)
	at com.eventhub.automation.runners.ParallelCucumberTestRunner.runScenario(ParallelCucumberTestRunner.java:35)
	at java.base/jdk.internal.reflect.NativeMethodAccessorImpl.invoke0(Native Method)
	at java.base/jdk.internal.reflect.NativeMethodAccessorImpl.invoke(NativeMethodAccessorImpl.java:77)
	at java.base/jdk.internal.reflect.DelegatingMethodAccessorImpl.invoke(DelegatingMethodAccessorImpl.java:43)
	at java.base/java.lang.reflect.Method.invoke(Method.java:569)
	at org.testng.internal.invokers.MethodInvocationHelper.invokeMethod(MethodInvocationHelper.java:141)
	at org.testng.internal.invokers.TestInvoker.invokeMethod(TestInvoker.java:686)
	at org.testng.internal.invokers.TestInvoker.invokeTestMethod(TestInvoker.java:230)
	at org.testng.internal.invokers.TestMethodWithDataProviderMethodWorker.call(TestMethodWithDataProviderMethodWorker.java:81)
	at org.testng.internal.thread.Async$AsyncTask.run(Async.java:34)
	at java.base/java.util.concurrent.ThreadPoolExecutor.runWorker(ThreadPoolExecutor.java:1136)
	at java.base/java.util.concurrent.ThreadPoolExecutor$Worker.run(ThreadPoolExecutor.java:635)
	at java.base/java.lang.Thread.run(Thread.java:840)

[ERROR] com.eventhub.automation.runners.ParallelCucumberTestRunner.runScenario["User can search for events by keyword", "Event discovery"](4) -- Time elapsed: 0.392 s <<< FAILURE!
org.openqa.selenium.SessionNotCreatedException: 
Could not start a new session. Possible causes are invalid address of the remote server or browser start-up failure. 
Host info: host: 'runnervmvrwv9', ip: '10.1.0.223'
	at org.openqa.selenium.remote.RemoteWebDriver.execute(RemoteWebDriver.java:563)
	at org.openqa.selenium.remote.RemoteWebDriver.startSession(RemoteWebDriver.java:245)
	at org.openqa.selenium.remote.RemoteWebDriver.<init>(RemoteWebDriver.java:174)
	at org.openqa.selenium.remote.RemoteWebDriver.<init>(RemoteWebDriver.java:152)
	at com.eventhub.automation.drivers.DriverFactory.createBrowserStackChromeDriver(DriverFactory.java:90)
	at com.eventhub.automation.drivers.DriverFactory.createDriver(DriverFactory.java:41)
	at com.eventhub.automation.drivers.DriverManager.initializeDriver(DriverManager.java:14)
	at com.eventhub.automation.hooks.CucumberHooks.startBrowser(CucumberHooks.java:36)
Caused by: org.openqa.selenium.WebDriverException: selenium jar version is either invalid, wrongly formatted, or not supported. Please refer to http://bit.ly/automate-capabilities
Build info: version: '4.23.1', revision: '656257d8e9'
System info: os.name: 'Linux', os.arch: 'amd64', os.version: '6.17.0-1020-azure', java.version: '17.0.19'
Driver info: driver.version: RemoteWebDriver
remote stacktrace: 
	at java.base/jdk.internal.reflect.NativeConstructorAccessorImpl.newInstance0(Native Method)
	at java.base/jdk.internal.reflect.NativeConstructorAccessorImpl.newInstance(NativeConstructorAccessorImpl.java:77)
	at java.base/jdk.internal.reflect.DelegatingConstructorAccessorImpl.newInstance(DelegatingConstructorAccessorImpl.java:45)
	at java.base/java.lang.reflect.Constructor.newInstanceWithCaller(Constructor.java:500)
	at java.base/java.lang.reflect.Constructor.newInstance(Constructor.java:481)
	at org.openqa.selenium.remote.W3CHandshakeResponse.lambda$errorHandler$0(W3CHandshakeResponse.java:59)
	at org.openqa.selenium.remote.HandshakeResponse.lambda$getResponseFunction$0(HandshakeResponse.java:31)
	at org.openqa.selenium.remote.ProtocolHandshake.lambda$createSession$0(ProtocolHandshake.java:120)
	at java.base/java.util.stream.ReferencePipeline$3$1.accept(ReferencePipeline.java:197)
	at java.base/java.util.stream.Streams$StreamBuilderImpl.tryAdvance(Streams.java:397)
	at java.base/java.util.stream.ReferencePipeline.forEachWithCancel(ReferencePipeline.java:129)
	at java.base/java.util.stream.AbstractPipeline.copyIntoWithCancel(AbstractPipeline.java:527)
	at java.base/java.util.stream.AbstractPipeline.copyInto(AbstractPipeline.java:513)
	at java.base/java.util.stream.AbstractPipeline.wrapAndCopyInto(AbstractPipeline.java:499)
	at java.base/java.util.stream.FindOps$FindOp.evaluateSequential(FindOps.java:150)
	at java.base/java.util.stream.AbstractPipeline.evaluate(AbstractPipeline.java:234)
	at java.base/java.util.stream.ReferencePipeline.findFirst(ReferencePipeline.java:647)
	at org.openqa.selenium.remote.ProtocolHandshake.createSession(ProtocolHandshake.java:122)
	at org.openqa.selenium.remote.ProtocolHandshake.createSession(ProtocolHandshake.java:75)
	at org.openqa.selenium.remote.ProtocolHandshake.createSession(ProtocolHandshake.java:61)
	at org.openqa.selenium.remote.HttpCommandExecutor.execute(HttpCommandExecutor.java:162)
	at org.openqa.selenium.remote.TracedCommandExecutor.execute(TracedCommandExecutor.java:53)
	at org.openqa.selenium.remote.RemoteWebDriver.execute(RemoteWebDriver.java:545)
	at org.openqa.selenium.remote.RemoteWebDriver.startSession(RemoteWebDriver.java:245)
	at org.openqa.selenium.remote.RemoteWebDriver.<init>(RemoteWebDriver.java:174)
	at org.openqa.selenium.remote.RemoteWebDriver.<init>(RemoteWebDriver.java:152)
	at com.eventhub.automation.drivers.DriverFactory.createBrowserStackChromeDriver(DriverFactory.java:90)
	at com.eventhub.automation.drivers.DriverFactory.createDriver(DriverFactory.java:41)
	at com.eventhub.automation.drivers.DriverManager.initializeDriver(DriverManager.java:14)
	at com.eventhub.automation.hooks.CucumberHooks.startBrowser(CucumberHooks.java:36)
	at java.base/jdk.internal.reflect.NativeMethodAccessorImpl.invoke0(Native Method)
	at java.base/jdk.internal.reflect.NativeMethodAccessorImpl.invoke(NativeMethodAccessorImpl.java:77)
	at java.base/jdk.internal.reflect.DelegatingMethodAccessorImpl.invoke(DelegatingMethodAccessorImpl.java:43)
	at java.base/java.lang.reflect.Method.invoke(Method.java:569)
	at io.cucumber.java.Invoker.doInvoke(Invoker.java:66)
	at io.cucumber.java.Invoker.invoke(Invoker.java:24)
	at io.cucumber.java.AbstractGlueDefinition.invokeMethod(AbstractGlueDefinition.java:47)
	at io.cucumber.java.JavaHookDefinition.execute(JavaHookDefinition.java:64)
	at io.cucumber.core.runner.CoreHookDefinition.execute(CoreHookDefinition.java:46)
	at io.cucumber.core.runner.HookDefinitionMatch.runStep(HookDefinitionMatch.java:21)
	at io.cucumber.core.runner.ExecutionMode$1.execute(ExecutionMode.java:10)
	at io.cucumber.core.runner.TestStep.executeStep(TestStep.java:81)
	at io.cucumber.core.runner.TestStep.run(TestStep.java:53)
	at io.cucumber.core.runner.TestCase.run(TestCase.java:78)
	at io.cucumber.core.runner.Runner.runPickle(Runner.java:75)
	at io.cucumber.testng.TestNGCucumberRunner.lambda$runScenario$1(TestNGCucumberRunner.java:132)
	at io.cucumber.core.runtime.CucumberExecutionContext.lambda$runTestCase$5(CucumberExecutionContext.java:136)
	at io.cucumber.core.runtime.RethrowingThrowableCollector.executeAndThrow(RethrowingThrowableCollector.java:23)
	at io.cucumber.core.runtime.CucumberExecutionContext.runTestCase(CucumberExecutionContext.java:136)
	at io.cucumber.testng.TestNGCucumberRunner.runScenario(TestNGCucumberRunner.java:129)
	at io.cucumber.testng.AbstractTestNGCucumberTests.runScenario(AbstractTestNGCucumberTests.java:35)
	at com.eventhub.automation.runners.ParallelCucumberTestRunner.runScenario(ParallelCucumberTestRunner.java:35)
	at java.base/jdk.internal.reflect.NativeMethodAccessorImpl.invoke0(Native Method)
	at java.base/jdk.internal.reflect.NativeMethodAccessorImpl.invoke(NativeMethodAccessorImpl.java:77)
	at java.base/jdk.internal.reflect.DelegatingMethodAccessorImpl.invoke(DelegatingMethodAccessorImpl.java:43)
	at java.base/java.lang.reflect.Method.invoke(Method.java:569)
	at org.testng.internal.invokers.MethodInvocationHelper.invokeMethod(MethodInvocationHelper.java:141)
	at org.testng.internal.invokers.TestInvoker.invokeMethod(TestInvoker.java:686)
	at org.testng.internal.invokers.TestInvoker.invokeTestMethod(TestInvoker.java:230)
	at org.testng.internal.invokers.TestMethodWithDataProviderMethodWorker.call(TestMethodWithDataProviderMethodWorker.java:81)
	at org.testng.internal.thread.Async$AsyncTask.run(Async.java:34)
	at java.base/java.util.concurrent.ThreadPoolExecutor.runWorker(ThreadPoolExecutor.java:1136)
	at java.base/java.util.concurrent.ThreadPoolExecutor$Worker.run(ThreadPoolExecutor.java:635)
	at java.base/java.lang.Thread.run(Thread.java:840)

[ERROR] com.eventhub.automation.runners.ParallelCucumberTestRunner.runScenario["User can search for an event by title and exclude unrelated cards", "Event discovery"](5) -- Time elapsed: 1.307 s <<< FAILURE!
org.openqa.selenium.SessionNotCreatedException: 
Could not start a new session. Possible causes are invalid address of the remote server or browser start-up failure. 
Host info: host: 'runnervmvrwv9', ip: '10.1.0.223'
	at org.openqa.selenium.remote.RemoteWebDriver.execute(RemoteWebDriver.java:563)
	at org.openqa.selenium.remote.RemoteWebDriver.startSession(RemoteWebDriver.java:245)
	at org.openqa.selenium.remote.RemoteWebDriver.<init>(RemoteWebDriver.java:174)
	at org.openqa.selenium.remote.RemoteWebDriver.<init>(RemoteWebDriver.java:152)
	at com.eventhub.automation.drivers.DriverFactory.createBrowserStackChromeDriver(DriverFactory.java:90)
	at com.eventhub.automation.drivers.DriverFactory.createDriver(DriverFactory.java:41)
	at com.eventhub.automation.drivers.DriverManager.initializeDriver(DriverManager.java:14)
	at com.eventhub.automation.hooks.CucumberHooks.startBrowser(CucumberHooks.java:36)
Caused by: org.openqa.selenium.WebDriverException: selenium jar version is either invalid, wrongly formatted, or not supported. Please refer to http://bit.ly/automate-capabilities
Build info: version: '4.23.1', revision: '656257d8e9'
System info: os.name: 'Linux', os.arch: 'amd64', os.version: '6.17.0-1020-azure', java.version: '17.0.19'
Driver info: driver.version: RemoteWebDriver
remote stacktrace: 
	at java.base/jdk.internal.reflect.NativeConstructorAccessorImpl.newInstance0(Native Method)
	at java.base/jdk.internal.reflect.NativeConstructorAccessorImpl.newInstance(NativeConstructorAccessorImpl.java:77)
	at java.base/jdk.internal.reflect.DelegatingConstructorAccessorImpl.newInstance(DelegatingConstructorAccessorImpl.java:45)
	at java.base/java.lang.reflect.Constructor.newInstanceWithCaller(Constructor.java:500)
	at java.base/java.lang.reflect.Constructor.newInstance(Constructor.java:481)
	at org.openqa.selenium.remote.W3CHandshakeResponse.lambda$errorHandler$0(W3CHandshakeResponse.java:59)
	at org.openqa.selenium.remote.HandshakeResponse.lambda$getResponseFunction$0(HandshakeResponse.java:31)
	at org.openqa.selenium.remote.ProtocolHandshake.lambda$createSession$0(ProtocolHandshake.java:120)
	at java.base/java.util.stream.ReferencePipeline$3$1.accept(ReferencePipeline.java:197)
	at java.base/java.util.stream.Streams$StreamBuilderImpl.tryAdvance(Streams.java:397)
	at java.base/java.util.stream.ReferencePipeline.forEachWithCancel(ReferencePipeline.java:129)
	at java.base/java.util.stream.AbstractPipeline.copyIntoWithCancel(AbstractPipeline.java:527)
	at java.base/java.util.stream.AbstractPipeline.copyInto(AbstractPipeline.java:513)
	at java.base/java.util.stream.AbstractPipeline.wrapAndCopyInto(AbstractPipeline.java:499)
	at java.base/java.util.stream.FindOps$FindOp.evaluateSequential(FindOps.java:150)
	at java.base/java.util.stream.AbstractPipeline.evaluate(AbstractPipeline.java:234)
	at java.base/java.util.stream.ReferencePipeline.findFirst(ReferencePipeline.java:647)
	at org.openqa.selenium.remote.ProtocolHandshake.createSession(ProtocolHandshake.java:122)
	at org.openqa.selenium.remote.ProtocolHandshake.createSession(ProtocolHandshake.java:75)
	at org.openqa.selenium.remote.ProtocolHandshake.createSession(ProtocolHandshake.java:61)
	at org.openqa.selenium.remote.HttpCommandExecutor.execute(HttpCommandExecutor.java:162)
	at org.openqa.selenium.remote.TracedCommandExecutor.execute(TracedCommandExecutor.java:53)
	at org.openqa.selenium.remote.RemoteWebDriver.execute(RemoteWebDriver.java:545)
	at org.openqa.selenium.remote.RemoteWebDriver.startSession(RemoteWebDriver.java:245)
	at org.openqa.selenium.remote.RemoteWebDriver.<init>(RemoteWebDriver.java:174)
	at org.openqa.selenium.remote.RemoteWebDriver.<init>(RemoteWebDriver.java:152)
	at com.eventhub.automation.drivers.DriverFactory.createBrowserStackChromeDriver(DriverFactory.java:90)
	at com.eventhub.automation.drivers.DriverFactory.createDriver(DriverFactory.java:41)
	at com.eventhub.automation.drivers.DriverManager.initializeDriver(DriverManager.java:14)
	at com.eventhub.automation.hooks.CucumberHooks.startBrowser(CucumberHooks.java:36)
	at java.base/jdk.internal.reflect.NativeMethodAccessorImpl.invoke0(Native Method)
	at java.base/jdk.internal.reflect.NativeMethodAccessorImpl.invoke(NativeMethodAccessorImpl.java:77)
	at java.base/jdk.internal.reflect.DelegatingMethodAccessorImpl.invoke(DelegatingMethodAccessorImpl.java:43)
	at java.base/java.lang.reflect.Method.invoke(Method.java:569)
	at io.cucumber.java.Invoker.doInvoke(Invoker.java:66)
	at io.cucumber.java.Invoker.invoke(Invoker.java:24)
	at io.cucumber.java.AbstractGlueDefinition.invokeMethod(AbstractGlueDefinition.java:47)
	at io.cucumber.java.JavaHookDefinition.execute(JavaHookDefinition.java:64)
	at io.cucumber.core.runner.CoreHookDefinition.execute(CoreHookDefinition.java:46)
	at io.cucumber.core.runner.HookDefinitionMatch.runStep(HookDefinitionMatch.java:21)
	at io.cucumber.core.runner.ExecutionMode$1.execute(ExecutionMode.java:10)
	at io.cucumber.core.runner.TestStep.executeStep(TestStep.java:81)
	at io.cucumber.core.runner.TestStep.run(TestStep.java:53)
	at io.cucumber.core.runner.TestCase.run(TestCase.java:78)
	at io.cucumber.core.runner.Runner.runPickle(Runner.java:75)
	at io.cucumber.testng.TestNGCucumberRunner.lambda$runScenario$1(TestNGCucumberRunner.java:132)
	at io.cucumber.core.runtime.CucumberExecutionContext.lambda$runTestCase$5(CucumberExecutionContext.java:136)
	at io.cucumber.core.runtime.RethrowingThrowableCollector.executeAndThrow(RethrowingThrowableCollector.java:23)
	at io.cucumber.core.runtime.CucumberExecutionContext.runTestCase(CucumberExecutionContext.java:136)
	at io.cucumber.testng.TestNGCucumberRunner.runScenario(TestNGCucumberRunner.java:129)
	at io.cucumber.testng.AbstractTestNGCucumberTests.runScenario(AbstractTestNGCucumberTests.java:35)
	at com.eventhub.automation.runners.ParallelCucumberTestRunner.runScenario(ParallelCucumberTestRunner.java:35)
	at java.base/jdk.internal.reflect.NativeMethodAccessorImpl.invoke0(Native Method)
	at java.base/jdk.internal.reflect.NativeMethodAccessorImpl.invoke(NativeMethodAccessorImpl.java:77)
	at java.base/jdk.internal.reflect.DelegatingMethodAccessorImpl.invoke(DelegatingMethodAccessorImpl.java:43)
	at java.base/java.lang.reflect.Method.invoke(Method.java:569)
	at org.testng.internal.invokers.MethodInvocationHelper.invokeMethod(MethodInvocationHelper.java:141)
	at org.testng.internal.invokers.TestInvoker.invokeMethod(TestInvoker.java:686)
	at org.testng.internal.invokers.TestInvoker.invokeTestMethod(TestInvoker.java:230)
	at org.testng.internal.invokers.TestMethodWithDataProviderMethodWorker.call(TestMethodWithDataProviderMethodWorker.java:81)
	at org.testng.internal.thread.Async$AsyncTask.run(Async.java:34)
	at java.base/java.util.concurrent.ThreadPoolExecutor.runWorker(ThreadPoolExecutor.java:1136)
	at java.base/java.util.concurrent.ThreadPoolExecutor$Worker.run(ThreadPoolExecutor.java:635)
	at java.base/java.lang.Thread.run(Thread.java:840)

[ERROR] com.eventhub.automation.runners.ParallelCucumberTestRunner.runScenario["User can filter events by city and category", "Event discovery"](6) -- Time elapsed: 0.402 s <<< FAILURE!
org.openqa.selenium.SessionNotCreatedException: 
Could not start a new session. Possible causes are invalid address of the remote server or browser start-up failure. 
Host info: host: 'runnervmvrwv9', ip: '10.1.0.223'
	at org.openqa.selenium.remote.RemoteWebDriver.execute(RemoteWebDriver.java:563)
	at org.openqa.selenium.remote.RemoteWebDriver.startSession(RemoteWebDriver.java:245)
	at org.openqa.selenium.remote.RemoteWebDriver.<init>(RemoteWebDriver.java:174)
	at org.openqa.selenium.remote.RemoteWebDriver.<init>(RemoteWebDriver.java:152)
	at com.eventhub.automation.drivers.DriverFactory.createBrowserStackChromeDriver(DriverFactory.java:90)
	at com.eventhub.automation.drivers.DriverFactory.createDriver(DriverFactory.java:41)
	at com.eventhub.automation.drivers.DriverManager.initializeDriver(DriverManager.java:14)
	at com.eventhub.automation.hooks.CucumberHooks.startBrowser(CucumberHooks.java:36)
Caused by: org.openqa.selenium.WebDriverException: selenium jar version is either invalid, wrongly formatted, or not supported. Please refer to http://bit.ly/automate-capabilities
Build info: version: '4.23.1', revision: '656257d8e9'
System info: os.name: 'Linux', os.arch: 'amd64', os.version: '6.17.0-1020-azure', java.version: '17.0.19'
Driver info: driver.version: RemoteWebDriver
remote stacktrace: 
	at java.base/jdk.internal.reflect.NativeConstructorAccessorImpl.newInstance0(Native Method)
	at java.base/jdk.internal.reflect.NativeConstructorAccessorImpl.newInstance(NativeConstructorAccessorImpl.java:77)
	at java.base/jdk.internal.reflect.DelegatingConstructorAccessorImpl.newInstance(DelegatingConstructorAccessorImpl.java:45)
	at java.base/java.lang.reflect.Constructor.newInstanceWithCaller(Constructor.java:500)
	at java.base/java.lang.reflect.Constructor.newInstance(Constructor.java:481)
	at org.openqa.selenium.remote.W3CHandshakeResponse.lambda$errorHandler$0(W3CHandshakeResponse.java:59)
	at org.openqa.selenium.remote.HandshakeResponse.lambda$getResponseFunction$0(HandshakeResponse.java:31)
	at org.openqa.selenium.remote.ProtocolHandshake.lambda$createSession$0(ProtocolHandshake.java:120)
	at java.base/java.util.stream.ReferencePipeline$3$1.accept(ReferencePipeline.java:197)
	at java.base/java.util.stream.Streams$StreamBuilderImpl.tryAdvance(Streams.java:397)
	at java.base/java.util.stream.ReferencePipeline.forEachWithCancel(ReferencePipeline.java:129)
	at java.base/java.util.stream.AbstractPipeline.copyIntoWithCancel(AbstractPipeline.java:527)
	at java.base/java.util.stream.AbstractPipeline.copyInto(AbstractPipeline.java:513)
	at java.base/java.util.stream.AbstractPipeline.wrapAndCopyInto(AbstractPipeline.java:499)
	at java.base/java.util.stream.FindOps$FindOp.evaluateSequential(FindOps.java:150)
	at java.base/java.util.stream.AbstractPipeline.evaluate(AbstractPipeline.java:234)
	at java.base/java.util.stream.ReferencePipeline.findFirst(ReferencePipeline.java:647)
	at org.openqa.selenium.remote.ProtocolHandshake.createSession(ProtocolHandshake.java:122)
	at org.openqa.selenium.remote.ProtocolHandshake.createSession(ProtocolHandshake.java:75)
	at org.openqa.selenium.remote.ProtocolHandshake.createSession(ProtocolHandshake.java:61)
	at org.openqa.selenium.remote.HttpCommandExecutor.execute(HttpCommandExecutor.java:162)
	at org.openqa.selenium.remote.TracedCommandExecutor.execute(TracedCommandExecutor.java:53)
	at org.openqa.selenium.remote.RemoteWebDriver.execute(RemoteWebDriver.java:545)
	at org.openqa.selenium.remote.RemoteWebDriver.startSession(RemoteWebDriver.java:245)
	at org.openqa.selenium.remote.RemoteWebDriver.<init>(RemoteWebDriver.java:174)
	at org.openqa.selenium.remote.RemoteWebDriver.<init>(RemoteWebDriver.java:152)
	at com.eventhub.automation.drivers.DriverFactory.createBrowserStackChromeDriver(DriverFactory.java:90)
	at com.eventhub.automation.drivers.DriverFactory.createDriver(DriverFactory.java:41)
	at com.eventhub.automation.drivers.DriverManager.initializeDriver(DriverManager.java:14)
	at com.eventhub.automation.hooks.CucumberHooks.startBrowser(CucumberHooks.java:36)
	at java.base/jdk.internal.reflect.NativeMethodAccessorImpl.invoke0(Native Method)
	at java.base/jdk.internal.reflect.NativeMethodAccessorImpl.invoke(NativeMethodAccessorImpl.java:77)
	at java.base/jdk.internal.reflect.DelegatingMethodAccessorImpl.invoke(DelegatingMethodAccessorImpl.java:43)
	at java.base/java.lang.reflect.Method.invoke(Method.java:569)
	at io.cucumber.java.Invoker.doInvoke(Invoker.java:66)
	at io.cucumber.java.Invoker.invoke(Invoker.java:24)
	at io.cucumber.java.AbstractGlueDefinition.invokeMethod(AbstractGlueDefinition.java:47)
	at io.cucumber.java.JavaHookDefinition.execute(JavaHookDefinition.java:64)
	at io.cucumber.core.runner.CoreHookDefinition.execute(CoreHookDefinition.java:46)
	at io.cucumber.core.runner.HookDefinitionMatch.runStep(HookDefinitionMatch.java:21)
	at io.cucumber.core.runner.ExecutionMode$1.execute(ExecutionMode.java:10)
	at io.cucumber.core.runner.TestStep.executeStep(TestStep.java:81)
	at io.cucumber.core.runner.TestStep.run(TestStep.java:53)
	at io.cucumber.core.runner.TestCase.run(TestCase.java:78)
	at io.cucumber.core.runner.Runner.runPickle(Runner.java:75)
	at io.cucumber.testng.TestNGCucumberRunner.lambda$runScenario$1(TestNGCucumberRunner.java:132)
	at io.cucumber.core.runtime.CucumberExecutionContext.lambda$runTestCase$5(CucumberExecutionContext.java:136)
	at io.cucumber.core.runtime.RethrowingThrowableCollector.executeAndThrow(RethrowingThrowableCollector.java:23)
	at io.cucumber.core.runtime.CucumberExecutionContext.runTestCase(CucumberExecutionContext.java:136)
	at io.cucumber.testng.TestNGCucumberRunner.runScenario(TestNGCucumberRunner.java:129)
	at io.cucumber.testng.AbstractTestNGCucumberTests.runScenario(AbstractTestNGCucumberTests.java:35)
	at com.eventhub.automation.runners.ParallelCucumberTestRunner.runScenario(ParallelCucumberTestRunner.java:35)
	at java.base/jdk.internal.reflect.NativeMethodAccessorImpl.invoke0(Native Method)
	at java.base/jdk.internal.reflect.NativeMethodAccessorImpl.invoke(NativeMethodAccessorImpl.java:77)
	at java.base/jdk.internal.reflect.DelegatingMethodAccessorImpl.invoke(DelegatingMethodAccessorImpl.java:43)
	at java.base/java.lang.reflect.Method.invoke(Method.java:569)
	at org.testng.internal.invokers.MethodInvocationHelper.invokeMethod(MethodInvocationHelper.java:141)
	at org.testng.internal.invokers.TestInvoker.invokeMethod(TestInvoker.java:686)
	at org.testng.internal.invokers.TestInvoker.invokeTestMethod(TestInvoker.java:230)
	at org.testng.internal.invokers.TestMethodWithDataProviderMethodWorker.call(TestMethodWithDataProviderMethodWorker.java:81)
	at org.testng.internal.thread.Async$AsyncTask.run(Async.java:34)
	at java.base/java.util.concurrent.ThreadPoolExecutor.runWorker(ThreadPoolExecutor.java:1136)
	at java.base/java.util.concurrent.ThreadPoolExecutor$Worker.run(ThreadPoolExecutor.java:635)
	at java.base/java.lang.Thread.run(Thread.java:840)

[ERROR] com.eventhub.automation.runners.ParallelCucumberTestRunner.runScenario["User can clear filters and restore the event list", "Event discovery"](7) -- Time elapsed: 1.331 s <<< FAILURE!
org.openqa.selenium.SessionNotCreatedException: 
Could not start a new session. Possible causes are invalid address of the remote server or browser start-up failure. 
Host info: host: 'runnervmvrwv9', ip: '10.1.0.223'
	at org.openqa.selenium.remote.RemoteWebDriver.execute(RemoteWebDriver.java:563)
	at org.openqa.selenium.remote.RemoteWebDriver.startSession(RemoteWebDriver.java:245)
	at org.openqa.selenium.remote.RemoteWebDriver.<init>(RemoteWebDriver.java:174)
	at org.openqa.selenium.remote.RemoteWebDriver.<init>(RemoteWebDriver.java:152)
	at com.eventhub.automation.drivers.DriverFactory.createBrowserStackChromeDriver(DriverFactory.java:90)
	at com.eventhub.automation.drivers.DriverFactory.createDriver(DriverFactory.java:41)
	at com.eventhub.automation.drivers.DriverManager.initializeDriver(DriverManager.java:14)
	at com.eventhub.automation.hooks.CucumberHooks.startBrowser(CucumberHooks.java:36)
Caused by: org.openqa.selenium.WebDriverException: selenium jar version is either invalid, wrongly formatted, or not supported. Please refer to http://bit.ly/automate-capabilities
Build info: version: '4.23.1', revision: '656257d8e9'
System info: os.name: 'Linux', os.arch: 'amd64', os.version: '6.17.0-1020-azure', java.version: '17.0.19'
Driver info: driver.version: RemoteWebDriver
remote stacktrace: 
	at java.base/jdk.internal.reflect.NativeConstructorAccessorImpl.newInstance0(Native Method)
	at java.base/jdk.internal.reflect.NativeConstructorAccessorImpl.newInstance(NativeConstructorAccessorImpl.java:77)
	at java.base/jdk.internal.reflect.DelegatingConstructorAccessorImpl.newInstance(DelegatingConstructorAccessorImpl.java:45)
	at java.base/java.lang.reflect.Constructor.newInstanceWithCaller(Constructor.java:500)
	at java.base/java.lang.reflect.Constructor.newInstance(Constructor.java:481)
	at org.openqa.selenium.remote.W3CHandshakeResponse.lambda$errorHandler$0(W3CHandshakeResponse.java:59)
	at org.openqa.selenium.remote.HandshakeResponse.lambda$getResponseFunction$0(HandshakeResponse.java:31)
	at org.openqa.selenium.remote.ProtocolHandshake.lambda$createSession$0(ProtocolHandshake.java:120)
	at java.base/java.util.stream.ReferencePipeline$3$1.accept(ReferencePipeline.java:197)
	at java.base/java.util.stream.Streams$StreamBuilderImpl.tryAdvance(Streams.java:397)
	at java.base/java.util.stream.ReferencePipeline.forEachWithCancel(ReferencePipeline.java:129)
	at java.base/java.util.stream.AbstractPipeline.copyIntoWithCancel(AbstractPipeline.java:527)
	at java.base/java.util.stream.AbstractPipeline.copyInto(AbstractPipeline.java:513)
	at java.base/java.util.stream.AbstractPipeline.wrapAndCopyInto(AbstractPipeline.java:499)
	at java.base/java.util.stream.FindOps$FindOp.evaluateSequential(FindOps.java:150)
	at java.base/java.util.stream.AbstractPipeline.evaluate(AbstractPipeline.java:234)
	at java.base/java.util.stream.ReferencePipeline.findFirst(ReferencePipeline.java:647)
	at org.openqa.selenium.remote.ProtocolHandshake.createSession(ProtocolHandshake.java:122)
	at org.openqa.selenium.remote.ProtocolHandshake.createSession(ProtocolHandshake.java:75)
	at org.openqa.selenium.remote.ProtocolHandshake.createSession(ProtocolHandshake.java:61)
	at org.openqa.selenium.remote.HttpCommandExecutor.execute(HttpCommandExecutor.java:162)
	at org.openqa.selenium.remote.TracedCommandExecutor.execute(TracedCommandExecutor.java:53)
	at org.openqa.selenium.remote.RemoteWebDriver.execute(RemoteWebDriver.java:545)
	at org.openqa.selenium.remote.RemoteWebDriver.startSession(RemoteWebDriver.java:245)
	at org.openqa.selenium.remote.RemoteWebDriver.<init>(RemoteWebDriver.java:174)
	at org.openqa.selenium.remote.RemoteWebDriver.<init>(RemoteWebDriver.java:152)
	at com.eventhub.automation.drivers.DriverFactory.createBrowserStackChromeDriver(DriverFactory.java:90)
	at com.eventhub.automation.drivers.DriverFactory.createDriver(DriverFactory.java:41)
	at com.eventhub.automation.drivers.DriverManager.initializeDriver(DriverManager.java:14)
	at com.eventhub.automation.hooks.CucumberHooks.startBrowser(CucumberHooks.java:36)
	at java.base/jdk.internal.reflect.NativeMethodAccessorImpl.invoke0(Native Method)
	at java.base/jdk.internal.reflect.NativeMethodAccessorImpl.invoke(NativeMethodAccessorImpl.java:77)
	at java.base/jdk.internal.reflect.DelegatingMethodAccessorImpl.invoke(DelegatingMethodAccessorImpl.java:43)
	at java.base/java.lang.reflect.Method.invoke(Method.java:569)
	at io.cucumber.java.Invoker.doInvoke(Invoker.java:66)
	at io.cucumber.java.Invoker.invoke(Invoker.java:24)
	at io.cucumber.java.AbstractGlueDefinition.invokeMethod(AbstractGlueDefinition.java:47)
	at io.cucumber.java.JavaHookDefinition.execute(JavaHookDefinition.java:64)
	at io.cucumber.core.runner.CoreHookDefinition.execute(CoreHookDefinition.java:46)
	at io.cucumber.core.runner.HookDefinitionMatch.runStep(HookDefinitionMatch.java:21)
	at io.cucumber.core.runner.ExecutionMode$1.execute(ExecutionMode.java:10)
	at io.cucumber.core.runner.TestStep.executeStep(TestStep.java:81)
	at io.cucumber.core.runner.TestStep.run(TestStep.java:53)
	at io.cucumber.core.runner.TestCase.run(TestCase.java:78)
	at io.cucumber.core.runner.Runner.runPickle(Runner.java:75)
	at io.cucumber.testng.TestNGCucumberRunner.lambda$runScenario$1(TestNGCucumberRunner.java:132)
	at io.cucumber.core.runtime.CucumberExecutionContext.lambda$runTestCase$5(CucumberExecutionContext.java:136)
	at io.cucumber.core.runtime.RethrowingThrowableCollector.executeAndThrow(RethrowingThrowableCollector.java:23)
	at io.cucumber.core.runtime.CucumberExecutionContext.runTestCase(CucumberExecutionContext.java:136)
	at io.cucumber.testng.TestNGCucumberRunner.runScenario(TestNGCucumberRunner.java:129)
	at io.cucumber.testng.AbstractTestNGCucumberTests.runScenario(AbstractTestNGCucumberTests.java:35)
	at com.eventhub.automation.runners.ParallelCucumberTestRunner.runScenario(ParallelCucumberTestRunner.java:35)
	at java.base/jdk.internal.reflect.NativeMethodAccessorImpl.invoke0(Native Method)
	at java.base/jdk.internal.reflect.NativeMethodAccessorImpl.invoke(NativeMethodAccessorImpl.java:77)
	at java.base/jdk.internal.reflect.DelegatingMethodAccessorImpl.invoke(DelegatingMethodAccessorImpl.java:43)
	at java.base/java.lang.reflect.Method.invoke(Method.java:569)
	at org.testng.internal.invokers.MethodInvocationHelper.invokeMethod(MethodInvocationHelper.java:141)
	at org.testng.internal.invokers.TestInvoker.invokeMethod(TestInvoker.java:686)
	at org.testng.internal.invokers.TestInvoker.invokeTestMethod(TestInvoker.java:230)
	at org.testng.internal.invokers.TestMethodWithDataProviderMethodWorker.call(TestMethodWithDataProviderMethodWorker.java:81)
	at org.testng.internal.thread.Async$AsyncTask.run(Async.java:34)
	at java.base/java.util.concurrent.ThreadPoolExecutor.runWorker(ThreadPoolExecutor.java:1136)
	at java.base/java.util.concurrent.ThreadPoolExecutor$Worker.run(ThreadPoolExecutor.java:635)
	at java.base/java.lang.Thread.run(Thread.java:840)

[ERROR] com.eventhub.automation.runners.ParallelCucumberTestRunner.runScenario["Event filters reset after refresh", "Event discovery"](8) -- Time elapsed: 0.358 s <<< FAILURE!
org.openqa.selenium.SessionNotCreatedException: 
Could not start a new session. Possible causes are invalid address of the remote server or browser start-up failure. 
Host info: host: 'runnervmvrwv9', ip: '10.1.0.223'
	at org.openqa.selenium.remote.RemoteWebDriver.execute(RemoteWebDriver.java:563)
	at org.openqa.selenium.remote.RemoteWebDriver.startSession(RemoteWebDriver.java:245)
	at org.openqa.selenium.remote.RemoteWebDriver.<init>(RemoteWebDriver.java:174)
	at org.openqa.selenium.remote.RemoteWebDriver.<init>(RemoteWebDriver.java:152)
	at com.eventhub.automation.drivers.DriverFactory.createBrowserStackChromeDriver(DriverFactory.java:90)
	at com.eventhub.automation.drivers.DriverFactory.createDriver(DriverFactory.java:41)
	at com.eventhub.automation.drivers.DriverManager.initializeDriver(DriverManager.java:14)
	at com.eventhub.automation.hooks.CucumberHooks.startBrowser(CucumberHooks.java:36)
Caused by: org.openqa.selenium.WebDriverException: selenium jar version is either invalid, wrongly formatted, or not supported. Please refer to http://bit.ly/automate-capabilities
Build info: version: '4.23.1', revision: '656257d8e9'
System info: os.name: 'Linux', os.arch: 'amd64', os.version: '6.17.0-1020-azure', java.version: '17.0.19'
Driver info: driver.version: RemoteWebDriver
remote stacktrace: 
	at java.base/jdk.internal.reflect.NativeConstructorAccessorImpl.newInstance0(Native Method)
	at java.base/jdk.internal.reflect.NativeConstructorAccessorImpl.newInstance(NativeConstructorAccessorImpl.java:77)
	at java.base/jdk.internal.reflect.DelegatingConstructorAccessorImpl.newInstance(DelegatingConstructorAccessorImpl.java:45)
	at java.base/java.lang.reflect.Constructor.newInstanceWithCaller(Constructor.java:500)
	at java.base/java.lang.reflect.Constructor.newInstance(Constructor.java:481)
	at org.openqa.selenium.remote.W3CHandshakeResponse.lambda$errorHandler$0(W3CHandshakeResponse.java:59)
	at org.openqa.selenium.remote.HandshakeResponse.lambda$getResponseFunction$0(HandshakeResponse.java:31)
	at org.openqa.selenium.remote.ProtocolHandshake.lambda$createSession$0(ProtocolHandshake.java:120)
	at java.base/java.util.stream.ReferencePipeline$3$1.accept(ReferencePipeline.java:197)
	at java.base/java.util.stream.Streams$StreamBuilderImpl.tryAdvance(Streams.java:397)
	at java.base/java.util.stream.ReferencePipeline.forEachWithCancel(ReferencePipeline.java:129)
	at java.base/java.util.stream.AbstractPipeline.copyIntoWithCancel(AbstractPipeline.java:527)
	at java.base/java.util.stream.AbstractPipeline.copyInto(AbstractPipeline.java:513)
	at java.base/java.util.stream.AbstractPipeline.wrapAndCopyInto(AbstractPipeline.java:499)
	at java.base/java.util.stream.FindOps$FindOp.evaluateSequential(FindOps.java:150)
	at java.base/java.util.stream.AbstractPipeline.evaluate(AbstractPipeline.java:234)
	at java.base/java.util.stream.ReferencePipeline.findFirst(ReferencePipeline.java:647)
	at org.openqa.selenium.remote.ProtocolHandshake.createSession(ProtocolHandshake.java:122)
	at org.openqa.selenium.remote.ProtocolHandshake.createSession(ProtocolHandshake.java:75)
	at org.openqa.selenium.remote.ProtocolHandshake.createSession(ProtocolHandshake.java:61)
	at org.openqa.selenium.remote.HttpCommandExecutor.execute(HttpCommandExecutor.java:162)
	at org.openqa.selenium.remote.TracedCommandExecutor.execute(TracedCommandExecutor.java:53)
	at org.openqa.selenium.remote.RemoteWebDriver.execute(RemoteWebDriver.java:545)
	at org.openqa.selenium.remote.RemoteWebDriver.startSession(RemoteWebDriver.java:245)
	at org.openqa.selenium.remote.RemoteWebDriver.<init>(RemoteWebDriver.java:174)
	at org.openqa.selenium.remote.RemoteWebDriver.<init>(RemoteWebDriver.java:152)
	at com.eventhub.automation.drivers.DriverFactory.createBrowserStackChromeDriver(DriverFactory.java:90)
	at com.eventhub.automation.drivers.DriverFactory.createDriver(DriverFactory.java:41)
	at com.eventhub.automation.drivers.DriverManager.initializeDriver(DriverManager.java:14)
	at com.eventhub.automation.hooks.CucumberHooks.startBrowser(CucumberHooks.java:36)
	at java.base/jdk.internal.reflect.NativeMethodAccessorImpl.invoke0(Native Method)
	at java.base/jdk.internal.reflect.NativeMethodAccessorImpl.invoke(NativeMethodAccessorImpl.java:77)
	at java.base/jdk.internal.reflect.DelegatingMethodAccessorImpl.invoke(DelegatingMethodAccessorImpl.java:43)
	at java.base/java.lang.reflect.Method.invoke(Method.java:569)
	at io.cucumber.java.Invoker.doInvoke(Invoker.java:66)
	at io.cucumber.java.Invoker.invoke(Invoker.java:24)
	at io.cucumber.java.AbstractGlueDefinition.invokeMethod(AbstractGlueDefinition.java:47)
	at io.cucumber.java.JavaHookDefinition.execute(JavaHookDefinition.java:64)
	at io.cucumber.core.runner.CoreHookDefinition.execute(CoreHookDefinition.java:46)
	at io.cucumber.core.runner.HookDefinitionMatch.runStep(HookDefinitionMatch.java:21)
	at io.cucumber.core.runner.ExecutionMode$1.execute(ExecutionMode.java:10)
	at io.cucumber.core.runner.TestStep.executeStep(TestStep.java:81)
	at io.cucumber.core.runner.TestStep.run(TestStep.java:53)
	at io.cucumber.core.runner.TestCase.run(TestCase.java:78)
	at io.cucumber.core.runner.Runner.runPickle(Runner.java:75)
	at io.cucumber.testng.TestNGCucumberRunner.lambda$runScenario$1(TestNGCucumberRunner.java:132)
	at io.cucumber.core.runtime.CucumberExecutionContext.lambda$runTestCase$5(CucumberExecutionContext.java:136)
	at io.cucumber.core.runtime.RethrowingThrowableCollector.executeAndThrow(RethrowingThrowableCollector.java:23)
	at io.cucumber.core.runtime.CucumberExecutionContext.runTestCase(CucumberExecutionContext.java:136)
	at io.cucumber.testng.TestNGCucumberRunner.runScenario(TestNGCucumberRunner.java:129)
	at io.cucumber.testng.AbstractTestNGCucumberTests.runScenario(AbstractTestNGCucumberTests.java:35)
	at com.eventhub.automation.runners.ParallelCucumberTestRunner.runScenario(ParallelCucumberTestRunner.java:35)
	at java.base/jdk.internal.reflect.NativeMethodAccessorImpl.invoke0(Native Method)
	at java.base/jdk.internal.reflect.NativeMethodAccessorImpl.invoke(NativeMethodAccessorImpl.java:77)
	at java.base/jdk.internal.reflect.DelegatingMethodAccessorImpl.invoke(DelegatingMethodAccessorImpl.java:43)
	at java.base/java.lang.reflect.Method.invoke(Method.java:569)
	at org.testng.internal.invokers.MethodInvocationHelper.invokeMethod(MethodInvocationHelper.java:141)
	at org.testng.internal.invokers.TestInvoker.invokeMethod(TestInvoker.java:686)
	at org.testng.internal.invokers.TestInvoker.invokeTestMethod(TestInvoker.java:230)
	at org.testng.internal.invokers.TestMethodWithDataProviderMethodWorker.call(TestMethodWithDataProviderMethodWorker.java:81)
	at org.testng.internal.thread.Async$AsyncTask.run(Async.java:34)
	at java.base/java.util.concurrent.ThreadPoolExecutor.runWorker(ThreadPoolExecutor.java:1136)
	at java.base/java.util.concurrent.ThreadPoolExecutor$Worker.run(ThreadPoolExecutor.java:635)
	at java.base/java.lang.Thread.run(Thread.java:840)

[ERROR] com.eventhub.automation.runners.ParallelCucumberTestRunner.runScenario["Event filters reset after navigating away and back", "Event discovery"](9) -- Time elapsed: 1.460 s <<< FAILURE!
org.openqa.selenium.SessionNotCreatedException: 
Could not start a new session. Possible causes are invalid address of the remote server or browser start-up failure. 
Host info: host: 'runnervmvrwv9', ip: '10.1.0.223'
	at org.openqa.selenium.remote.RemoteWebDriver.execute(RemoteWebDriver.java:563)
	at org.openqa.selenium.remote.RemoteWebDriver.startSession(RemoteWebDriver.java:245)
	at org.openqa.selenium.remote.RemoteWebDriver.<init>(RemoteWebDriver.java:174)
	at org.openqa.selenium.remote.RemoteWebDriver.<init>(RemoteWebDriver.java:152)
	at com.eventhub.automation.drivers.DriverFactory.createBrowserStackChromeDriver(DriverFactory.java:90)
	at com.eventhub.automation.drivers.DriverFactory.createDriver(DriverFactory.java:41)
	at com.eventhub.automation.drivers.DriverManager.initializeDriver(DriverManager.java:14)
	at com.eventhub.automation.hooks.CucumberHooks.startBrowser(CucumberHooks.java:36)
Caused by: org.openqa.selenium.WebDriverException: selenium jar version is either invalid, wrongly formatted, or not supported. Please refer to http://bit.ly/automate-capabilities
Build info: version: '4.23.1', revision: '656257d8e9'
System info: os.name: 'Linux', os.arch: 'amd64', os.version: '6.17.0-1020-azure', java.version: '17.0.19'
Driver info: driver.version: RemoteWebDriver
remote stacktrace: 
	at java.base/jdk.internal.reflect.NativeConstructorAccessorImpl.newInstance0(Native Method)
	at java.base/jdk.internal.reflect.NativeConstructorAccessorImpl.newInstance(NativeConstructorAccessorImpl.java:77)
	at java.base/jdk.internal.reflect.DelegatingConstructorAccessorImpl.newInstance(DelegatingConstructorAccessorImpl.java:45)
	at java.base/java.lang.reflect.Constructor.newInstanceWithCaller(Constructor.java:500)
	at java.base/java.lang.reflect.Constructor.newInstance(Constructor.java:481)
	at org.openqa.selenium.remote.W3CHandshakeResponse.lambda$errorHandler$0(W3CHandshakeResponse.java:59)
	at org.openqa.selenium.remote.HandshakeResponse.lambda$getResponseFunction$0(HandshakeResponse.java:31)
	at org.openqa.selenium.remote.ProtocolHandshake.lambda$createSession$0(ProtocolHandshake.java:120)
	at java.base/java.util.stream.ReferencePipeline$3$1.accept(ReferencePipeline.java:197)
	at java.base/java.util.stream.Streams$StreamBuilderImpl.tryAdvance(Streams.java:397)
	at java.base/java.util.stream.ReferencePipeline.forEachWithCancel(ReferencePipeline.java:129)
	at java.base/java.util.stream.AbstractPipeline.copyIntoWithCancel(AbstractPipeline.java:527)
	at java.base/java.util.stream.AbstractPipeline.copyInto(AbstractPipeline.java:513)
	at java.base/java.util.stream.AbstractPipeline.wrapAndCopyInto(AbstractPipeline.java:499)
	at java.base/java.util.stream.FindOps$FindOp.evaluateSequential(FindOps.java:150)
	at java.base/java.util.stream.AbstractPipeline.evaluate(AbstractPipeline.java:234)
	at java.base/java.util.stream.ReferencePipeline.findFirst(ReferencePipeline.java:647)
	at org.openqa.selenium.remote.ProtocolHandshake.createSession(ProtocolHandshake.java:122)
	at org.openqa.selenium.remote.ProtocolHandshake.createSession(ProtocolHandshake.java:75)
	at org.openqa.selenium.remote.ProtocolHandshake.createSession(ProtocolHandshake.java:61)
	at org.openqa.selenium.remote.HttpCommandExecutor.execute(HttpCommandExecutor.java:162)
	at org.openqa.selenium.remote.TracedCommandExecutor.execute(TracedCommandExecutor.java:53)
	at org.openqa.selenium.remote.RemoteWebDriver.execute(RemoteWebDriver.java:545)
	at org.openqa.selenium.remote.RemoteWebDriver.startSession(RemoteWebDriver.java:245)
	at org.openqa.selenium.remote.RemoteWebDriver.<init>(RemoteWebDriver.java:174)
	at org.openqa.selenium.remote.RemoteWebDriver.<init>(RemoteWebDriver.java:152)
	at com.eventhub.automation.drivers.DriverFactory.createBrowserStackChromeDriver(DriverFactory.java:90)
	at com.eventhub.automation.drivers.DriverFactory.createDriver(DriverFactory.java:41)
	at com.eventhub.automation.drivers.DriverManager.initializeDriver(DriverManager.java:14)
	at com.eventhub.automation.hooks.CucumberHooks.startBrowser(CucumberHooks.java:36)
	at java.base/jdk.internal.reflect.NativeMethodAccessorImpl.invoke0(Native Method)
	at java.base/jdk.internal.reflect.NativeMethodAccessorImpl.invoke(NativeMethodAccessorImpl.java:77)
	at java.base/jdk.internal.reflect.DelegatingMethodAccessorImpl.invoke(DelegatingMethodAccessorImpl.java:43)
	at java.base/java.lang.reflect.Method.invoke(Method.java:569)
	at io.cucumber.java.Invoker.doInvoke(Invoker.java:66)
	at io.cucumber.java.Invoker.invoke(Invoker.java:24)
	at io.cucumber.java.AbstractGlueDefinition.invokeMethod(AbstractGlueDefinition.java:47)
	at io.cucumber.java.JavaHookDefinition.execute(JavaHookDefinition.java:64)
	at io.cucumber.core.runner.CoreHookDefinition.execute(CoreHookDefinition.java:46)
	at io.cucumber.core.runner.HookDefinitionMatch.runStep(HookDefinitionMatch.java:21)
	at io.cucumber.core.runner.ExecutionMode$1.execute(ExecutionMode.java:10)
	at io.cucumber.core.runner.TestStep.executeStep(TestStep.java:81)
	at io.cucumber.core.runner.TestStep.run(TestStep.java:53)
	at io.cucumber.core.runner.TestCase.run(TestCase.java:78)
	at io.cucumber.core.runner.Runner.runPickle(Runner.java:75)
	at io.cucumber.testng.TestNGCucumberRunner.lambda$runScenario$1(TestNGCucumberRunner.java:132)
	at io.cucumber.core.runtime.CucumberExecutionContext.lambda$runTestCase$5(CucumberExecutionContext.java:136)
	at io.cucumber.core.runtime.RethrowingThrowableCollector.executeAndThrow(RethrowingThrowableCollector.java:23)
	at io.cucumber.core.runtime.CucumberExecutionContext.runTestCase(CucumberExecutionContext.java:136)
	at io.cucumber.testng.TestNGCucumberRunner.runScenario(TestNGCucumberRunner.java:129)
	at io.cucumber.testng.AbstractTestNGCucumberTests.runScenario(AbstractTestNGCucumberTests.java:35)
	at com.eventhub.automation.runners.ParallelCucumberTestRunner.runScenario(ParallelCucumberTestRunner.java:35)
	at java.base/jdk.internal.reflect.NativeMethodAccessorImpl.invoke0(Native Method)
	at java.base/jdk.internal.reflect.NativeMethodAccessorImpl.invoke(NativeMethodAccessorImpl.java:77)
	at java.base/jdk.internal.reflect.DelegatingMethodAccessorImpl.invoke(DelegatingMethodAccessorImpl.java:43)
	at java.base/java.lang.reflect.Method.invoke(Method.java:569)
	at org.testng.internal.invokers.MethodInvocationHelper.invokeMethod(MethodInvocationHelper.java:141)
	at org.testng.internal.invokers.TestInvoker.invokeMethod(TestInvoker.java:686)
	at org.testng.internal.invokers.TestInvoker.invokeTestMethod(TestInvoker.java:230)
	at org.testng.internal.invokers.TestMethodWithDataProviderMethodWorker.call(TestMethodWithDataProviderMethodWorker.java:81)
	at org.testng.internal.thread.Async$AsyncTask.run(Async.java:34)
	at java.base/java.util.concurrent.ThreadPoolExecutor.runWorker(ThreadPoolExecutor.java:1136)
	at java.base/java.util.concurrent.ThreadPoolExecutor$Worker.run(ThreadPoolExecutor.java:635)
	at java.base/java.lang.Thread.run(Thread.java:840)

[ERROR] com.eventhub.automation.runners.ParallelCucumberTestRunner.runScenario["User sees an empty state for unmatched search", "Event discovery"](10) -- Time elapsed: 0.289 s <<< FAILURE!
org.openqa.selenium.SessionNotCreatedException: 
Could not start a new session. Possible causes are invalid address of the remote server or browser start-up failure. 
Host info: host: 'runnervmvrwv9', ip: '10.1.0.223'
	at org.openqa.selenium.remote.RemoteWebDriver.execute(RemoteWebDriver.java:563)
	at org.openqa.selenium.remote.RemoteWebDriver.startSession(RemoteWebDriver.java:245)
	at org.openqa.selenium.remote.RemoteWebDriver.<init>(RemoteWebDriver.java:174)
	at org.openqa.selenium.remote.RemoteWebDriver.<init>(RemoteWebDriver.java:152)
	at com.eventhub.automation.drivers.DriverFactory.createBrowserStackChromeDriver(DriverFactory.java:90)
	at com.eventhub.automation.drivers.DriverFactory.createDriver(DriverFactory.java:41)
	at com.eventhub.automation.drivers.DriverManager.initializeDriver(DriverManager.java:14)
	at com.eventhub.automation.hooks.CucumberHooks.startBrowser(CucumberHooks.java:36)
Caused by: org.openqa.selenium.WebDriverException: selenium jar version is either invalid, wrongly formatted, or not supported. Please refer to http://bit.ly/automate-capabilities
Build info: version: '4.23.1', revision: '656257d8e9'
System info: os.name: 'Linux', os.arch: 'amd64', os.version: '6.17.0-1020-azure', java.version: '17.0.19'
Driver info: driver.version: RemoteWebDriver
remote stacktrace: 
	at java.base/jdk.internal.reflect.NativeConstructorAccessorImpl.newInstance0(Native Method)
	at java.base/jdk.internal.reflect.NativeConstructorAccessorImpl.newInstance(NativeConstructorAccessorImpl.java:77)
	at java.base/jdk.internal.reflect.DelegatingConstructorAccessorImpl.newInstance(DelegatingConstructorAccessorImpl.java:45)
	at java.base/java.lang.reflect.Constructor.newInstanceWithCaller(Constructor.java:500)
	at java.base/java.lang.reflect.Constructor.newInstance(Constructor.java:481)
	at org.openqa.selenium.remote.W3CHandshakeResponse.lambda$errorHandler$0(W3CHandshakeResponse.java:59)
	at org.openqa.selenium.remote.HandshakeResponse.lambda$getResponseFunction$0(HandshakeResponse.java:31)
	at org.openqa.selenium.remote.ProtocolHandshake.lambda$createSession$0(ProtocolHandshake.java:120)
	at java.base/java.util.stream.ReferencePipeline$3$1.accept(ReferencePipeline.java:197)
	at java.base/java.util.stream.Streams$StreamBuilderImpl.tryAdvance(Streams.java:397)
	at java.base/java.util.stream.ReferencePipeline.forEachWithCancel(ReferencePipeline.java:129)
	at java.base/java.util.stream.AbstractPipeline.copyIntoWithCancel(AbstractPipeline.java:527)
	at java.base/java.util.stream.AbstractPipeline.copyInto(AbstractPipeline.java:513)
	at java.base/java.util.stream.AbstractPipeline.wrapAndCopyInto(AbstractPipeline.java:499)
	at java.base/java.util.stream.FindOps$FindOp.evaluateSequential(FindOps.java:150)
	at java.base/java.util.stream.AbstractPipeline.evaluate(AbstractPipeline.java:234)
	at java.base/java.util.stream.ReferencePipeline.findFirst(ReferencePipeline.java:647)
	at org.openqa.selenium.remote.ProtocolHandshake.createSession(ProtocolHandshake.java:122)
	at org.openqa.selenium.remote.ProtocolHandshake.createSession(ProtocolHandshake.java:75)
	at org.openqa.selenium.remote.ProtocolHandshake.createSession(ProtocolHandshake.java:61)
	at org.openqa.selenium.remote.HttpCommandExecutor.execute(HttpCommandExecutor.java:162)
	at org.openqa.selenium.remote.TracedCommandExecutor.execute(TracedCommandExecutor.java:53)
	at org.openqa.selenium.remote.RemoteWebDriver.execute(RemoteWebDriver.java:545)
	at org.openqa.selenium.remote.RemoteWebDriver.startSession(RemoteWebDriver.java:245)
	at org.openqa.selenium.remote.RemoteWebDriver.<init>(RemoteWebDriver.java:174)
	at org.openqa.selenium.remote.RemoteWebDriver.<init>(RemoteWebDriver.java:152)
	at com.eventhub.automation.drivers.DriverFactory.createBrowserStackChromeDriver(DriverFactory.java:90)
	at com.eventhub.automation.drivers.DriverFactory.createDriver(DriverFactory.java:41)
	at com.eventhub.automation.drivers.DriverManager.initializeDriver(DriverManager.java:14)
	at com.eventhub.automation.hooks.CucumberHooks.startBrowser(CucumberHooks.java:36)
	at java.base/jdk.internal.reflect.NativeMethodAccessorImpl.invoke0(Native Method)
	at java.base/jdk.internal.reflect.NativeMethodAccessorImpl.invoke(NativeMethodAccessorImpl.java:77)
	at java.base/jdk.internal.reflect.DelegatingMethodAccessorImpl.invoke(DelegatingMethodAccessorImpl.java:43)
	at java.base/java.lang.reflect.Method.invoke(Method.java:569)
	at io.cucumber.java.Invoker.doInvoke(Invoker.java:66)
	at io.cucumber.java.Invoker.invoke(Invoker.java:24)
	at io.cucumber.java.AbstractGlueDefinition.invokeMethod(AbstractGlueDefinition.java:47)
	at io.cucumber.java.JavaHookDefinition.execute(JavaHookDefinition.java:64)
	at io.cucumber.core.runner.CoreHookDefinition.execute(CoreHookDefinition.java:46)
	at io.cucumber.core.runner.HookDefinitionMatch.runStep(HookDefinitionMatch.java:21)
	at io.cucumber.core.runner.ExecutionMode$1.execute(ExecutionMode.java:10)
	at io.cucumber.core.runner.TestStep.executeStep(TestStep.java:81)
	at io.cucumber.core.runner.TestStep.run(TestStep.java:53)
	at io.cucumber.core.runner.TestCase.run(TestCase.java:78)
	at io.cucumber.core.runner.Runner.runPickle(Runner.java:75)
	at io.cucumber.testng.TestNGCucumberRunner.lambda$runScenario$1(TestNGCucumberRunner.java:132)
	at io.cucumber.core.runtime.CucumberExecutionContext.lambda$runTestCase$5(CucumberExecutionContext.java:136)
	at io.cucumber.core.runtime.RethrowingThrowableCollector.executeAndThrow(RethrowingThrowableCollector.java:23)
	at io.cucumber.core.runtime.CucumberExecutionContext.runTestCase(CucumberExecutionContext.java:136)
	at io.cucumber.testng.TestNGCucumberRunner.runScenario(TestNGCucumberRunner.java:129)
	at io.cucumber.testng.AbstractTestNGCucumberTests.runScenario(AbstractTestNGCucumberTests.java:35)
	at com.eventhub.automation.runners.ParallelCucumberTestRunner.runScenario(ParallelCucumberTestRunner.java:35)
	at java.base/jdk.internal.reflect.NativeMethodAccessorImpl.invoke0(Native Method)
	at java.base/jdk.internal.reflect.NativeMethodAccessorImpl.invoke(NativeMethodAccessorImpl.java:77)
	at java.base/jdk.internal.reflect.DelegatingMethodAccessorImpl.invoke(DelegatingMethodAccessorImpl.java:43)
	at java.base/java.lang.reflect.Method.invoke(Method.java:569)
	at org.testng.internal.invokers.MethodInvocationHelper.invokeMethod(MethodInvocationHelper.java:141)
	at org.testng.internal.invokers.TestInvoker.invokeMethod(TestInvoker.java:686)
	at org.testng.internal.invokers.TestInvoker.invokeTestMethod(TestInvoker.java:230)
	at org.testng.internal.invokers.TestMethodWithDataProviderMethodWorker.call(TestMethodWithDataProviderMethodWorker.java:81)
	at org.testng.internal.thread.Async$AsyncTask.run(Async.java:34)
	at java.base/java.util.concurrent.ThreadPoolExecutor.runWorker(ThreadPoolExecutor.java:1136)
	at java.base/java.util.concurrent.ThreadPoolExecutor$Worker.run(ThreadPoolExecutor.java:635)
	at java.base/java.lang.Thread.run(Thread.java:840)

[ERROR] com.eventhub.automation.runners.ParallelCucumberTestRunner.runScenario["Event cards expose business-critical details", "Event discovery"](11) -- Time elapsed: 1.403 s <<< FAILURE!
org.openqa.selenium.SessionNotCreatedException: 
Could not start a new session. Possible causes are invalid address of the remote server or browser start-up failure. 
Host info: host: 'runnervmvrwv9', ip: '10.1.0.223'
	at org.openqa.selenium.remote.RemoteWebDriver.execute(RemoteWebDriver.java:563)
	at org.openqa.selenium.remote.RemoteWebDriver.startSession(RemoteWebDriver.java:245)
	at org.openqa.selenium.remote.RemoteWebDriver.<init>(RemoteWebDriver.java:174)
	at org.openqa.selenium.remote.RemoteWebDriver.<init>(RemoteWebDriver.java:152)
	at com.eventhub.automation.drivers.DriverFactory.createBrowserStackChromeDriver(DriverFactory.java:90)
	at com.eventhub.automation.drivers.DriverFactory.createDriver(DriverFactory.java:41)
	at com.eventhub.automation.drivers.DriverManager.initializeDriver(DriverManager.java:14)
	at com.eventhub.automation.hooks.CucumberHooks.startBrowser(CucumberHooks.java:36)
Caused by: org.openqa.selenium.WebDriverException: selenium jar version is either invalid, wrongly formatted, or not supported. Please refer to http://bit.ly/automate-capabilities
Build info: version: '4.23.1', revision: '656257d8e9'
System info: os.name: 'Linux', os.arch: 'amd64', os.version: '6.17.0-1020-azure', java.version: '17.0.19'
Driver info: driver.version: RemoteWebDriver
remote stacktrace: 
	at java.base/jdk.internal.reflect.NativeConstructorAccessorImpl.newInstance0(Native Method)
	at java.base/jdk.internal.reflect.NativeConstructorAccessorImpl.newInstance(NativeConstructorAccessorImpl.java:77)
	at java.base/jdk.internal.reflect.DelegatingConstructorAccessorImpl.newInstance(DelegatingConstructorAccessorImpl.java:45)
	at java.base/java.lang.reflect.Constructor.newInstanceWithCaller(Constructor.java:500)
	at java.base/java.lang.reflect.Constructor.newInstance(Constructor.java:481)
	at org.openqa.selenium.remote.W3CHandshakeResponse.lambda$errorHandler$0(W3CHandshakeResponse.java:59)
	at org.openqa.selenium.remote.HandshakeResponse.lambda$getResponseFunction$0(HandshakeResponse.java:31)
	at org.openqa.selenium.remote.ProtocolHandshake.lambda$createSession$0(ProtocolHandshake.java:120)
	at java.base/java.util.stream.ReferencePipeline$3$1.accept(ReferencePipeline.java:197)
	at java.base/java.util.stream.Streams$StreamBuilderImpl.tryAdvance(Streams.java:397)
	at java.base/java.util.stream.ReferencePipeline.forEachWithCancel(ReferencePipeline.java:129)
	at java.base/java.util.stream.AbstractPipeline.copyIntoWithCancel(AbstractPipeline.java:527)
	at java.base/java.util.stream.AbstractPipeline.copyInto(AbstractPipeline.java:513)
	at java.base/java.util.stream.AbstractPipeline.wrapAndCopyInto(AbstractPipeline.java:499)
	at java.base/java.util.stream.FindOps$FindOp.evaluateSequential(FindOps.java:150)
	at java.base/java.util.stream.AbstractPipeline.evaluate(AbstractPipeline.java:234)
	at java.base/java.util.stream.ReferencePipeline.findFirst(ReferencePipeline.java:647)
	at org.openqa.selenium.remote.ProtocolHandshake.createSession(ProtocolHandshake.java:122)
	at org.openqa.selenium.remote.ProtocolHandshake.createSession(ProtocolHandshake.java:75)
	at org.openqa.selenium.remote.ProtocolHandshake.createSession(ProtocolHandshake.java:61)
	at org.openqa.selenium.remote.HttpCommandExecutor.execute(HttpCommandExecutor.java:162)
	at org.openqa.selenium.remote.TracedCommandExecutor.execute(TracedCommandExecutor.java:53)
	at org.openqa.selenium.remote.RemoteWebDriver.execute(RemoteWebDriver.java:545)
	at org.openqa.selenium.remote.RemoteWebDriver.startSession(RemoteWebDriver.java:245)
	at org.openqa.selenium.remote.RemoteWebDriver.<init>(RemoteWebDriver.java:174)
	at org.openqa.selenium.remote.RemoteWebDriver.<init>(RemoteWebDriver.java:152)
	at com.eventhub.automation.drivers.DriverFactory.createBrowserStackChromeDriver(DriverFactory.java:90)
	at com.eventhub.automation.drivers.DriverFactory.createDriver(DriverFactory.java:41)
	at com.eventhub.automation.drivers.DriverManager.initializeDriver(DriverManager.java:14)
	at com.eventhub.automation.hooks.CucumberHooks.startBrowser(CucumberHooks.java:36)
	at java.base/jdk.internal.reflect.NativeMethodAccessorImpl.invoke0(Native Method)
	at java.base/jdk.internal.reflect.NativeMethodAccessorImpl.invoke(NativeMethodAccessorImpl.java:77)
	at java.base/jdk.internal.reflect.DelegatingMethodAccessorImpl.invoke(DelegatingMethodAccessorImpl.java:43)
	at java.base/java.lang.reflect.Method.invoke(Method.java:569)
	at io.cucumber.java.Invoker.doInvoke(Invoker.java:66)
	at io.cucumber.java.Invoker.invoke(Invoker.java:24)
	at io.cucumber.java.AbstractGlueDefinition.invokeMethod(AbstractGlueDefinition.java:47)
	at io.cucumber.java.JavaHookDefinition.execute(JavaHookDefinition.java:64)
	at io.cucumber.core.runner.CoreHookDefinition.execute(CoreHookDefinition.java:46)
	at io.cucumber.core.runner.HookDefinitionMatch.runStep(HookDefinitionMatch.java:21)
	at io.cucumber.core.runner.ExecutionMode$1.execute(ExecutionMode.java:10)
	at io.cucumber.core.runner.TestStep.executeStep(TestStep.java:81)
	at io.cucumber.core.runner.TestStep.run(TestStep.java:53)
	at io.cucumber.core.runner.TestCase.run(TestCase.java:78)
	at io.cucumber.core.runner.Runner.runPickle(Runner.java:75)
	at io.cucumber.testng.TestNGCucumberRunner.lambda$runScenario$1(TestNGCucumberRunner.java:132)
	at io.cucumber.core.runtime.CucumberExecutionContext.lambda$runTestCase$5(CucumberExecutionContext.java:136)
	at io.cucumber.core.runtime.RethrowingThrowableCollector.executeAndThrow(RethrowingThrowableCollector.java:23)
	at io.cucumber.core.runtime.CucumberExecutionContext.runTestCase(CucumberExecutionContext.java:136)
	at io.cucumber.testng.TestNGCucumberRunner.runScenario(TestNGCucumberRunner.java:129)
	at io.cucumber.testng.AbstractTestNGCucumberTests.runScenario(AbstractTestNGCucumberTests.java:35)
	at com.eventhub.automation.runners.ParallelCucumberTestRunner.runScenario(ParallelCucumberTestRunner.java:35)
	at java.base/jdk.internal.reflect.NativeMethodAccessorImpl.invoke0(Native Method)
	at java.base/jdk.internal.reflect.NativeMethodAccessorImpl.invoke(NativeMethodAccessorImpl.java:77)
	at java.base/jdk.internal.reflect.DelegatingMethodAccessorImpl.invoke(DelegatingMethodAccessorImpl.java:43)
	at java.base/java.lang.reflect.Method.invoke(Method.java:569)
	at org.testng.internal.invokers.MethodInvocationHelper.invokeMethod(MethodInvocationHelper.java:141)
	at org.testng.internal.invokers.TestInvoker.invokeMethod(TestInvoker.java:686)
	at org.testng.internal.invokers.TestInvoker.invokeTestMethod(TestInvoker.java:230)
	at org.testng.internal.invokers.TestMethodWithDataProviderMethodWorker.call(TestMethodWithDataProviderMethodWorker.java:81)
	at org.testng.internal.thread.Async$AsyncTask.run(Async.java:34)
	at java.base/java.util.concurrent.ThreadPoolExecutor.runWorker(ThreadPoolExecutor.java:1136)
	at java.base/java.util.concurrent.ThreadPoolExecutor$Worker.run(ThreadPoolExecutor.java:635)
	at java.base/java.lang.Thread.run(Thread.java:840)

[ERROR] com.eventhub.automation.runners.ParallelCucumberTestRunner.runScenario["User can open event details", "Event discovery"](12) -- Time elapsed: 0.370 s <<< FAILURE!
org.openqa.selenium.SessionNotCreatedException: 
Could not start a new session. Possible causes are invalid address of the remote server or browser start-up failure. 
Host info: host: 'runnervmvrwv9', ip: '10.1.0.223'
	at org.openqa.selenium.remote.RemoteWebDriver.execute(RemoteWebDriver.java:563)
	at org.openqa.selenium.remote.RemoteWebDriver.startSession(RemoteWebDriver.java:245)
	at org.openqa.selenium.remote.RemoteWebDriver.<init>(RemoteWebDriver.java:174)
	at org.openqa.selenium.remote.RemoteWebDriver.<init>(RemoteWebDriver.java:152)
	at com.eventhub.automation.drivers.DriverFactory.createBrowserStackChromeDriver(DriverFactory.java:90)
	at com.eventhub.automation.drivers.DriverFactory.createDriver(DriverFactory.java:41)
	at com.eventhub.automation.drivers.DriverManager.initializeDriver(DriverManager.java:14)
	at com.eventhub.automation.hooks.CucumberHooks.startBrowser(CucumberHooks.java:36)
Caused by: org.openqa.selenium.WebDriverException: selenium jar version is either invalid, wrongly formatted, or not supported. Please refer to http://bit.ly/automate-capabilities
Build info: version: '4.23.1', revision: '656257d8e9'
System info: os.name: 'Linux', os.arch: 'amd64', os.version: '6.17.0-1020-azure', java.version: '17.0.19'
Driver info: driver.version: RemoteWebDriver
remote stacktrace: 
	at java.base/jdk.internal.reflect.NativeConstructorAccessorImpl.newInstance0(Native Method)
	at java.base/jdk.internal.reflect.NativeConstructorAccessorImpl.newInstance(NativeConstructorAccessorImpl.java:77)
	at java.base/jdk.internal.reflect.DelegatingConstructorAccessorImpl.newInstance(DelegatingConstructorAccessorImpl.java:45)
	at java.base/java.lang.reflect.Constructor.newInstanceWithCaller(Constructor.java:500)
	at java.base/java.lang.reflect.Constructor.newInstance(Constructor.java:481)
	at org.openqa.selenium.remote.W3CHandshakeResponse.lambda$errorHandler$0(W3CHandshakeResponse.java:59)
	at org.openqa.selenium.remote.HandshakeResponse.lambda$getResponseFunction$0(HandshakeResponse.java:31)
	at org.openqa.selenium.remote.ProtocolHandshake.lambda$createSession$0(ProtocolHandshake.java:120)
	at java.base/java.util.stream.ReferencePipeline$3$1.accept(ReferencePipeline.java:197)
	at java.base/java.util.stream.Streams$StreamBuilderImpl.tryAdvance(Streams.java:397)
	at java.base/java.util.stream.ReferencePipeline.forEachWithCancel(ReferencePipeline.java:129)
	at java.base/java.util.stream.AbstractPipeline.copyIntoWithCancel(AbstractPipeline.java:527)
	at java.base/java.util.stream.AbstractPipeline.copyInto(AbstractPipeline.java:513)
	at java.base/java.util.stream.AbstractPipeline.wrapAndCopyInto(AbstractPipeline.java:499)
	at java.base/java.util.stream.FindOps$FindOp.evaluateSequential(FindOps.java:150)
	at java.base/java.util.stream.AbstractPipeline.evaluate(AbstractPipeline.java:234)
	at java.base/java.util.stream.ReferencePipeline.findFirst(ReferencePipeline.java:647)
	at org.openqa.selenium.remote.ProtocolHandshake.createSession(ProtocolHandshake.java:122)
	at org.openqa.selenium.remote.ProtocolHandshake.createSession(ProtocolHandshake.java:75)
	at org.openqa.selenium.remote.ProtocolHandshake.createSession(ProtocolHandshake.java:61)
	at org.openqa.selenium.remote.HttpCommandExecutor.execute(HttpCommandExecutor.java:162)
	at org.openqa.selenium.remote.TracedCommandExecutor.execute(TracedCommandExecutor.java:53)
	at org.openqa.selenium.remote.RemoteWebDriver.execute(RemoteWebDriver.java:545)
	at org.openqa.selenium.remote.RemoteWebDriver.startSession(RemoteWebDriver.java:245)
	at org.openqa.selenium.remote.RemoteWebDriver.<init>(RemoteWebDriver.java:174)
	at org.openqa.selenium.remote.RemoteWebDriver.<init>(RemoteWebDriver.java:152)
	at com.eventhub.automation.drivers.DriverFactory.createBrowserStackChromeDriver(DriverFactory.java:90)
	at com.eventhub.automation.drivers.DriverFactory.createDriver(DriverFactory.java:41)
	at com.eventhub.automation.drivers.DriverManager.initializeDriver(DriverManager.java:14)
	at com.eventhub.automation.hooks.CucumberHooks.startBrowser(CucumberHooks.java:36)
	at java.base/jdk.internal.reflect.NativeMethodAccessorImpl.invoke0(Native Method)
	at java.base/jdk.internal.reflect.NativeMethodAccessorImpl.invoke(NativeMethodAccessorImpl.java:77)
	at java.base/jdk.internal.reflect.DelegatingMethodAccessorImpl.invoke(DelegatingMethodAccessorImpl.java:43)
	at java.base/java.lang.reflect.Method.invoke(Method.java:569)
	at io.cucumber.java.Invoker.doInvoke(Invoker.java:66)
	at io.cucumber.java.Invoker.invoke(Invoker.java:24)
	at io.cucumber.java.AbstractGlueDefinition.invokeMethod(AbstractGlueDefinition.java:47)
	at io.cucumber.java.JavaHookDefinition.execute(JavaHookDefinition.java:64)
	at io.cucumber.core.runner.CoreHookDefinition.execute(CoreHookDefinition.java:46)
	at io.cucumber.core.runner.HookDefinitionMatch.runStep(HookDefinitionMatch.java:21)
	at io.cucumber.core.runner.ExecutionMode$1.execute(ExecutionMode.java:10)
	at io.cucumber.core.runner.TestStep.executeStep(TestStep.java:81)
	at io.cucumber.core.runner.TestStep.run(TestStep.java:53)
	at io.cucumber.core.runner.TestCase.run(TestCase.java:78)
	at io.cucumber.core.runner.Runner.runPickle(Runner.java:75)
	at io.cucumber.testng.TestNGCucumberRunner.lambda$runScenario$1(TestNGCucumberRunner.java:132)
	at io.cucumber.core.runtime.CucumberExecutionContext.lambda$runTestCase$5(CucumberExecutionContext.java:136)
	at io.cucumber.core.runtime.RethrowingThrowableCollector.executeAndThrow(RethrowingThrowableCollector.java:23)
	at io.cucumber.core.runtime.CucumberExecutionContext.runTestCase(CucumberExecutionContext.java:136)
	at io.cucumber.testng.TestNGCucumberRunner.runScenario(TestNGCucumberRunner.java:129)
	at io.cucumber.testng.AbstractTestNGCucumberTests.runScenario(AbstractTestNGCucumberTests.java:35)
	at com.eventhub.automation.runners.ParallelCucumberTestRunner.runScenario(ParallelCucumberTestRunner.java:35)
	at java.base/jdk.internal.reflect.NativeMethodAccessorImpl.invoke0(Native Method)
	at java.base/jdk.internal.reflect.NativeMethodAccessorImpl.invoke(NativeMethodAccessorImpl.java:77)
	at java.base/jdk.internal.reflect.DelegatingMethodAccessorImpl.invoke(DelegatingMethodAccessorImpl.java:43)
	at java.base/java.lang.reflect.Method.invoke(Method.java:569)
	at org.testng.internal.invokers.MethodInvocationHelper.invokeMethod(MethodInvocationHelper.java:141)
	at org.testng.internal.invokers.TestInvoker.invokeMethod(TestInvoker.java:686)
	at org.testng.internal.invokers.TestInvoker.invokeTestMethod(TestInvoker.java:230)
	at org.testng.internal.invokers.TestMethodWithDataProviderMethodWorker.call(TestMethodWithDataProviderMethodWorker.java:81)
	at org.testng.internal.thread.Async$AsyncTask.run(Async.java:34)
	at java.base/java.util.concurrent.ThreadPoolExecutor.runWorker(ThreadPoolExecutor.java:1136)
	at java.base/java.util.concurrent.ThreadPoolExecutor$Worker.run(ThreadPoolExecutor.java:635)
	at java.base/java.lang.Thread.run(Thread.java:840)

[ERROR] com.eventhub.automation.runners.ParallelCucumberTestRunner.runScenario["Event detail deep link loads correct metadata", "Event discovery"](13) -- Time elapsed: 1.330 s <<< FAILURE!
org.openqa.selenium.SessionNotCreatedException: 
Could not start a new session. Possible causes are invalid address of the remote server or browser start-up failure. 
Host info: host: 'runnervmvrwv9', ip: '10.1.0.223'
	at org.openqa.selenium.remote.RemoteWebDriver.execute(RemoteWebDriver.java:563)
	at org.openqa.selenium.remote.RemoteWebDriver.startSession(RemoteWebDriver.java:245)
	at org.openqa.selenium.remote.RemoteWebDriver.<init>(RemoteWebDriver.java:174)
	at org.openqa.selenium.remote.RemoteWebDriver.<init>(RemoteWebDriver.java:152)
	at com.eventhub.automation.drivers.DriverFactory.createBrowserStackChromeDriver(DriverFactory.java:90)
	at com.eventhub.automation.drivers.DriverFactory.createDriver(DriverFactory.java:41)
	at com.eventhub.automation.drivers.DriverManager.initializeDriver(DriverManager.java:14)
	at com.eventhub.automation.hooks.CucumberHooks.startBrowser(CucumberHooks.java:36)
Caused by: org.openqa.selenium.WebDriverException: selenium jar version is either invalid, wrongly formatted, or not supported. Please refer to http://bit.ly/automate-capabilities
Build info: version: '4.23.1', revision: '656257d8e9'
System info: os.name: 'Linux', os.arch: 'amd64', os.version: '6.17.0-1020-azure', java.version: '17.0.19'
Driver info: driver.version: RemoteWebDriver
remote stacktrace: 
	at java.base/jdk.internal.reflect.NativeConstructorAccessorImpl.newInstance0(Native Method)
	at java.base/jdk.internal.reflect.NativeConstructorAccessorImpl.newInstance(NativeConstructorAccessorImpl.java:77)
	at java.base/jdk.internal.reflect.DelegatingConstructorAccessorImpl.newInstance(DelegatingConstructorAccessorImpl.java:45)
	at java.base/java.lang.reflect.Constructor.newInstanceWithCaller(Constructor.java:500)
	at java.base/java.lang.reflect.Constructor.newInstance(Constructor.java:481)
	at org.openqa.selenium.remote.W3CHandshakeResponse.lambda$errorHandler$0(W3CHandshakeResponse.java:59)
	at org.openqa.selenium.remote.HandshakeResponse.lambda$getResponseFunction$0(HandshakeResponse.java:31)
	at org.openqa.selenium.remote.ProtocolHandshake.lambda$createSession$0(ProtocolHandshake.java:120)
	at java.base/java.util.stream.ReferencePipeline$3$1.accept(ReferencePipeline.java:197)
	at java.base/java.util.stream.Streams$StreamBuilderImpl.tryAdvance(Streams.java:397)
	at java.base/java.util.stream.ReferencePipeline.forEachWithCancel(ReferencePipeline.java:129)
	at java.base/java.util.stream.AbstractPipeline.copyIntoWithCancel(AbstractPipeline.java:527)
	at java.base/java.util.stream.AbstractPipeline.copyInto(AbstractPipeline.java:513)
	at java.base/java.util.stream.AbstractPipeline.wrapAndCopyInto(AbstractPipeline.java:499)
	at java.base/java.util.stream.FindOps$FindOp.evaluateSequential(FindOps.java:150)
	at java.base/java.util.stream.AbstractPipeline.evaluate(AbstractPipeline.java:234)
	at java.base/java.util.stream.ReferencePipeline.findFirst(ReferencePipeline.java:647)
	at org.openqa.selenium.remote.ProtocolHandshake.createSession(ProtocolHandshake.java:122)
	at org.openqa.selenium.remote.ProtocolHandshake.createSession(ProtocolHandshake.java:75)
	at org.openqa.selenium.remote.ProtocolHandshake.createSession(ProtocolHandshake.java:61)
	at org.openqa.selenium.remote.HttpCommandExecutor.execute(HttpCommandExecutor.java:162)
	at org.openqa.selenium.remote.TracedCommandExecutor.execute(TracedCommandExecutor.java:53)
	at org.openqa.selenium.remote.RemoteWebDriver.execute(RemoteWebDriver.java:545)
	at org.openqa.selenium.remote.RemoteWebDriver.startSession(RemoteWebDriver.java:245)
	at org.openqa.selenium.remote.RemoteWebDriver.<init>(RemoteWebDriver.java:174)
	at org.openqa.selenium.remote.RemoteWebDriver.<init>(RemoteWebDriver.java:152)
	at com.eventhub.automation.drivers.DriverFactory.createBrowserStackChromeDriver(DriverFactory.java:90)
	at com.eventhub.automation.drivers.DriverFactory.createDriver(DriverFactory.java:41)
	at com.eventhub.automation.drivers.DriverManager.initializeDriver(DriverManager.java:14)
	at com.eventhub.automation.hooks.CucumberHooks.startBrowser(CucumberHooks.java:36)
	at java.base/jdk.internal.reflect.NativeMethodAccessorImpl.invoke0(Native Method)
	at java.base/jdk.internal.reflect.NativeMethodAccessorImpl.invoke(NativeMethodAccessorImpl.java:77)
	at java.base/jdk.internal.reflect.DelegatingMethodAccessorImpl.invoke(DelegatingMethodAccessorImpl.java:43)
	at java.base/java.lang.reflect.Method.invoke(Method.java:569)
	at io.cucumber.java.Invoker.doInvoke(Invoker.java:66)
	at io.cucumber.java.Invoker.invoke(Invoker.java:24)
	at io.cucumber.java.AbstractGlueDefinition.invokeMethod(AbstractGlueDefinition.java:47)
	at io.cucumber.java.JavaHookDefinition.execute(JavaHookDefinition.java:64)
	at io.cucumber.core.runner.CoreHookDefinition.execute(CoreHookDefinition.java:46)
	at io.cucumber.core.runner.HookDefinitionMatch.runStep(HookDefinitionMatch.java:21)
	at io.cucumber.core.runner.ExecutionMode$1.execute(ExecutionMode.java:10)
	at io.cucumber.core.runner.TestStep.executeStep(TestStep.java:81)
	at io.cucumber.core.runner.TestStep.run(TestStep.java:53)
	at io.cucumber.core.runner.TestCase.run(TestCase.java:78)
	at io.cucumber.core.runner.Runner.runPickle(Runner.java:75)
	at io.cucumber.testng.TestNGCucumberRunner.lambda$runScenario$1(TestNGCucumberRunner.java:132)
	at io.cucumber.core.runtime.CucumberExecutionContext.lambda$runTestCase$5(CucumberExecutionContext.java:136)
	at io.cucumber.core.runtime.RethrowingThrowableCollector.executeAndThrow(RethrowingThrowableCollector.java:23)
	at io.cucumber.core.runtime.CucumberExecutionContext.runTestCase(CucumberExecutionContext.java:136)
	at io.cucumber.testng.TestNGCucumberRunner.runScenario(TestNGCucumberRunner.java:129)
	at io.cucumber.testng.AbstractTestNGCucumberTests.runScenario(AbstractTestNGCucumberTests.java:35)
	at com.eventhub.automation.runners.ParallelCucumberTestRunner.runScenario(ParallelCucumberTestRunner.java:35)
	at java.base/jdk.internal.reflect.NativeMethodAccessorImpl.invoke0(Native Method)
	at java.base/jdk.internal.reflect.NativeMethodAccessorImpl.invoke(NativeMethodAccessorImpl.java:77)
	at java.base/jdk.internal.reflect.DelegatingMethodAccessorImpl.invoke(DelegatingMethodAccessorImpl.java:43)
	at java.base/java.lang.reflect.Method.invoke(Method.java:569)
	at org.testng.internal.invokers.MethodInvocationHelper.invokeMethod(MethodInvocationHelper.java:141)
	at org.testng.internal.invokers.TestInvoker.invokeMethod(TestInvoker.java:686)
	at org.testng.internal.invokers.TestInvoker.invokeTestMethod(TestInvoker.java:230)
	at org.testng.internal.invokers.TestMethodWithDataProviderMethodWorker.call(TestMethodWithDataProviderMethodWorker.java:81)
	at org.testng.internal.thread.Async$AsyncTask.run(Async.java:34)
	at java.base/java.util.concurrent.ThreadPoolExecutor.runWorker(ThreadPoolExecutor.java:1136)
	at java.base/java.util.concurrent.ThreadPoolExecutor$Worker.run(ThreadPoolExecutor.java:635)
	at java.base/java.lang.Thread.run(Thread.java:840)

[ERROR] com.eventhub.automation.runners.ParallelCucumberTestRunner.runScenario["User can open a bookable event detail page from Book Now", "Event discovery"](14) -- Time elapsed: 1.689 s <<< FAILURE!
org.openqa.selenium.SessionNotCreatedException: 
Could not start a new session. Possible causes are invalid address of the remote server or browser start-up failure. 
Host info: host: 'runnervmvrwv9', ip: '10.1.0.223'
	at org.openqa.selenium.remote.RemoteWebDriver.execute(RemoteWebDriver.java:563)
	at org.openqa.selenium.remote.RemoteWebDriver.startSession(RemoteWebDriver.java:245)
	at org.openqa.selenium.remote.RemoteWebDriver.<init>(RemoteWebDriver.java:174)
	at org.openqa.selenium.remote.RemoteWebDriver.<init>(RemoteWebDriver.java:152)
	at com.eventhub.automation.drivers.DriverFactory.createBrowserStackChromeDriver(DriverFactory.java:90)
	at com.eventhub.automation.drivers.DriverFactory.createDriver(DriverFactory.java:41)
	at com.eventhub.automation.drivers.DriverManager.initializeDriver(DriverManager.java:14)
	at com.eventhub.automation.hooks.CucumberHooks.startBrowser(CucumberHooks.java:36)
Caused by: org.openqa.selenium.WebDriverException: selenium jar version is either invalid, wrongly formatted, or not supported. Please refer to http://bit.ly/automate-capabilities
Build info: version: '4.23.1', revision: '656257d8e9'
System info: os.name: 'Linux', os.arch: 'amd64', os.version: '6.17.0-1020-azure', java.version: '17.0.19'
Driver info: driver.version: RemoteWebDriver
remote stacktrace: 
	at java.base/jdk.internal.reflect.NativeConstructorAccessorImpl.newInstance0(Native Method)
	at java.base/jdk.internal.reflect.NativeConstructorAccessorImpl.newInstance(NativeConstructorAccessorImpl.java:77)
	at java.base/jdk.internal.reflect.DelegatingConstructorAccessorImpl.newInstance(DelegatingConstructorAccessorImpl.java:45)
	at java.base/java.lang.reflect.Constructor.newInstanceWithCaller(Constructor.java:500)
	at java.base/java.lang.reflect.Constructor.newInstance(Constructor.java:481)
	at org.openqa.selenium.remote.W3CHandshakeResponse.lambda$errorHandler$0(W3CHandshakeResponse.java:59)
	at org.openqa.selenium.remote.HandshakeResponse.lambda$getResponseFunction$0(HandshakeResponse.java:31)
	at org.openqa.selenium.remote.ProtocolHandshake.lambda$createSession$0(ProtocolHandshake.java:120)
	at java.base/java.util.stream.ReferencePipeline$3$1.accept(ReferencePipeline.java:197)
	at java.base/java.util.stream.Streams$StreamBuilderImpl.tryAdvance(Streams.java:397)
	at java.base/java.util.stream.ReferencePipeline.forEachWithCancel(ReferencePipeline.java:129)
	at java.base/java.util.stream.AbstractPipeline.copyIntoWithCancel(AbstractPipeline.java:527)
	at java.base/java.util.stream.AbstractPipeline.copyInto(AbstractPipeline.java:513)
	at java.base/java.util.stream.AbstractPipeline.wrapAndCopyInto(AbstractPipeline.java:499)
	at java.base/java.util.stream.FindOps$FindOp.evaluateSequential(FindOps.java:150)
	at java.base/java.util.stream.AbstractPipeline.evaluate(AbstractPipeline.java:234)
	at java.base/java.util.stream.ReferencePipeline.findFirst(ReferencePipeline.java:647)
	at org.openqa.selenium.remote.ProtocolHandshake.createSession(ProtocolHandshake.java:122)
	at org.openqa.selenium.remote.ProtocolHandshake.createSession(ProtocolHandshake.java:75)
	at org.openqa.selenium.remote.ProtocolHandshake.createSession(ProtocolHandshake.java:61)
	at org.openqa.selenium.remote.HttpCommandExecutor.execute(HttpCommandExecutor.java:162)
	at org.openqa.selenium.remote.TracedCommandExecutor.execute(TracedCommandExecutor.java:53)
	at org.openqa.selenium.remote.RemoteWebDriver.execute(RemoteWebDriver.java:545)
	at org.openqa.selenium.remote.RemoteWebDriver.startSession(RemoteWebDriver.java:245)
	at org.openqa.selenium.remote.RemoteWebDriver.<init>(RemoteWebDriver.java:174)
	at org.openqa.selenium.remote.RemoteWebDriver.<init>(RemoteWebDriver.java:152)
	at com.eventhub.automation.drivers.DriverFactory.createBrowserStackChromeDriver(DriverFactory.java:90)
	at com.eventhub.automation.drivers.DriverFactory.createDriver(DriverFactory.java:41)
	at com.eventhub.automation.drivers.DriverManager.initializeDriver(DriverManager.java:14)
	at com.eventhub.automation.hooks.CucumberHooks.startBrowser(CucumberHooks.java:36)
	at java.base/jdk.internal.reflect.NativeMethodAccessorImpl.invoke0(Native Method)
	at java.base/jdk.internal.reflect.NativeMethodAccessorImpl.invoke(NativeMethodAccessorImpl.java:77)
	at java.base/jdk.internal.reflect.DelegatingMethodAccessorImpl.invoke(DelegatingMethodAccessorImpl.java:43)
	at java.base/java.lang.reflect.Method.invoke(Method.java:569)
	at io.cucumber.java.Invoker.doInvoke(Invoker.java:66)
	at io.cucumber.java.Invoker.invoke(Invoker.java:24)
	at io.cucumber.java.AbstractGlueDefinition.invokeMethod(AbstractGlueDefinition.java:47)
	at io.cucumber.java.JavaHookDefinition.execute(JavaHookDefinition.java:64)
	at io.cucumber.core.runner.CoreHookDefinition.execute(CoreHookDefinition.java:46)
	at io.cucumber.core.runner.HookDefinitionMatch.runStep(HookDefinitionMatch.java:21)
	at io.cucumber.core.runner.ExecutionMode$1.execute(ExecutionMode.java:10)
	at io.cucumber.core.runner.TestStep.executeStep(TestStep.java:81)
	at io.cucumber.core.runner.TestStep.run(TestStep.java:53)
	at io.cucumber.core.runner.TestCase.run(TestCase.java:78)
	at io.cucumber.core.runner.Runner.runPickle(Runner.java:75)
	at io.cucumber.testng.TestNGCucumberRunner.lambda$runScenario$1(TestNGCucumberRunner.java:132)
	at io.cucumber.core.runtime.CucumberExecutionContext.lambda$runTestCase$5(CucumberExecutionContext.java:136)
	at io.cucumber.core.runtime.RethrowingThrowableCollector.executeAndThrow(RethrowingThrowableCollector.java:23)
	at io.cucumber.core.runtime.CucumberExecutionContext.runTestCase(CucumberExecutionContext.java:136)
	at io.cucumber.testng.TestNGCucumberRunner.runScenario(TestNGCucumberRunner.java:129)
	at io.cucumber.testng.AbstractTestNGCucumberTests.runScenario(AbstractTestNGCucumberTests.java:35)
	at com.eventhub.automation.runners.ParallelCucumberTestRunner.runScenario(ParallelCucumberTestRunner.java:35)
	at java.base/jdk.internal.reflect.NativeMethodAccessorImpl.invoke0(Native Method)
	at java.base/jdk.internal.reflect.NativeMethodAccessorImpl.invoke(NativeMethodAccessorImpl.java:77)
	at java.base/jdk.internal.reflect.DelegatingMethodAccessorImpl.invoke(DelegatingMethodAccessorImpl.java:43)
	at java.base/java.lang.reflect.Method.invoke(Method.java:569)
	at org.testng.internal.invokers.MethodInvocationHelper.invokeMethod(MethodInvocationHelper.java:141)
	at org.testng.internal.invokers.TestInvoker.invokeMethod(TestInvoker.java:686)
	at org.testng.internal.invokers.TestInvoker.invokeTestMethod(TestInvoker.java:230)
	at org.testng.internal.invokers.TestMethodWithDataProviderMethodWorker.call(TestMethodWithDataProviderMethodWorker.java:81)
	at org.testng.internal.thread.Async$AsyncTask.run(Async.java:34)
	at java.base/java.util.concurrent.ThreadPoolExecutor.runWorker(ThreadPoolExecutor.java:1136)
	at java.base/java.util.concurrent.ThreadPoolExecutor$Worker.run(ThreadPoolExecutor.java:635)
	at java.base/java.lang.Thread.run(Thread.java:840)

[INFO] 
[INFO] Results:
[INFO] 
[ERROR] Failures: 
[ERROR]   ParallelCucumberTestRunner.runScenario » SessionNotCreated Could not start a new session. Possible causes are invalid address of the remote server or browser start-up failure. 
Host info: host: 'runnervmvrwv9', ip: '10.1.0.223'
[ERROR]   ParallelCucumberTestRunner.runScenario » SessionNotCreated Could not start a new session. Possible causes are invalid address of the remote server or browser start-up failure. 
Host info: host: 'runnervmvrwv9', ip: '10.1.0.223'
[ERROR]   ParallelCucumberTestRunner.runScenario » SessionNotCreated Could not start a new session. Possible causes are invalid address of the remote server or browser start-up failure. 
Host info: host: 'runnervmvrwv9', ip: '10.1.0.223'
[ERROR]   ParallelCucumberTestRunner.runScenario » SessionNotCreated Could not start a new session. Possible causes are invalid address of the remote server or browser start-up failure. 
Host info: host: 'runnervmvrwv9', ip: '10.1.0.223'
[ERROR]   ParallelCucumberTestRunner.runScenario » SessionNotCreated Could not start a new session. Possible causes are invalid address of the remote server or browser start-up failure. 
Host info: host: 'runnervmvrwv9', ip: '10.1.0.223'
[ERROR]   ParallelCucumberTestRunner.runScenario » SessionNotCreated Could not start a new session. Possible causes are invalid address of the remote server or browser start-up failure. 
Host info: host: 'runnervmvrwv9', ip: '10.1.0.223'
[ERROR]   ParallelCucumberTestRunner.runScenario » SessionNotCreated Could not start a new session. Possible causes are invalid address of the remote server or browser start-up failure. 
Host info: host: 'runnervmvrwv9', ip: '10.1.0.223'
[ERROR]   ParallelCucumberTestRunner.runScenario » SessionNotCreated Could not start a new session. Possible causes are invalid address of the remote server or browser start-up failure. 
Host info: host: 'runnervmvrwv9', ip: '10.1.0.223'
[ERROR]   ParallelCucumberTestRunner.runScenario » SessionNotCreated Could not start a new session. Possible causes are invalid address of the remote server or browser start-up failure. 
Host info: host: 'runnervmvrwv9', ip: '10.1.0.223'
[ERROR]   ParallelCucumberTestRunner.runScenario » SessionNotCreated Could not start a new session. Possible causes are invalid address of the remote server or browser start-up failure. 
Host info: host: 'runnervmvrwv9', ip: '10.1.0.223'
[ERROR]   ParallelCucumberTestRunner.runScenario » SessionNotCreated Could not start a new session. Possible causes are invalid address of the remote server or browser start-up failure. 
Host info: host: 'runnervmvrwv9', ip: '10.1.0.223'
[ERROR]   ParallelCucumberTestRunner.runScenario » SessionNotCreated Could not start a new session. Possible causes are invalid address of the remote server or browser start-up failure. 
Host info: host: 'runnervmvrwv9', ip: '10.1.0.223'
[ERROR]   ParallelCucumberTestRunner.runScenario » SessionNotCreated Could not start a new session. Possible causes are invalid address of the remote server or browser start-up failure. 
Host info: host: 'runnervmvrwv9', ip: '10.1.0.223'
[ERROR]   ParallelCucumberTestRunner.runScenario » SessionNotCreated Could not start a new session. Possible causes are invalid address of the remote server or browser start-up failure. 
Host info: host: 'runnervmvrwv9', ip: '10.1.0.223'
[INFO] 
[ERROR] Tests run: 14, Failures: 14, Errors: 0, Skipped: 0
[INFO] 
[INFO] ------------------------------------------------------------------------
[INFO] BUILD FAILURE
[INFO] ------------------------------------------------------------------------
[INFO] Total time:  28.742 s
[INFO] Finished at: 2026-08-03T11:37:31Z
[INFO] ------------------------------------------------------------------------
[ERROR] Failed to execute goal org.apache.maven.plugins:maven-surefire-plugin:3.3.1:test (default-test) on project eventhub-selenium-bdd: There are test failures.
[ERROR] 
[ERROR] Please refer to /home/runner/work/EventHub-Selenium-BDD/EventHub-Selenium-BDD/target/surefire-reports for the individual test results.
[ERROR] Please refer to dump files (if any exist) [date].dump, [date]-jvmRun[N].dump and [date].dumpstream.
[ERROR] -> [Help 1]
[ERROR] 
[ERROR] To see the full stack trace of the errors, re-run Maven with the -e switch.
[ERROR] Re-run Maven using the -X switch to enable full debug logging.
[ERROR] 
[ERROR] For more information about the errors and possible solutions, please read the following articles:
[ERROR] [Help 1] http://cwiki.apache.org/confluence/display/MAVEN/MojoFailureException
